料號	品名
0 002 335 601	火星塞
0 092 S67 119	電瓶-92AH/850A-AGM
0 124 655 499	發電機-110A/28V
0 130 304 214	風扇馬達-冷氣
0 242 145 524	火星塞-VR5NE
0 280 150 962	噴油嘴
0 280 160 562	油壓調節器
0 986 A02 329	電瓶-60AH
0 986 A02 331	電瓶-62AH/480A
0 986 A02 333	電瓶-75AH
0 986 A02 334	電瓶-74AH
0 986 A02 336	電瓶-85AH
0 986 A02 340	電瓶-110AH
000 043 110 16	調整器-凸輪軸
000 043 207 29	變速箱油-自排
000 915 105AD	電瓶  61AH/330A
000 915 105AF	電瓶
000 915 105AG	電瓶-80AH/380A
000 915 105AH	電瓶-95AH-免加水
000 915 105AK	免加水電瓶  110AH  A8
000 915 105CE  ZZ	電瓶-92AH/520A-AGM-瑕疵
000 915 105DM	電瓶-115AH/600A
000 915 105DN	電瓶-36AH/175A
000 915 105EB	電瓶-59AH/320A-EFB
000 915 105EC	電瓶-69AH/360A
000 979 019E	端子
000 979 131	端子
000 979 131A	端子
001 321 243 /	油封-自動油泵
001 398 000 *	變速箱修理包-大
001 409 061	冷卻器-ATF
001 409 069A	O型環-冷卻器
001 409 399 +	油封-差速器
001 911 023	起動馬達
001 911 023 /	起動馬達
001 927 321 /	速度感知器-變速箱
003 321 261	活塞環-變速箱泵
003 519 089N	油封
003 911 023E Z	起動馬達
010 321 371B *	油底殼墊片-變速箱
010 321 371B -	油底殼墊片-變速箱
010 398 000A *	變速箱修理包-大
010 398 007B -	變速箱修理包
012 141 165E *	釋放軸承-離合器
012 301 127F	螺絲-變速箱
012 311 113B /	油封
012 409 191C	路碼錶感知器
012 409 191D /	路碼錶感知器
012 409 191G	路碼錶感知器
012 911 023G *	起動馬達
014 409 193A	路碼錶齒輪座
016 311 113B	油封
016 311 113B *	油封
016 311 113C	油封
016 409 399B *	油封-差速器
016 409 399B /	油封-差速器
016 409 399B ~	油封-差速器
01E 141 165B	釋放軸承-離合器
01F 321 243 *	油封-自動油泵
01F 325 433 *	變速箱濾網
01F 325 443 -	濾網墊片
01J 301 212H  XX	變速箱後蓋-中古
01J 301 475A	變速箱外殼墊片
01J 311 429K	軸承-變速箱
01J 331 133G	軸承-變速箱
01J 398 139	離合器組
01J 398 445	軸承
01M 325 039DX >	電磁閥體-變速箱舊品繳回件
01M 325 429  /	變速箱濾網
01M 325 429 *	變速箱濾網
01M 325 429S	變速箱濾網/帶墊圈
01M 325 429S .	變速箱濾網/帶墊圈
01M 398 000A	變速箱修理包-中
01M 409 067C	冷卻器螺絲
01M 927 321B /	速度感知器-變速箱
01M 927 365 /	線路板-電磁閥體
01M 927 733BQ	變速箱電腦
01M 927 733F	變速箱電腦
01N 321 359 .	油底殼-變速箱
01N 321 370 +	油底殼墊片-變速箱
01N 321 371 +	油底殼墊片-變速箱
01N 398 000	變速箱修理包-大
01N 398 000A *	變速箱修理包-中
01N 927 733BL	變速箱電腦
01P 398 000	變速箱修理包-大
01P 927 733	變速箱電腦
01V 321 359	油底殼-變速箱
01V 321 359B #	油底殼-變速箱
01V 321 359B .	油底殼-變速箱
01V 321 371 *	油底殼墊片-變速箱
01V 321 371 /	油底殼墊片-變速箱
01V 321 373	固定螺絲-變速箱油底殼
01V 325 429 *	變速箱濾網
01V 325 429 .	變速箱濾網-正
01V 409 399 *	油封-差速器
01V 919 821	多功能開關
01V 919 821A	多功能開關
01V 927 321 *	速度感知器-變速箱
020 141 073A *	變速箱側外蓋
020 141 709B	離合器撥桿
020 301 227C	油封-排擋拉桿
020 301 227D	油封-排擋拉桿
020 301 227D -	油封-排擋拉桿
020 301 241H	排擋撥叉螺絲
020 311 108A /	油封-推桿內
020 311 206	軸承-輸出軸
020 311 206 *	軸承-輸出軸
020 311 295A	同步齒輪-2/3擋銅齒
020 409 289B /	油封-內半軸小
020 498 085G +	油封-差速器
020 911 023AV	起動馬達
020 911 023F -	起動馬達
020 911 023F /	起動馬達
020 911 023F ~	起動馬達
020 911 023N *	起動馬達
020 911 023N -	起動馬達
020 911 023N /	起動馬達
020 911 023NV	起動馬達
020 941 521A *	倒車燈開關
020 945 415A ~	倒車燈開關
021 101 417A -	汽門導管-排汽
021 103 383N /	汽缸床
021 103 483B -	汽門蓋墊片
021 103 609B -	油底殼墊片-引擎
021 103 609B /	油底殼墊片-引擎
021 109 465	正時鍊條-曲軸
021 109 465B	正時鍊條-曲軸
021 109 503D	正時鍊條-凸輪軸
021 109 507B -	正時鍊條壓板調整螺絲
021 109 509C	正時鍊條壓板-調整-凸輪軸
021 109 509E -	正時鍊條壓板-調整-凸輪軸
021 109 570A	正時齒輪
021 109 601H /	汽門-進
021 115 103	機油泵
021 115 103C	機油泵
021 115 433B	機油芯蓋
021 115 434	機油芯螺絲
021 115 562 -	機油芯
021 115 562 /	機油芯
021 115 562A .	機油芯
021 115 562A /	機油芯
021 117 070	O型環-機油冷卻器
021 117 070A	O型環-機油冷卻器
021 121 004X	水泵
021 121 031A	皮帶盤-水泵
021 121 117A +	水管接頭
021 121 117A -	水管接頭
021 121 117B	水管接頭
021 121 121A -	節溫器蓋
021 121 121D	節溫器蓋
021 121 133D -	水管接頭
021 129 620 *	空氣芯
021 129 620 +	空氣芯
021 133 064	節流閥總成
021 133 064A /	節流閥總成
021 133 227H -	進氣管墊片
021 145 299A ZZ	皮帶張力減震器/缺惰輪
021 145 299B	皮帶張力減震器
021 145 299C *	皮帶張力減震器
021 198 011A -	引擎下修包
021 198 011A /	引擎下修包
021 198 012A -	引擎上修包
021 198 012A /	引擎上修包
021 198 032 -	壓板總成
021 198 155	活塞環
021 198 491A *	大波司組
021 253 039C /	排氣管墊片
021 253 050 /	排氣管墊片
021 903 025B *	發電機
021 903 025C	發電機
021 903 025C /	發電機-150A
021 903 803B -	發電機碳刷
021 905 106 +	發火線圈
021 905 106 -	發火線圈
021 905 106 -ZZ	發火線圈-瑕疵
021 905 265AN *	含氧感知器-前
021 905 377 -	爆震感知器
021 905 377C -	爆震感知器
021 906 031A *	噴油嘴
021 906 262B *	含氧感知器
021 906 265A *	含氧感知器
021 906 265AN	含氧感知器-前
021 906 265M	含氧感知器
021 906 265R -	含氧感知器
021 906 433A *	曲軸感知器
021 906 433A -	曲軸感知器
021 906 433A /	曲軸感知器
021 906 462 *	空氣流量計
021 906 462A *	空氣流量計
021 906 462AX	空氣流量計
021 998 031 /	高壓線組
022 103 151	油封座蓋板-曲軸前
022 103 151D /	油封座蓋板-曲軸前
022 103 153	油封座蓋板-曲軸前
022 103 383F /	汽缸床
022 103 483E /	汽門蓋墊片
022 103 601L	油底殼-引擎
022 105 266AB	飛輪
022 109 088L	凸輪軸鍊條調整器-排
022 109 423	油壓頂筒
022 109 423A -	油壓頂筒
022 109 423D -	油壓頂筒
022 109 611L	汽門-排
022 109 611M	汽門-排
022 121 011A	水泵
022 121 011X	水泵
022 129 684 ZZ	進氣管-瑕疵
022 133 237A +	進汽歧管墊片
022 141 015R -	壓板總成
022 141 015RX	壓板總成
022 145 276C	惰輪-綜合皮帶
022 145 276F -	惰輪-綜合皮帶
022 145 299	皮帶張力減震器
022 145 299E *	皮帶張力減震器/惰輪
022 145 933G	皮帶-綜合
022 145 933T	皮帶-綜合
022 198 012 /	引擎上修包
022 198 171	曲軸油封-後
022 903 119C *	發電機皮帶盤
022 903 119C -	發電機皮帶盤
022 905 100A	發火線圈
022 905 100E	發火線圈
022 905 100N	發火線圈
022 905 100P	發火線圈
022 905 100S	發火線圈
022 905 377 -	爆震感知器
022 905 715	發火線圈
022 905 715A	發火線圈
022 905 715B	發火線圈
022 905 715B +	發火線圈
022 906 262AF	含氧感知器-後-左
022 906 262BB	含氧感知器-前
022 906 262BQ *	含氧感知器-後/R
022 906 262BR -	含氧感知器-後-右
022 906 262L	含氧感知器-後
022 906 262S *	含氧感知器
022 957 147 *	曲軸感知器
022 957 147A /	曲軸感知器
023 103 383B -	汽缸床
023 103 383B /	汽缸床
023 107 065A /5	活塞組
023 109 243 -	正時惰輪
023 121 004 -	水泵
023 198 012 -	引擎上修包
023 198 012 /	引擎上修包
023 198 031K	壓板總成
023 253 115A -	排氣管墊片
023 253 115A /	排氣管墊片
023 903 137A -	皮帶-方向泵
023 905 205B *	分電盤總成
023 905 205E *	分電盤總成
023 905 205E /	分電盤總成
023 905 205EX *	分電盤總成
023 905 237AX	分電盤總成
023 905 237BX	分電盤總成
023 905 237X	分電盤總成
023 906 265C	含氧感知器
023 906 461 -	空氣流量計
023 906 461 /	空氣流量計
023 906 461X	空氣流量計
025 101 143 *	汽缸蓋螺絲-長
025 101 143A *	汽缸蓋螺絲-中
025 101 143B *	汽缸蓋螺絲-短
025 101 355C -	汽缸蓋
025 109 601C -	汽門-進
025 109 601C /	汽門-進
025 109 612A -	汽門-排
025 109 612A /	汽門-排
025 121 010A *	水泵總成
025 121 010AX	水泵總成
025 121 010BX	水泵總成
025 121 010CX	水泵總成
025 121 010CX +	水泵總成
025 121 010D	水泵總成
025 121 010D *	水泵總成
025 121 010F *	水泵總成
025 121 010F +	水泵總成
025 121 010F /	水泵總成
025 121 058D *	水管-機油冷卻器
025 121 058G *	水管-機油冷卻器
025 121 058M +	水管-左汽缸蓋
025 121 113F *	節溫器
025 121 113F -	節溫器
025 121 113F /	節溫器
025 121 142	卡環-溫度開關
025 121 321B /	水箱蓋-後副水筒
025 121 403B +	副水筒-後
025 127 025A	汽油泵-化油器
025 129 620A *	空氣芯
025 131 701A	觸煤轉換器
025 131 701AX *	觸煤轉換器
025 198 000	引擎大修件-缸套+活塞
025 198 000 *1	引擎大修件
025 198 009B -	引擎大修包
025 198 009B /	引擎大修包
025 198 031D	壓板總成
025 198 031D -	壓板總成
025 198 075C *	引擎大修件-缸套+活塞
025 198 075C * 4	引擎大修件-缸套+活塞
025 198 151A -	活塞環
025 198 151AS +	活塞環組
025 251 053M -	消音器-尾段
025 251 185C /	排氣管-尾段
025 260 849B -	皮帶-冷氣
025 903 137G *	皮帶-發電機
025 903 137G -	皮帶-發電機
025 905 205AG *	分電盤總成
025 906 022DX	引擎電腦
025 906 041A -	水溫開關-引擎電腦
025 906 041A /	水溫開關-引擎電腦
025 906 041A ~	水溫開關-引擎電腦
025 906 265B /	含氧感知器
025 906 301C *	空氣流量計
025 998 031 /	高壓線組
026 103 085D /	油封-三軸-正
026 103 085F	油封-三軸
026 103 085F -	油封-三軸
026 103 181B -	墊片-後曲軸蓋板
026 103 383P #	汽缸床
026 103 383P -	汽缸床
026 103 383P /	汽缸床
026 103 485A	機油蓋
026 105 101R	曲軸
026 107 065R	活塞
026 107 065R *	活塞-加大0.5
026 107 081R -4	活塞組-加大0.5
026 109 119B	正時皮帶
026 109 119C	正時皮帶
026 109 175B *	時規護蓋-下
026 109 175B /	時規護蓋-下
026 109 243	正時惰輪-小孔
026 109 243E .	正時惰輪
026 109 243L *	正時惰輪
026 115 561 3 /	機油芯
026 121 005F	水泵
026 121 005F +	水泵
026 121 005F -	水泵
026 121 005F /	水泵
026 121 005H	水泵
026 121 005H *	水泵
026 121 005H +	水泵
026 121 005H -	水泵
026 121 005H /	水泵
026 121 005K *	水泵
026 121 005K |	水泵
026 121 005L	水泵
026 121 005N	水泵
026 121 010CX	水泵總成
026 121 041M	水泵墊片
026 121 041M -	水泵墊片
026 121 041P -	水泵墊片
026 121 053G *	水管-水泵>引擎
026 121 053G +	水管-水泵>引擎
026 121 063M *	水管-水泵>鐵管
026 121 063N *	水管-水泵>鐵管
026 121 144A	水管接頭-側
026 121 144A *	水管接頭-側
026 121 144B	水管接頭-側
026 121 144B *	水管接頭-側
026 129 717D	進氣管墊片
026 133 471 *	空氣流量板
026 133 482	差壓閥
026 145 155B	方向機泵
026 145 155BX	方向機泵
026 145 271 *	皮帶-方向機
026 145 271 -	皮帶-方向機
026 198 012S -	引擎上修包
026 198 025A *	汽門蓋墊片
026 198 025C -	汽門蓋墊片
026 198 025C /	汽門蓋墊片
026 198 032RX	壓板總成
026 198 421 -	波司邊組
026 260 849A *	皮帶-冷氣
026 260 849A -	皮帶-冷氣
026 905 205AC	分電盤總成
026 905 205AC -	分電盤總成
026 905 205AH	分電盤總成
026 905 205AK	分電盤總成
026 905 207A -	分電盤蓋
026 905 207A /	分電盤蓋
026 905 225K *	分火頭
026 906 161 *	水溫開關-冷車
026 906 161 12	水溫開關-冷車
026 906 247 *	怠速馬達
026 906 283H	電磁閥-暖氣切換
026 911 023 *	起動馬達
026 911 023E *	起動馬達
026 911 023X	起動馬達
026 998 031 --	高壓線組
027 103 771D	墊片-曲軸通風
027 109 119C #	正時皮帶
027 109 119C +	正時皮帶
027 109 601C *	汽門-進
027 109 611B /	汽門-排
027 109 675 -	汽門油封
027 109 675 /	汽門油封
027 115 105B +	機油泵
027 115 105C *	機油泵
027 115 105E +	機油泵
027 115 105E -	機油泵
027 121 065D *	鐵水管
027 121 133E -	上水管接頭
027 121 145B -	水管接頭-側
027 121 447A	水管-鐵管>惻水管接頭
027 121 447A *	水管-鐵管>惻水管接頭
027 129 243	暖車閥
027 129 243 /	暖車閥
027 129 717E -	進氣管墊片
027 133 784C	通氣管接頭
027 133 843A *	空氣芯
027 141 025TX	壓板
027 141 033F	離合器片
027 141 033S *	離合器片
027 141 033S -	離合器片
027 141 033SX	離合器片
027 141 033T *	離合器片
027 145 157 -	方向機泵
027 145 157B	方向機泵
027 198 012K -	引擎上修包
027 198 012L -	引擎上修包
027 198 012L /	引擎上修包
027 198 025 -	汽門蓋墊片
027 198 026C -	壓板總成
027 198 033S	壓板總成
027 198 033S -	壓板總成
027 198 033T	壓板總成
027 198 033T -	壓板總成
027 903 137 *	皮帶-發電機
027 903 137 +	皮帶-發電機
027 903 137 -	皮帶-發電機
027 905 207 *	分電盤蓋
027 905 207A #	分電盤蓋
027 905 207A *	分電盤蓋
027 911 023 *	起動馬達
027 911 023X *	起動馬達
028 103 171B #	油封座-曲軸後
028 103 171B -	油封座-曲軸後
028 103 171B /	油封座-曲軸後
028 103 536	墊圈
028 107 065  /5	活塞組
028 107 081 /5	活塞組-加大20
028 115 441C /	機油芯座墊片
028 117 021B	機油冷卻器
028 117 021B .	機油冷卻器
028 117 021D	機油冷卻器
028 117 021K	機油冷卻器
028 117 021L .	機油冷卻器
028 121 065E	鐵水管
028 129 589B -	排氣管墊片
028 129 589B /	排氣管墊片
028 129 646	空氣流量計墊圈
028 129 717D /	進氣管墊片
028 145 157D	方向機泵
028 145 157D *	方向機泵
028 145 157D -	方向機泵
028 145 157D /	方向機泵
028 145 157F	方向機泵
028 145 157F -	方向機泵
028 145 157FV	方向機泵
028 145 157FX	方向機泵
028 198 034N	壓板總成
028 198 034N -	壓板總成
028 198 034N /	壓板總成
028 903 018AV	發電機
028 903 018X	發電機
028 903 025R	發電機
028 903 025R -	發電機
028 903 026G	發電機
028 903 803D *	發電機碳刷
028 903 803D /	發電機碳刷
028 906 081 -	進氣溫度感知器
028 906 283N	電磁閥-暖氣切換
028 919 081D	機油壓力開關-藍
02A 141 165A	釋放軸承-離合器
02A 141 165G *	釋放軸承-離合器
02A 141 165G -	釋放軸承-離合器
02A 141 180	釋放軸承座
02A 141 180A *	釋放軸承座
02A 141 777	頂座-離合器撥叉
02A 301 189 /	油封-差速器
02A 301 215A	變速箱外蓋墊片-手排
02A 301 227L	油封-排擋拉桿
02A 301 227M +	油封-排擋拉桿
02A 311 531G	倒擋齒輪
02A 911 023E -	起動馬達
02A 911 023EV	起動馬達
02A 911 023H *	起動馬達
02A 911 023HX	起動馬達
02A 911 023L /	起動馬達
02A 911 023LX	起動馬達
02B 300 044R	變速箱總成-手排
02B 911 023F /	起動馬達
02B 911 023L /	起動馬達
02D 409 399 /	油封-差速器
02D 525 596B	油封-後差速器
02D 525 596B /	油封-後差速器
02D 525 596C	油封-後差速器
02E 300 042SX 00F  XX	變速箱總成-DSG-舊品
02E 300 043QX 016	變速箱總成-DSG
02E 305 047A	變速箱油芯外蓋
02E 305 051B	變速箱油芯
02E 315 141A	變速箱側蓋-油泵
02E 325 201C	變速箱閥體外蓋板
02E 325 201D ZZ	油底殼-變速箱-瑕疵
02E 398 029A	扭力轉換器修理包
02E 398 029A ZZ	離合器片組-受損
02E 398 051	變速箱油芯
02E 911 023H *	起動馬達
02E 911 023H /	起動馬達
02E 911 023JX	起動馬達
02E 911 023LX	起動馬達
02E 927 321A	速度感知器-變速箱
02E 927 321A *	速度感知器-變速箱
02G 409 335A *	傳動軸固定軸承-右內接桿
02J 141 719	離合器撥叉
02J 141 719B /	離合器撥叉
02J 311 241D	同步器齒輪-5擋
02J 409 189A	油封-差速器
02J 409 528A	油封-差速器
02K 945 415G	倒車燈開關
02M 141 671B	離合器分泵/軸承
02M 301 189B	油封-差速器
02M 301 189B +	油封-差速器
02M 301 189B /	油封-差速器
02M 311 113	油封-變速箱輸入軸
02M 911 023G *	起動馬達
02M 911 023G /	起動馬達
02M 911 023M -	起動馬達
02M 911 023QX	起動馬達
02Q 409 189	油封-差速器
02T 141 153B	釋放軸承/撥叉組
02T 141 170C	釋放軸承組
02T 311 251AA	齒輪-1擋
02T 409 189C	油封-差速器
02T 945 415	倒車燈開關
02Z 311 235A	滾珠軸承  30*71*21
02Z 911 023N *	起動馬達
02Z 911 023NX	起動馬達
030 103 171F	油封座-曲軸後
030 103 171H *	油封座-曲軸後
030 103 171K *	油封座-曲軸後
030 103 175B /	單向閥
030 103 383K -	汽缸床
030 103 483K	汽門蓋墊片
030 103 483K -	汽門蓋墊片
030 103 483K /	汽門蓋墊片
030 103 485M	機油蓋
030 103 493F	廢氣循環管
030 109 119A	正時皮帶
030 109 119M *	正時皮帶
030 109 243J	正時惰輪
030 109 243K *	正時惰輪
030 109 423S *	汽門頂筒+搖臂
030 115 561AB	機油芯
030 115 561AB *	機油芯
030 115 561AB +	機油芯
030 115 561AB .	機油芯
030 115 561AN /	機油芯
030 115 561E *	機油芯
030 121 005N	水泵
030 121 005N +	水泵
030 121 005N -	水泵
030 121 005N /	水泵
030 121 008D /	水泵
030 121 008DX	水泵
030 121 117D	水管接頭
030 121 119	節溫器墊圈
030 127 025	汽油泵-化油器
030 133 064D *	節流閥總成
030 133 064D /	節流閥總成
030 141 025F -	壓板
030 145 278 -	惰輪-綜合皮帶
030 145 299C	皮帶張力減震器
030 145 299C -	皮帶張力減震器
030 145 299C /	皮帶張力減震器
030 145 299F  SIN	惰輪-外皮帶
030 145 299F #	皮帶張力減震器/惰輪
030 145 299F -	皮帶張力減震器
030 145 299F ~	皮帶張力減震器
030 198 012A -	引擎上修包
030 198 717 /	進氣管墊片
030 903 023J	發電機
030 903 023J *	發電機-90A
030 905 205AB X	分電盤總成
030 905 207A /	分電盤蓋
030 905 237GX	分電盤總成
030 905 377 *	爆震感知器
030 905 377C	爆震感知器
030 906 051A *	進氣壓力感知器
030 906 265	含氧感知器
030 906 265 *	含氧感知器
030 906 265 -	含氧感知器
030 906 265AA *	含氧感知器
030 906 265AA -	含氧感知器
030 906 265AE	含氧感知器
030 906 265AN -	含氧感知器
030 906 265AP	含氧感知器
030 906 265AP *	含氧感知器
030 906 265BH -	含氧感知器
030 906 265G	含氧感知器
030 906 265G -	含氧感知器
030 906 265K *	含氧感知器
030 907 601E /	霍耳感知器
030 919 081B	機油壓力開關-綠
030 919 081C *	機油壓力開關-綠
030 957 147B *	曲軸感知器
030 957 147H	曲軸感知器
030 957 147T /	曲軸感知器
032 103 601RA	油底殼-引擎
032 105 705H -8	小波司組-加大0.5/20
032 109 119 #	正時皮帶
032 109 119G -	正時皮帶
032 109 601E -	汽門-進
032 109 601E /	汽門-進
032 109 611G -	汽門-排
032 121 065B	水管-泵>接頭-朔鋼
032 121 065D +	水管-泵>接頭-朔鋼
032 121 065E	水管-泵>接頭-朔鋼
032 121 110B -	節溫器
032 121 111AF	節溫器座總成
032 121 111AP +	節溫器座總成
032 121 111BG	節溫器座總成
032 121 111N +	節溫器座總成
032 121 119B	節溫器墊圈
032 121 119J /	節溫器墊圈
032 121 121B	節溫器蓋
032 121 121J -	節溫器蓋
032 121 665A	O型環
032 129 620 *	空氣芯
032 129 620 /	空氣芯
032 145 157A	方向機泵
032 145 167B	方向機泵固定架
032 145 933S	皮帶-綜合
032 145 933S -	皮帶-綜合
032 145 933S /	皮帶-綜合
032 198 012B /	引擎上修包
032 198 032A	壓板總成
032 198 032A -	壓板總成
032 198 119 +	正時皮帶組-含惰輪
032 198 119 -	正時皮帶組-含惰輪
032 198 141  X-	壓板總成
032 198 141 *	壓板總成
032 905 106 B	發火線圈
032 905 106B	發火線圈
032 905 106B *	發火線圈
032 905 106B -	發火線圈
032 905 106B .	發火線圈
032 905 106B /	發火線圈
032 905 106B ~	發火線圈
032 905 106BZ	發火線圈
032 905 106E /	發火線圈
032 906 265 *	含氧感知器
032 906 265 -	含氧感知器
032 906 265D	含氧感知器
032 906 265D *	含氧感知器
032 906 265F *	含氧感知器
032 906 433	曲軸感知器
0330402	活塞組-加大20
034 105 701 /10	小波司組
034 105 701 /8	小波司組
034 109 119 -	正時皮帶
034 115 561A	機油芯
034 117 127 -	水管-ATF鐵管>冷卻器
034 121 004A -	水泵
034 121 063C *	水管-水泵>鐵管
034 121 137	接管
034 129 101A	壓力閥
034 129 717F -	進氣管墊片
034 133 455	怠速閥
034 133 455B *	怠速閥
034 133 481E	分油盤
034 133 482 *	差壓閥
034 133 517	碳罐電磁閥
034 145 159L	方向機泵
034 145 710A	通氣閥-渦輪增壓
034 198 012L *	引擎上修包
034 198 012L /	引擎上修包
034 198 025C	汽門蓋墊片
034 198 025C /	汽門蓋墊片
034 198 032H -	壓板總成
034 198 491A -	大波司組
034 198 701 -	小波司組
034 260 805D	壓縮機總成
034 260 805D *	壓縮機總成
034 260 849 *	皮帶-冷氣
034 260 849 -	皮帶-冷氣
034 903 016H *	發電機
034 903 137A *	皮帶-發電機
034 905 205H	分電盤總成
034 905 205H -	分電盤總成
034 905 205HX *	分電盤總成
034 905 207B *	分電盤蓋
034 906 161 *	水溫開關-引擎電腦
034 906 163	水溫開關-冷車
034 906 163 *	水溫開關-冷車
034 906 265C	含氧感知器
034 906 265C *	含氧感知器
034 906 265C -	含氧感知器
034 906 265C /	含氧感知器
034 906 265F	含氧感知器
034 906 265F -	含氧感知器
034 911 023  /	起動馬達
034 911 023 -	起動馬達
034 911 023X *	起動馬達
034 919 369C -	水溫開關-溫度錶
034 919 369C .	水溫感知器-溫度錶
034 998 031 -	高壓線組
035 109 601K -	汽門-進
035 121 004A *	水泵
035 121 004A /	水泵
035 121 043 -	水泵墊片
035 121 447E *	水管-水管座>ATF鐵管
035 133 455F	怠速閥
035 133 989A	進氣管接頭
035 145 271F -	皮帶-方向機
035 906 149A	噴油嘴O型環-上下
035 919 369M *	水溫開關
035 919 369M -	水溫開關
035 919 561 *	機油壓力開關
035 919 561 -	機油壓力開關
035 919 561 /	機油壓力開關
036 103 085A /	油封-凸輪軸
036 103 111	側蓋-汽門室蓋
036 103 171B /	油封座-曲軸後
036 103 383AL *	汽缸床
036 103 383AL -	汽缸床
036 103 383AL /	汽缸床
036 103 383AM	汽缸床
036 103 383AN /	汽缸床
036 103 383Q	汽缸床
036 103 383Q *	汽缸床
036 103 464AH XX	廢氣循環筒
036 103 474L	廢氣循環管
036 103 493BN	廢氣循環管
036 103 493N	廢氣循環管
036 107 065AT -4	活塞組
036 109 111F	正時齒輪
036 109 119M	正時皮帶
036 109 119P /	正時皮帶-凸輪軸
036 109 119Q	正時皮帶
036 109 121H	正時皮帶護蓋-上
036 109 127H	正時皮帶護蓋-下
036 109 181A	正時惰輪調整器
036 109 181A -	正時惰輪調整器
036 109 181A /	正時惰輪調整器
036 109 243AB	正時惰輪-調整
036 109 243AB *	正時惰輪-調整
036 109 243AD	正時惰輪-調整
036 109 243AE	正時惰輪-凸輪軸皮帶
036 109 243AE *	正時惰輪-凸輪軸皮帶
036 109 243E	正時惰輪-調整
036 109 243F	正時惰輪-凸輪軸皮帶
036 109 243S	正時惰輪-凸輪軸皮帶
036 109 243S -	正時惰輪-凸輪軸皮帶
036 109 244C	正時惰輪-固定
036 109 244D	正時惰輪-固定
036 109 601S -	汽門-進
036 109 601S /	汽門-進
036 109 675 *	汽門油封
036 109 675 -	汽門油封
036 109 675 /	汽門油封
036 109 675A /	汽門油封
036 115 105B	機油泵
036 115 105D -	機油泵
036 115 105D XX	機油泵
036 115 251H	機油泵導管
036 115 302G	機油蓋座
036 121 005E *	水泵
036 121 005E /	水泵
036 121 005EV	水泵
036 121 005P	水泵
036 121 005P /	水泵
036 121 005S	水泵
036 121 005SX	水泵
036 121 008G /	水泵
036 121 008GX	水泵
036 121 008L	水泵
036 121 008L /	水泵
036 121 008LX	水泵
036 121 008MX	水泵
036 129 607CQ	空氣芯總成
036 129 620C	空氣芯
036 129 620C *	空氣芯
036 129 620C +	空氣芯
036 129 620C -	空氣芯
036 129 620C /	空氣芯
036 129 620D .	空氣芯
036 129 620F -	空氣芯
036 129 620F /	空氣芯
036 129 620H -	空氣芯
036 129 620H /	空氣芯
036 129 717E -	進氣管墊片
036 129 717E /	進氣管墊片
036 129 846	固定座-空氣芯總成
036 133 062N	節流閥總成
036 133 064D *	節流閥總成
036 133 321A	汽油管-進/出
036 133 723AA	汽油管-進油
036 145 933AC /	皮帶-綜合
036 145 933AJ	皮帶-綜合
036 145 933G /	皮帶-綜合
036 145 933Q	皮帶-綜合
036 198 012 *	引擎上修包
036 198 119A	正時皮帶組-含惰輪
036 198 119C +	正時皮帶組-含惰輪
036 198 119C -	正時皮帶組-含惰輪
036 198 119E +	正時皮帶組-含惰輪
036 198 119E -	正時皮帶組-含惰輪
036 198 151KS +4	活塞環組-一台份
036 198 620 .	空氣芯
036 198 620 /	空氣芯
036 903 024D *	發電機
036 903 028A *	發電機
036 903 028A -	發電機
036 905 100B	發火線圈
036 905 100B *	發火線圈
036 905 715A	發火線圈
036 905 715C	發火線圈
036 905 715E	發火線圈
036 905 715F	發火線圈
036 905 715F -	發火線圈
036 905 715F /	發火線圈
036 905 715G	發火線圈
036 905 715G +	發火線圈
036 905 715G ~	發火線圈
036 906 031G -	噴油嘴
036 906 262A	含氧感知器-前
036 907 601	霍耳感知器
036 919 081A	機油壓力開關-綠
036 919 081A *	機油壓力開關-綠
036 919 081B ~	機油壓力開關-綠
036 919 081C	機油壓力開關-綠
036 919 081D *	機油壓力開關-綠
037 103 493D *	廢氣循環管
037 103 493P /	廢氣循環管
037 107 065B *	活塞組
037 107 081A -4	活塞組-加大0.5
037 115 105	機油泵
037 115 220B #	油底殼墊片-引擎
037 115 220B -	油底殼墊片-引擎
037 115 220B /	油底殼墊片-引擎
037 121 005C	水泵
037 121 005C .	水泵
037 121 005C /	水泵
037 121 005C >	水泵
037 121 005C ~	水泵
037 121 010A	水泵總成
037 121 010A #	水泵總成
037 121 010A +	水泵總成
037 121 010A /	水泵總成
037 121 010A ~	水泵總成
037 121 010BX	水泵總成
037 121 010CX	水泵總成
037 121 036 *	水管-水泵>接頭>機油冷卻器
037 121 053B /	水管-水泵>水管接頭
037 121 053H *	水管-水泵>水管接頭
037 121 058A *	水管-機油冷卻器>鐵管
037 121 058A +	水管-機油冷卻器>鐵管
037 121 065L *	鐵水管
037 121 121A -	節溫器蓋
037 121 132B *	水管接頭
037 121 132B -	水管接頭
037 121 133C *	水管接頭
037 121 133C -	水管接頭
037 121 133E	水管接頭-單開關孔
037 122 058 *	水管-水泵>鐵管>機油冷卻器
037 122 058 +	水管-水泵>鐵管>機油冷卻器
037 129 644	廢氣管接頭
037 133 064 -	節流閥總成
037 133 064A	節流閥總成
037 133 406A-	橡皮墊圈-怠速閥
037 145 157B	方向機泵
037 145 157D	方向機泵
037 145 157DX	方向機泵
037 145 157G	方向機泵
037 145 157G -	方向機泵
037 145 271F *	皮帶-方向機
037 145 271F -	皮帶-方向機
037 145 276A	惰輪-綜合皮帶
037 145 933C *	皮帶-綜合
037 145 933C +	皮帶-綜合
037 198 011C -	引擎下修包
037 198 011C /	引擎下修包
037 198 011E -	引擎下修包
037 198 011E /	引擎下修包
037 198 012B /	引擎上修包
037 198 012J -	引擎上修包
037 198 012J /	引擎上修包
037 198 012L -	引擎上修包
037 198 032L	壓板總成
037 198 032L -	壓板總成
037 253 039D -	排氣管墊片
037 253 039D /	排氣管墊片
037 260 849C *	皮帶-綜合
037 260 849C +	皮帶-綜合
037 260 849C -	皮帶-綜合
037 903 023A *	發電機
037 903 023G  XX	發電機-翻修件
037 903 998	高壓線組
037 905 205J	分電盤總成
037 905 205K #	分電盤總成
037 905 205K /	分電盤總成
037 905 237AX *	分電盤總成
037 905 237AX >	分電盤總成舊品回收
037 905 237DX *	分電盤總成
037 906 022CS *	引擎電腦
037 906 031AL *	噴油嘴
037 906 031C	噴油嘴
037 906 031P *	噴油嘴
037 906 265F	含氧感知器
037 906 265G /	含氧感知器
037 906 283C ~	電磁閥
037 906 301 *	空氣流量計
037 906 301C	空氣流量計
037 906 301C *	空氣流量計
037 906 301CX	空氣流量計
037 906 301CX *	空氣流量計
037 906 433A #	曲軸感知器
037 906 433A .	曲軸感知器
037 906 457C	怠速穩定器
037 906 457C -	怠速穩定器
037 906 457D	怠速穩定器
037 906 461B *	空氣流量計
037 906 461B -	空氣流量計
037 906 461C *	空氣流量計
037 906 461CX	空氣流量計
037 907 385A	節流閥開關
037 907 385D	節流閥開關
037 907 385M *	節流閥開關
037 971 766A	線組接頭-噴油嘴
038 103 085	油封-曲軸前
038 103 085A	油封-凸輪軸
038 103 085C -	油封-曲軸前
038 103 085E -	油封-曲軸前
038 103 085E /	油封-曲軸前
038 103 153Q	油封座蓋板-曲軸前
038 103 157B	噴油嘴-機油
038 103 171S -	油封座-曲軸後
038 103 383BL *	汽缸床
038 103 493AM	廢氣循環管
038 103 601MA	油底殼-引擎
038 103 601MA #	油底殼-引擎
038 103 601NA #	油底殼-引擎
038 103 601NA *	油底殼-引擎
038 103 603AG #	油底殼-引擎
038 103 603L #	油底殼-引擎
038 103 603L .	油底殼-引擎
038 103 603M #	油底殼-引擎
038 103 603M .	油底殼-引擎
038 103 603N #	油底殼-引擎
038 103 663A ~	機油尺套
038 103 673B  /5	偏心軸波司組
038 103 673B  GLB	偏心軸波司
038 103 714	螺絲
038 105 243M +	皮帶盤-曲軸
038 105 561A  007	大波司-上
038 105 561A /5	小波司組-上+下
038 105 591A  007	大波司-下
038 105 701A /10	小波司組-上+下-*10
038 105 701A /8	小波司-上+下
038 109 101AH - ZZ	凸輪軸-瑕疵
038 109 244N	正時惰輪-小
038 109 309A *	油壓頂筒
038 109 309A -	油壓頂筒
038 109 309C -	油壓頂筒
038 109 601E /	汽門-進
038 109 611E /	汽門-排
038 115 230 /	機油泵鍊條
038 117 021B	機油冷卻器
038 117 021C	機油冷卻器
038 117 021D	機油冷卻器
038 117 070A /	O型環-機油冷卻器
038 121 011H	水泵
038 121 011H +	水泵
038 121 011H -	水泵
038 121 011J	水泵
038 121 011JX	水泵
038 121 011KX	水泵
038 121 132D /	水管接頭
038 128 063G	節流閥總成
038 128 063G -	節流閥總成
038 130 073BN	噴油嘴-柴油
038 130 073BN *	噴油嘴-柴油
038 130 073BN *  ZZ	噴油嘴-柴油-中古
038 131 521CC *	連接管
038 131 547A	墊片
038 145 209N	燃油泵-含真空泵
038 145 209N -	燃油泵-含真空泵
038 145 209P *	燃油泵-含真空泵
038 145 255B	皮帶盤-方向機泵
038 198 051C *	噴油嘴修理包-柴油
038 198 151 ~4	活塞環組-一台份
038 253 014G *	渦輪增壓器-排汽岐管
038 903 018DX	發電機-不帶皮帶盤
038 903 018E *	發電機-不帶皮帶盤
038 903 018P *	發電機-90A-不帶皮帶盤
038 903 023S	發電機
038 903 023S +	發電機-120A
038 903 023S -	發電機
038 903 023S /	發電機
038 903 119A	發電機皮帶盤
038 903 119A -	發電機皮帶盤
038 903 315AH	皮帶張力減震器/惰輪
038 903 315AH -	皮帶壓力震器/惰輪
038 903 315AM	皮帶張力減震器/惰輪
038 906 051B *	進氣壓力感知器
038 906 051C	進氣壓力感知器
038 906 051C *	進氣壓力感知器
038 906 051C -	進氣壓力感知器
038 906 051D *	進氣壓力感知器
038 906 051N	進氣壓力感知器
038 906 461BX	空氣流量計
038 907 281B	預熱塞控制繼電器
038 919 081C	機油壓力開關
038 919 081G	機油壓力開關
038 919 081H	機油壓力開關
038 957 147F -	曲軸感知器
03C 103 175F	廢氣閥
03C 103 383AB	汽缸床
03C 103 485B	機油蓋
03C 103 493AE	廢氣循環管
03C 105 159F	曲軸前軸套
03C 105 255E	皮帶盤-曲軸
03C 107 065BF	活塞
03C 109 088B	凸輪軸鍊條調整器
03C 109 088E -	凸輪軸鍊條調整器
03C 109 282C	螺絲-凸輪軸鍊條齒輪
03C 109 287F	正時鍊條外蓋墊片
03C 109 507AH	正時鍊條調整器
03C 109 507BA ~	正時鍊條調整器
03C 109 507M	正時鍊條調整器
03C 109 509M	正時鍊條壓板
03C 109 571B	凸輪軸鍊條齒輪
03C 115 105Q	機油泵
03C 115 251M	機油泵導管
03C 115 561B	機油芯
03C 115 561B +	機油芯
03C 115 561B ~	機油芯
03C 115 561D	機油芯
03C 115 561H +	機油芯
03C 115 561H .	機油芯
03C 115 561H /	機油芯
03C 115 562 .	機油芯
03C 115 721D	機油芯螺絲
03C 1156 403F	機油芯總成
03C 117 021E	機油冷卻器
03C 121 004E	水泵
03C 121 004J  ZZ	水泵-瑕疵
03C 121 004J *	水泵
03C 121 004JX	水泵
03C 121 005D	水泵
03C 121 005L #	水泵
03C 121 005NX	水泵
03C 121 005RX	水泵
03C 121 008F	水泵
03C 121 008HX	水泵
03C 121 050D	水管-機油冷卻器-兩條並
03C 121 110G -	節溫器
03C 121 111AM ~	節溫器座總成
03C 127 025T /	汽油泵-高壓
03C 127 026M	汽油泵-高壓
03C 127 026P	汽油泵-高壓
03C 127 026R *	汽油泵-高壓
03C 127 026R ~	汽油泵-高壓
03C 127 311	O形環-燃油泵
03C 128 063A	活門調整閥
03C 129 656B	連接管座
03C 133 062B	節流閥總成
03C 133 062B XX	節流閥總成-中古件
03C 133 062B ZZ	節流閥總成
03C 133 062C	節流閥總成
03C 141 015J	壓板總成
03C 145 299AC	皮帶張力減震器/惰輪
03C 145 299AE	皮帶張力減震器/惰輪-冷氣壓縮機
03C 145 299C /	皮帶張力減震器/惰輪
03C 145 299L	皮帶張力減震器/惰輪
03C 145 299M -	皮帶張力減震器/惰輪
03C 145 673H	通氣管-渦輪
03C 145 701K	渦輪增壓器
03C 145 701T *	渦輪增壓器
03C 145 702C	渦輪增壓器
03C 145 702CX	渦輪增壓器
03C 145 702L -	渦輪增壓器
03C 145 702P	渦輪增壓器
03C 145 702P *	渦輪增壓器
03C 145 703A -	渦輪增壓器
03C 145 710A	切斷閥-渦輪增壓
03C 145 710D	切斷閥-渦輪增壓
03C 145 749B	渦輪增壓散熱器
03C 145 861D	進氣管-接渦輪
03C 201 542	單向閥
03C 903 023GX	發電機
03C 903 025G -	發電機-110A
03C 903 119C	發電機皮帶盤-單導向
03C 903 119F	發電機皮帶盤-單導向
03C 905 601A	火星塞
03C 906 051	進氣壓力感知器
03C 906 051H	進氣壓力感知器
03C 906 433A	曲軸感知器
03C 906 455A /	凸輪軸感知器
03C 907 386B	電位計
03C 907 386D	電位計
03C 907 660G	油位感知器-機油
03C 907 660H *	油位感知器-機油
03C 907 660M	油位感知器-機油
03C 907 660Q	油位感知器-機油
03C 907 660R	油位感知器-機油
03F 103 464C	廢氣循環筒
03F 105 266 *	飛輪-DSG
03F 109 158G -	正時鍊條
03F 121 004EX	水泵
03F 133 062B /	節流閥總成
03F 145 749C -	渦輪增壓散熱器
03F 145 749C /	渦輪增壓散熱器
03F 145 749C ~	渦輪增壓散熱器
03F 198 158B /	正時鍊條組
03F 260 849A	皮帶-綜合
03F 905 409C -	高壓線組
03F 905 430D	高壓線-1
03F 905 430E	高壓線-2
03F 905 430F	高壓線-3
03F 905 430G	高壓線-4
03F 907 660D	油位感知器-機油
03G 103 153B	油封座蓋板-曲軸前
03G 103 295K	機油泵
03G 103 351CS ZZ	汽缸蓋/含汽門-瑕疵
03G 103 383A -	汽缸床
03G 103 383A /	汽缸床
03G 103 469M	汽門室蓋-含墊片
03G 103 483F /	汽門蓋墊片
03G 103 603H	油底殼-引擎
03G 105 243	皮帶盤-曲軸
03G 105 266BA	飛輪
03G 105 266BD	飛輪
03G 105 266BD *	飛輪
03G 105 266BE	飛輪-自排
03G 105 266E	飛輪
03G 105 266E -	飛輪
03G 109 107	正時皮帶護蓋-上
03G 115 105C	機油泵
03G 115 105E	機油泵
03G 115 105G	機油泵
03G 115 281D	尺桿
03G 115 611P	機油尺
03G 121 113A /	節溫器
03G 121 121D	節溫器蓋
03G 121 132B /	水管接頭
03G 128 063Q	熄火切斷閥
03G 129 717B	進氣管墊片
03G 131 051ED	真空管集節頭
03G 131 501	EGR閥
03G 131 501J	EGR閥
03G 131 501J -	EGR閥
03G 131 501Q	EGR閥
03G 131 512AD +	EGR冷卻器/控制閥
03G 131 512L /	EGR冷卻器/控制閥
03G 145 209	燃油泵-含真空泵
03G 145 215	燃油泵墊片
03G 145 215A	燃油泵墊片
03G 198 011D /	引擎下修包
03G 198 012D /	引擎上修包-不含汽缸床
03G 198 015M -1	壓板總成-不帶軸承
03G 198 119	正時皮帶組-含惰輪*2
03G 198 119 +	正時皮帶組-含惰輪
03G 198 119A	正時皮帶組-含惰輪*2
03G 253 010 /XX	渦輪增壓器-排汽岐管
03G 253 014H	渦輪增壓器
03G 253 014N	渦輪增壓器-排汽岐管
03G 253 039	排氣管/渦輪增壓器墊片
03G 253 039 *	排氣管/渦輪增壓器墊片
03G 253 039A	排氣管墊片
03G 903 315A -	皮帶張力減震器/惰輪
03G 903 315C	皮帶張力減震器
03G 903 315C -	皮帶張力減震器
03G 906 051A	進氣壓力感知器
03G 906 051E	進氣壓力感知器
03G 906 088AN	排氣溫度感知器-前
03G 906 088BS	排氣溫度感知器-前-渦輪
03G 907 282A	控制盒-預熱塞
03H 103 383H	汽缸床
03H 103 383J	汽缸床
03H 103 429C	汽門室蓋
03H 103 429H	汽門室蓋
03H 103 483C	汽門蓋墊片
03H 103 601A	油底殼-引擎
03H 103 601G	油底殼-引擎
03H 109 122G	蓋板-汽缸蓋
03H 109 465	正時鍊條-曲軸
03H 109 467	正時鍊條壓板
03H 109 503	正時鍊條-凸輪軸
03H 121 008H	水泵
03H 121 008K	水泵
03H 121 008KX	水泵
03H 121 113	節溫器
03H 121 113B	節溫器
03H 127 025D ~	汽油泵-高壓
03H 127 025F	汽油泵-高壓
03H 145 100C	真空輔助泵
03H 145 276A	皮帶張力減震器/惰輪
03H 906 036	噴油嘴-2.4.6缸
03H 906 036A	噴油嘴-1.3.5缸
03K 131 547C	墊片-EGR閥
03K 906 088B	排氣溫度感知器
03L 103 070	O型環
03L 103 085	油封-凸輪軸
03L 103 171	油封座-曲軸後
03L 103 171 +	油封座-曲軸後
03L 103 383	汽缸床
03L 103 383AJ	汽缸床
03L 103 383AM	汽缸床
03L 103 383AM /	汽缸床
03L 103 383AR*	汽缸床
03L 103 383B	汽缸床
03L 103 383BG	汽缸床
03L 103 383BG /	汽缸床
03L 103 383BH	汽缸床
03L 103 383CA	汽缸床
03L 103 469 /	汽門室蓋
03L 103 469S	汽門室蓋
03L 105 266AJ	飛輪-DSG-7A
03L 105 266AK	飛輪-DSG
03L 105 266AL	飛輪-DSG
03L 105 266AN	飛輪-DSG
03L 105 266BH	飛輪
03L 105 266CQ	飛輪-DSG
03L 105 266DE	飛輪-DSG
03L 105 266DP	飛輪-DSG
03L 107 065AD /	活塞-加大
03L 109 021	凸輪軸-進汽
03L 109 119C	正時皮帶
03L 109 119D	正時皮帶
03L 109 119G	正時皮帶
03L 109 119J	正時皮帶
03L 109 244	正時惰輪
03L 109 244 *	正時惰輪
03L 109 244G -	正時惰輪
03L 109 244J -	正時惰輪
03L 109 521A	頂筒-凸輪軸
03L 109 521A -	頂筒-凸輪軸
03L 109 601 -	汽門-進
03L 109 601 /	汽門-進
03L 109 611 -	汽門-排
03L 109 611 /	汽門-排
03L 115 105D	機油泵
03L 115 389C	機油芯座總成
03L 115 389G	機油芯座總成
03L 115 389H # ZZ	機油芯座總成-鋁體-瑕疵
03L 115 389H /	機油芯座總成
03L 115 433	機油芯蓋
03L 115 433B	機油芯蓋
03L 115 512A	機油芯座總成
03L 115 512C	機油芯座總成
03L 115 561 /	機油芯
03L 115 562 .	機油芯
03L 115 562 /	機油芯
03L 121 011B	水泵
03L 121 011BX	水泵
03L 121 011GX	水泵
03L 121 011HX	水泵
03L 121 011JX	水泵
03L 121 011PX	水泵
03L 121 011X	水泵
03L 121 049F	鐵水管
03L 121 065A	水管-塑鋼
03L 121 111AB	節溫器座總成
03L 121 111AC	節溫器座總成
03L 121 111AE	節溫器座總成
03L 121 111S	節溫器座總成
03L 128 063E	熄火切斷閥
03L 128 063Q	熄火切斷閥
03L 128 063R	熄火切斷閥
03L 128 063T +	熄火切斷閥
03L 128 063T /	熄火切斷閥
03L 129 711AN	進汽岐管
03L 130 111E	高壓泵齒輪
03L 130 277B	噴油嘴
03L 130 301F	壓力管-第3-4缸
03L 130 755	柴油高壓泵
03L 130 755AH	柴油高壓泵
03L 131 477	EGR閥
03L 131 477A  ZZ	EGR閥-瑕疵
03L 131 501G	EGR閥
03L 131 501K +	EGR閥
03L 131 511L	節流閥冷卻器
03L 131 512CF	EGR冷卻器/控制閥
03L 131 512DK	EGR冷卻器/控制閥
03L 131 512DQ /	EGR冷卻器/控制閥
03L 141 015N -	壓板總成
03L 145 215A	燃油泵墊片
03L 145 276	惰輪-綜合皮帶
03L 145 757M	渦輪增壓器油管墊片
03L 145 771J	渦輪增壓器油管
03L 198 011 -	引擎下修包
03L 198 012D -	引擎上修包-不含汽缸床
03L 198 119	正時皮帶組-含惰輪
03L 198 119 +	正時皮帶組-含惰輪
03L 198 119B	正時皮帶組-含惰輪
03L 198 119C	正時皮帶組-含惰輪
03L 198 119D	正時皮帶組-含惰輪
03L 198 151C -	活塞環
03L 198 716E	壓力閥修理包-渦輪增壓器
03L 198 716H	壓力閥修理包-渦輪增壓器
03L 253 010G /	渦輪增壓器-排汽岐管
03L 253 016T /	渦輪增壓器-排汽岐管
03L 903 023 *	發電機
03L 903 023AX	發電機
03L 903 023F *	發電機
03L 903 023F -	發電機
03L 903 137	皮帶-綜合
03L 903 137A	皮帶-綜合
03L 903 137G	皮帶-綜合
03L 903 137R	皮帶-綜合
03L 905 061F	預熱塞
03L 905 061K	預熱塞
03L 906 051	燃油壓力感知器
03L 906 051B	燃油壓力感知器
03L 906 088AJ	排氣溫度感知器-前
03L 906 088AP	排氣溫度感知器-前
03L 906 088BA *	含氧/溫度感知器
03L 906 088BS -	排氣溫度感知器-前-渦輪
03L 906 088BS /	排氣溫度感知器-前-渦輪
03L 906 088C	含氧/溫度感知器
03L 906 088CC -	排氣溫度感知器-渦輪增壓器
03L 906 088CC /	排氣溫度感知器-渦輪增壓器
03L 906 088DC	含氧/溫度感知器
03L 906 088EC	含氧/溫度感知器
03L 906 088EM	排氣溫度感知器-前-渦輪
03L 906 088ER	排氣溫度感知器-前
03L 906 088FF	排氣溫度感知器-前
03L 906 088HH /	排氣溫度感知器
03L 907 660B	油位感知器-機油
03L 963 319	預熱塞
03L 963 319A	預熱塞
03N 105 266F	飛輪
03N 115 389A ~	機油芯座總成-含機油冷卻器
03N 115 433	機油芯蓋
03N 115 562	機油芯
03N 115 562 /	機油芯
03N 145 822A	通氣管
03N 906 081A	燃油溫度開關
03P 105 263	正時齒輪-曲軸
044 103 383D -	汽缸床
044 103 383D /	汽缸床
044 103 609D #	油底殼墊片-引擎
044 103 609D -	油底殼墊片-引擎
044 103 609D /	油底殼墊片-引擎
044 107 065H -4	活塞組-*4
044 121 113 *	節溫器
044 121 113 -	節溫器
044 121 113 /	節溫器
044 121 113S /	節溫器-代O型環
044 129 620A -	空氣芯
044 129 627E	進氣管
044 129 627J	進氣管
044 141 025D -	壓板
044 141 032E	離合器片
044 141 032E -	離合器片
044 145 157A /	方向機泵
044 145 271K #	皮帶-方向機
044 145 271K *	皮帶-方向機
044 145 278A	惰輪-綜合皮帶
044 145 278A *	惰輪-綜合皮帶
044 145 299 /	皮帶張力減震器
044 198 012 #	引擎上修包
044 198 012 -	引擎上修包
044 198 012 /	引擎上修包
044 198 032E	壓板總成
044 198 032E -	壓板總成
044 198 141A /	壓板總成
044 198 151 -	活塞環
044 198 151S /	活塞環組
044 253 091L	排氣管-前段
044 253 609AC	消音器-後段
044 260 849B #	皮帶-綜合
044 260 849E	皮帶-綜合
044 260 849E #	皮帶-綜合
044 260 849E *	皮帶-綜合
044 260 849E /	皮帶-綜合
044 903 315C *	皮帶張力減震器
044 903 998	高壓線組
044 903 998B	高壓線組
045 109 244A	正時惰輪
045 115 389H	機油芯座總成
045 115 389J	機油芯座總成
045 121 011FX	水泵
045 121 011HV	水泵
045 121 011HX	水泵
045 906 433A	曲軸感知器
045 906 433A /	曲軸感知器
046 109 119E #	正時皮帶
046 109 119E -	正時皮帶
046 109 119E /	正時皮帶
046 903 015F *	發電機
046 903 015FV	發電機
048 103 351D	汽缸蓋
048 103 383B #	汽缸床
048 103 383B -	汽缸床
048 103 383B /	汽缸床
048 103 383D -	汽缸床
048 103 383D /	汽缸床
048 103 493A #	廢氣循環管
048 103 609B *	油底殼墊片-引擎
048 103 609B /	油底殼墊片-引擎
048 103 772C ~	廢氣循環管座
048 107 081 *	活塞組
048 107 081R -4	活塞組-加大20
048 109 119D	正時皮帶
048 109 173A	時規護蓋-內
048 109 611B -	汽門-排
048 121 065D /	鐵水管
048 129 717A -	進氣管墊片
048 129 717A /	進氣管墊片
048 133 031 *	步計馬達
048 133 154	節流閥開關
048 133 154 *	節流閥開關
048 133 471	空氣流量板
048 133 471 *	空氣流量板
048 133 471X *	空氣流量板
048 145 155F *	方向機泵
048 145 155F -	方向機泵
048 145 155FX	方向機泵
048 198 012B /	引擎上修包
048 905 205B *	分電盤總成
048 906 265 -	含氧感知器
049 105 263C .	正時齒輪-曲軸
049 105 263C /	正時齒輪-曲軸
049 105 263C ~	正時齒輪-曲軸
049 109 111C *	正時齒輪
049 133 453 *	冷氣提速器
049 133 843 *	空氣芯
049 919 563B *	機油溫度開關
04C 103 085B	油封-曲軸前
04C 103 464J	廢氣循環筒
04C 903 023L *	發電機-140A
04C 905 110D	發火線圈
04C 906 433	曲軸感知器
04C 906 433A	曲軸感知器
04C 907 601	霍耳感知器
04E 103 170A	油封座-曲軸後
04E 103 464AD	廢氣循環筒
04E 103 464F	廢氣循環筒
04E 103 474K	通氣管
04E 103 485A	機油蓋
04E 103 493H	廢氣循環管
04E 103 601G	油底殼-引擎
04E 109 479A	正時惰輪
04E 109 479H	正時惰輪
04E 115 103M	機油泵
04E 115 561B	機油芯
04E 115 561H	機油芯
04E 115 561H /	機油芯
04E 121 064E	鐵水管
04E 121 121E	節溫器蓋
04E 121 600AL	水泵總成
04E 121 600AL ~	水泵總成
04E 121 600BD	水泵總成
04E 121 600BE	水泵總成
04E 121 600CB	水泵總成
04E 122 447K	水管
04E 127 026BB	汽油泵-高壓
04E 129 611G	空氣芯總成
04E 129 620 -	空氣芯
04E 129 709L	進汽岐管
04E 129 709P *	進汽岐管
04E 133 366BE	通氣管
04E 141 025C -	壓板
04E 145 299L	皮帶張力減震器
04E 145 704N *	渦輪增壓器
04E 145 749B	渦輪增壓散熱器
04E 145 785E	渦輪增壓散熱器
04E 145 933R	皮帶-綜合
04E 198 119	正時皮帶組-含惰輪
04E 198 725E	壓力閥修理包-渦輪增壓器
04E 905 110E	發火線圈
04E 905 110K	發火線圈
04E 905 601	火星塞
04E 905 601 *	火星塞-Y5KPP332S
04E 905 612	火星塞
04E 907 660	油位感知器-機油
04E 907 660A	油位感知器-機油
04E 919 501B	水溫感知器
04L 103 469Q	汽門室蓋-含墊片
04L 103 603	油底殼-引擎
04L 109 071E	汽門室蓋-含凸輪軸
04L 109 119A	正時皮帶
04L 109 601H /	汽門-進
04L 109 611 /	汽門-排
04L 121 011E /	水泵-含電磁閥
04L 121 011EX	水泵-含電磁閥
04L 121 011L	水泵-含電磁閥
04L 121 011P	水泵-含電磁閥
04L 121 011X	水泵-含電磁閥
04L 121 026AE	節溫器座總成
04L 121 026AE /	節溫器座總成
04L 121 026F	節溫器座總成
04L 121 026Q	節溫器座總成
04L 121 051	水管
04L 121 131E	水管接頭
04L 121 131J	水管接頭
04L 130 277BB	噴油嘴-柴油
04L 130 764C	柴油壓力閥
04L 131 512D	EGR冷卻器/控制閥
04L 131 512T	EGR冷卻器/控制閥
04L 131 512TX	EGR冷卻器/控制閥
04L 131 521AS	連接管
04L 131 521H	連接管
04L 145 299B	皮帶張力減震器/惰輪
04L 145 299G	皮帶張力減震器/惰輪
04L 145 736E	渦輪增壓器油管
04L 145 749F	渦輪增壓散熱器
04L 145 749L	渦輪增壓散熱器
04L 145 762AD	通氣管-渦輪
04L 198 119A	正時皮帶組-含惰輪*3
04L 253 039D /	排氣管墊片/渦輪增壓器墊片
04L 253 725E	固定夾-DPF
04L 260 849C	皮帶-綜合
04L 903 023K *	發電機-140A
04L 903 315A	皮帶張力減震器/惰輪
04L 906 051F	壓力感知器-微粒過濾器
04L 906 054	燃油壓力感知器
04L 906 088DE	排氣溫度感知器-後-微粒濾清器
04L 906 262A	含氧感知器-前
04L 906 262AE	含氧感知器-前
04L 906 433	曲軸感知器
04L 906 455A	控制閥-凸輪軸
04L 906 455J	控制閥-凸輪軸
04L 907 283	繼電器-預熱塞
04L 907 601	霍耳感知器
04L 919 824	燃油溫度感知器
050 103 383A	汽缸床
050 103 383A #	汽缸床
050 103 383A *	汽缸床
050 105 189B	速度感應盤-曲軸
050 121 010	水泵總成
050 121 010 -	水泵總成
050 121 010CX >	水泵總成舊品繳回
050 121 039A *	皮帶-方向機/水泵
050 121 039A -	皮帶-方向機/水泵
050 121 113 C	節溫器
050 121 113C  75	節溫器
050 121 113C -	節溫器
050 121 113C /	節溫器
050 121 113C /75	節溫器
050 121 113C ~71	節溫器
050 121 113CS /	節溫器-代O型環
050 129 761F	化油器底座-單噴
050 129 761H *	化油器底座-單噴
050 133 028C *	噴射系控制元件-下半
050 145 155A	方向機泵
050 145 155AX	方向機泵
050 145 155C	方向機泵
050 145 155CX	方向機泵
050 198 032L	壓板總成
050 198 032P	壓板總成
050 260 849 *	皮帶-冷氣
050 903 015B *	發電機
050 903 015BX	發電機
050 903 137 *	皮帶-發電機
050 903 137 -	皮帶-發電機
050 903 137C	皮帶-發電機
050 903 137C *	皮帶-發電機
050 903 137C +	皮帶-發電機
050 903 137C -	皮帶-發電機
050 905 205AHX *	分電盤總成
050 905 205AL *	分電盤總成
050 905 205H *	分電盤總成
050 905 237CX	分電盤總成
051 103 483A !	汽門蓋墊片
051 103 483A #	汽門蓋墊片-藍
051 103 483A -	汽門蓋墊片
051 103 483A .	汽門蓋墊片-紅
051 103 483A /	汽門蓋墊片-白
051 103 483A ~	汽門蓋墊片-銀
051 109 243	正時惰輪
051 109 243 .	正時惰輪
051 121 056	水管
051 121 065	鐵水管
051 133 025 *	噴油嘴
051 133 025A *	噴油嘴
051 133 027B *	噴油嘴控制上蓋
051 133 028P *	噴射系控制元件-下半
051 133 031 *	步計馬達
051 133 357B	進氣管
051 133 357B +	進氣管
051 133 471A *	空氣流量板
051 198 011A *	引擎下修包
051 198 011C *	引擎下修包
051 198 012A -	引擎上修包
051 198 012A /	引擎上修包
051 198 012C -	引擎上修包
051 198 012D -	引擎上修包
051 198 012D /	引擎上修包
051 903 017 *	發電機
051 903 017X	發電機
051 905 207  +	分電盤蓋-有黑蓋
051 906 265E *	含氧感知器
051 919 529	廢氣感應器
051 998 031 /	高壓線組
051 998 031A *	高壓線組-含信號線
052 905 225C -	分火頭
053 103 663	機油尺套
053 103 663 *	機油尺套
053 103 663 -	機油尺套
053 107 065E -4	活塞組
053 107 065E /	活塞
053 107 081E /	活塞組-加大0.5
053 107 081F -4	活塞組-加大0.5
053 115 611C .	機油尺
053 198 012A *	引擎上修包
053 198 151A #	活塞環
053 198 151C	活塞環
053 198 151C -	活塞環
053 911 023A *	起動馬達
054 103 383G -	汽缸床
054 109 119A	正時皮帶
054 109 119A *	正時皮帶
054 109 119A -	正時皮帶
054 109 119G -	正時皮帶
054 109 479 *16	正時惰輪
054 115 147B *	油封-曲軸前/機油泵
054 115 147B +	油封-曲軸前/機油泵
054 115 147B -	油封-曲軸前/機油泵
054 121 004A	水泵
054 121 004A *	水泵
054 133 154F *	節流閥開關
054 145 165LX	方向機泵
054 903 137D *	皮帶-發電機
054 903 137D -	皮帶-發電機
054 903 137F	皮帶-綜合
054 903 137F *	皮帶-綜合
054 903 137F /	皮帶-綜合
054 905 377 +	爆震感知器
054 905 377A +	爆震感知器
055 121 121F ~	節溫器蓋
055 129 620A *	空氣芯
055 903 137G *	皮帶-方向機
055 903 137G -	皮帶-方向機
055 911 023K -	起動馬達
056 109 119A  +	正時皮帶
056 109 119A *	正時皮帶
056 109 119A +	正時皮帶
056 115 561 G	機油芯
056 115 561G -	機油芯
056 121 113D  75	節溫器
056 121 113D *71	節溫器
056 121 113D *75	節溫器
056 121 113D +	節溫器
056 121 113D +71	節溫器
056 121 113D +83	節溫器
056 121 113D -	節溫器
056 121 113D -71	節溫器
056 121 113D -75	節溫器
056 121 113D -80	節溫器
056 121 113D /	節溫器
056 121 113D /71	節溫器
056 121 113DS *71	節溫器-代O型環
056 121 113DS ~71	節溫器-代O型環
056 129 620 *	空氣芯
056 129 620 /	空氣芯
056 198 033R	壓板總成
056 911 023B	起動馬達
056 919 081C	機油壓力開關-棕
056 919 081E	機油壓力開關-白
056 919 081E *	機油壓力開關-白
056 919 081E ~	機油壓力開關-白
057 115 561M /	機油芯
057 128 063D	活門調整閥
057 145 100T	真空輔助泵
057 145 100T -	真空輔助泵
058 103 213 .	廢氣循環管
058 103 221D	廢氣循環管
058 103 247	廢氣循環管座-三通
058 103 383H	汽缸床
058 103 383K *	汽缸床
058 103 383K -	汽缸床
058 103 383K /	汽缸床
058 103 460C	螺絲  M6 * 40
058 103 603	油底殼-引擎
058 103 603A	油底殼-引擎
058 103 603C	油底殼-引擎
058 103 603E	油底殼-引擎
058 103 609 /	油底殼墊片-引擎
058 103 724T	汽缸蓋飾蓋
058 107 065F *4	活塞組
058 107 065F -4	活塞組
058 107 065J -4	活塞組
058 107 065J X	活塞
058 109 088D	凸輪軸鍊條調整器
058 109 088E	凸輪軸鍊條調整器
058 109 088E .	凸輪軸鍊條調整器
058 109 088H	凸輪軸鍊條調整器
058 109 088K -	凸輪軸鍊條調整器
058 109 107B *	正時皮帶護蓋-上
058 109 119A -	正時皮帶
058 109 119A /	正時皮帶
058 109 119B /	正時皮帶
058 109 175	時規護蓋-下
058 109 229 -	鍊條-凸輪軸
058 109 243B -	正時惰輪
058 109 243E -	正時惰輪
058 109 244	正時皮帶調整器軸承
058 109 244 *	正時皮帶調整器軸承
058 109 244 -	正時皮帶調整器軸承
058 109 309A	油壓頂筒-排汽
058 109 309B	油壓頂筒-進汽
058 109 309F -	油壓頂筒-進汽
058 109 479	正時皮帶調整器
058 109 601C *	汽門-進
058 109 601C -	汽門-進
058 109 611E -	汽門-排
058 109 611M *	汽門-排
058 115 105B	機油泵
058 115 136A *	風扇軸承
058 121 058 ~	水管-鐵管>節流閥
058 121 058B *	水管-機油冷卻器>鐵管
058 121 058C *	水管-鐵管>節流閥
058 121 132 *	水管接頭
058 121 132A	水管接頭
058 121 132C ~	水管接頭
058 121 133B	水管接頭
058 121 301B .	風扇葉
058 121 301B /	風扇葉
058 121 350 .	風扇離合器
058 121 350 /	風扇離合器
058 121 350 ~	風扇離合器
058 121 350S	風扇離合器-代皮帶盤
058 121 350S .	風扇離合器-代皮帶盤
058 121 350S /	風扇離合器-代皮帶盤
058 121 471B ~	水管-渦輪增壓>鐵管
058 129 717C -	進氣管墊片
058 129 717C /	進氣管墊片
058 129 717D /	進氣管墊片
058 133 063F -	節流閥總成
058 133 063F XX	節流閥總成
058 133 063H -	節流閥總成
058 133 063H X	節流閥總成
058 133 063M	節流閥總成
058 133 356D /	進氣管->節流閥
058 133 356D ~	進氣管->節流閥
058 133 356J	通氣管-渦輪增壓器>節流閥
058 133 394A	通氣管
058 133 471A *	空氣流量計
058 133 753B	真空閥
058 133 753BS	真空閥總成件
058 133 783L	通氣管
058 133 784P	通氣管
058 133 837E	空氣芯總成
058 133 843 +	空氣芯
058 145 271 *	皮帶-方向機
058 145 703J	渦輪增壓器
058 145 703J /	渦輪增壓器
058 145 703J XX	渦輪增壓器-翻修件
058 145 703J ~	渦輪增壓器
058 145 703L	渦輪增壓器
058 145 703LX >	渦輪增壓器舊品回收
058 145 703NX *	渦輪增壓器
058 145 710	洩壓閥-渦輪增壓
058 145 712A	進氣管
058 145 735D	渦輪增壓器油管
058 145 757B	渦輪增壓器墊片
058 145 778	渦輪增壓器油管
058 145 805A	渦輪增壓散熱器
058 145 805B	渦輪增壓散熱器
058 145 805D	渦輪增壓散熱器
058 145 832B	空氣管-橫樑>渦輪增壓器
058 145 834A	通氣管-冷卻器>橫樑
058 198 011 -	引擎下修包
058 198 012 *	引擎上修包
058 198 012 -	引擎上修包
058 198 012 /	引擎上修包
058 198 025A +	汽門蓋墊片
058 198 119 +	正時皮帶組-含惰輪
058 198 119 -	正時皮帶組-含惰輪
058 198 151B	活塞環
058 198 151B *	活塞環
058 198 151B -	活塞環
058 198 151BS *	活塞環組-4
058 198 217 -	半月型墊片
058 198 479 .	正時皮帶組-含惰輪/調整器
058 253 033EX	排汽支管
058 253 039D	渦輪增壓器墊片
058 253 039G	排氣管墊片
058 253 039L #	排氣管墊片
058 253 039L /	排氣管墊片
058 260 511 -	惰輪-冷氣皮帶調整架
058 260 511 .	惰輪-冷氣皮帶調整架
058 260 849	皮帶-冷氣
058 260 849 -	皮帶-冷氣
058 260 849 /	皮帶-冷氣
058 260 849A	皮帶-冷氣
058 903 016C -	發電機
058 903 016C /	發電機總成
058 903 016C ZZ *	發電機-120A
058 903 016CV	發電機
058 903 018B * XX	發電機
058 903 018C	發電機
058 903 018C *	發電機
058 903 018CX	發電機
058 903 133B	惰輪總成-發電機
058 903 133D .	惰輪總成-發電機
058 903 137E	皮帶-發電機
058 903 137E *	皮帶-發電機
058 903 137E +	皮帶-發電機
058 903 137E /	皮帶-發電機
058 905 101A *	發火線圈
058 905 105 /	發火線圈
058 905 291	單向閥
058 905 291D	單向閥
058 906 265	含氧感知器
058 906 265A *	含氧感知器
058 906 265AG	含氧感知器
058 906 265B *	含氧感知器
058 906 265C *	含氧感知器
058 906 283C	電磁閥-渦輪增壓
058 906 283F	電磁閥-渦輪增壓
058 911 023B -	起動馬達
058 911 023BX	起動馬達
059 103 113	水塞鐵蓋-引擎
059 103 113F	噴油嘴固定蓋板-柴油
059 103 383CM /	汽缸床-1-3
059 103 383CQ /	汽缸床
059 103 383ES	汽缸床-4-6
059 103 483G *	汽門蓋墊片-4-6缸
059 103 487	機油蓋座墊片
059 105 189K	速度感應盤-曲軸
059 105 251AD	皮帶盤-曲軸
059 105 251AD *	皮帶盤-曲軸
059 105 251AS	皮帶盤-曲軸
059 105 251BN	皮帶盤-曲軸
059 105 251BN +	皮帶盤-曲軸
059 105 251BN + ZZ	皮帶盤-曲軸-暇疵
059 107 065DG	活塞
059 109 507C	正時鍊條調整器
059 109 633J	汽門彈簧
059 115 389AK	機油芯座總成
059 115 389H	機油芯座總成
059 115 389K	機油芯座總成
059 115 397L	機油芯座總成
059 117 021R	機油冷卻器
059 117 070J	墊片-機油冷卻器
059 121 004EX	水泵
059 121 005T	水泵
059 121 005T /	水泵
059 121 008A	水泵
059 121 008JX	水泵
059 121 008K /	水泵
059 121 016D	水泵
059 121 075BT	鐵水管
059 121 075DJ	鐵水管
059 121 086AC	水管-塑鋼
059 121 119	節溫器墊圈
059 121 454D	水管
059 121 506C	水管接頭
059 121 625C	水管
059 121 731B	水管
059 121 737AK	溫度控制閥
059 121 737H	溫度控制閥
059 129 711BQ	左進氣岐管活門馬達
059 129 711BR	進氣岐管/活門馬達-左
059 129 711BS	進氣岐管/活門馬達-左
059 129 711CG	進氣岐管/活門馬達-左
059 129 711CH	進氣岐管/活門馬達-左
059 129 711CL	進氣岐管/活門馬達-左
059 129 712BL	進氣岐管/活門馬達-右
059 129 712BM	進氣岐管/活門馬達-右
059 129 712BR	進氣岐管/活門馬達-右
059 129 712BR ZZ	進氣岐管/活門馬達-右-瑕疵
059 129 712BS	進氣岐管/活門馬達-右
059 129 718A *	墊片
059 129 955C	通氣管接管
059 130 119	O型環-噴油嘴
059 130 218Q	三向回油閥
059 130 277AR	噴油嘴
059 130 277CD	噴油嘴-柴油
059 131 501D	EGR閥
059 131 502B	EGR閥
059 131 503T	EGR閥
059 131 515R	節流閥冷卻器
059 145 201F -	皮帶張力減震器
059 145 950R /	節流閥總成
059 198 151K -	活塞環
059 198 405 /	機油芯
059 903 015P	發電機
059 903 015P XX	發電機-中古
059 903 015R *	發電機
059 903 018K *	發電機-180A
059 903 023N -	發電機-220A
059 903 133J	皮帶張力減震器/惰輪
059 903 133J -	皮帶張力減震器/惰輪
059 903 137AC	皮帶-綜合
059 903 341E	惰輪-綜合皮帶
059 903 341G	惰輪-綜合皮帶
059 906 051J	進氣壓力感知器-微粒過濾器
059 906 088C -	排氣溫度感知器-渦輪增壓器
059 906 433E	曲軸感知器
059 906 433F	曲軸感知器
059 906 627L	壓力調節閥
059 907 807N	氮氧化物感知器
059 911 023H	起動馬達
059 911 023S /	起動馬達
059 911 024EX	起動馬達
059 911 024HV	起動馬達
059 919 501 -	水溫感知器
059 919 501 ~	水溫感知器
059 919 501A -	水溫開關
059 919 501A /	水溫感知器
059 919 523A	燃油溫度感知器
059 963 319J	預熱塞
059 963 319M	預熱塞
059 963 319M -	預熱塞
059 963 319S /	預熱塞
05E 103 495J	油氣分離器
05E 103 495T	油氣分離器
05E 121 111R	節溫器座總成
066 109 503B	正時鍊條-凸輪軸
066 109 507	正時鍊條壓板調整螺絲
066 109 513	正時鍊條壓板-固定-凸輪軸
066 121 011DX	水泵
066 905 100D	發火線圈
066 905 100G	發火線圈
068 103 051G *	曲軸油封-後
068 103 051G -	曲軸油封-後
068 103 051G ~	曲軸油封-後
068 103 085A #	油封-三軸
068 103 085A *	油封-三軸
068 103 085A -	油封-三軸
068 103 085E +	油封-三軸-正
068 103 085E -	油封-三軸
068 103 085E /	油封-三軸
068 103 085E ~	油封-三軸-正
068 103 171F +	油封座-曲軸後
068 103 171F -	油封座-曲軸後
068 103 171F /	油封座-曲軸後
068 105 269FX	飛輪-手排
068 117 021B +	機油冷卻器
068 117 021B -	機油冷卻器
068 117 021BV	機油冷卻器
068 117 021BX	機油冷卻器
068 121 058C	水管-散熱器>鐵管
068 121 058C *	水管-散熱器>鐵管
068 121 063M *	水管-水泵>鐵管
068 121 063M +	水管-水泵>鐵管
068 121 253E *	水箱
068 121 253E +	水箱
068 121 253E /	水箱
068 198 171 -	曲軸油封-後
068 260 849 *	皮帶-冷氣
068 260 849G *	皮帶-冷氣
068 260 849G -	皮帶-冷氣
068 903 017PV	發電機
068 903 018B  XX	發電機-翻修件
068 903 018B #	發電機
068 903 018B *	發電機
068 903 018B /	發電機
068 903 803D -	發電機碳刷
068 911 023T	起動馬達
068 911 024K	起動馬達
068 911 024K /	起動馬達
068 919 081	機油壓力開關-黑
068 919 081 *	機油壓力開關-黑
068 919 081A	機油壓力開關-灰
069 105 263 /	正時齒輪-曲軸
069 109 243B -	正時惰輪
069 109 601F *	汽門-進
069 121 113 #82	節溫器
069 121 113 -	節溫器
069 121 113 /	節溫器
069 121 113S *	節溫器-代O型環
069 129 620 *	空氣芯
069 129 620 -	空氣芯
06A 103 035	塞子-汽缸蓋側邊
06A 103 171A -	油封座-曲軸後
06A 103 171A ~	油封座-曲軸後
06A 103 211H	廢氣循環管接頭
06A 103 213 .	廢氣循環管
06A 103 213 ~	廢氣循環管
06A 103 213AF	廢氣循環管
06A 103 213F #	廢氣循環管
06A 103 213F /	廢氣循環管
06A 103 213F ~	廢氣循環管
06A 103 217A	廢氣循環管
06A 103 217A /	廢氣循環管
06A 103 217A ~	廢氣循環管
06A 103 221A	廢氣循環管
06A 103 221AD	廢氣循環管
06A 103 221AF	廢氣循環管
06A 103 221AH	廢氣循環管
06A 103 221AH .	廢氣循環管
06A 103 221C	廢氣循環管
06A 103 221E	廢氣循環管
06A 103 247 ~	廢氣循環管座-三通
06A 103 383AN /	汽缸床
06A 103 383L	汽缸床
06A 103 465D ~	油氣回收閥
06A 103 469AL	汽門室蓋
06A 103 474A .	廢氣循環管
06A 103 485F	機油蓋
06A 103 485F *	機油蓋
06A 103 485F -	機油蓋
06A 103 493H	廢氣循環管
06A 103 601AK	油底殼-引擎
06A 103 601RA	油底殼-引擎
06A 103 634	機油尺導管
06A 105 263C	正時齒輪-曲軸
06A 105 263D	正時齒輪-曲軸
06A 105 264K	飛輪-手排
06A 105 264M -	飛輪-手排
06A 109 108C	正時皮帶護蓋-上
06A 109 119C	正時皮帶
06A 109 119K	正時皮帶
06A 109 479	正時惰輪
06A 109 479A *	正時惰輪
06A 109 479A -	正時惰輪
06A 109 479A .	正時惰輪
06A 109 479A /	正時惰輪
06A 109 479B	正時惰輪
06A 109 479C	正時惰輪
06A 115 105	機油泵
06A 115 105B *	機油泵
06A 115 105B .	機油泵
06A 115 105B ~	機油泵
06A 115 405AH	機油芯座
06A 115 405BS XX	機油芯座-中古
06A 115 405BS ~	機油芯座
06A 115 405K	機油芯座
06A 115 561 *	機油芯
06A 115 561 B	機油芯-正
06A 115 561B -	機油芯
06A 115 561B .	機油芯
06A 115 561B /	機油芯-正廠
06A 115 611B	機油尺
06A 115 611Q / ZZ	機油尺-瑕疵
06A 115 611Q ~	機油尺
06A 121 011E	水泵
06A 121 011E +	水泵
06A 121 011E /	水泵
06A 121 011L	水泵
06A 121 011L -	水泵
06A 121 011L /	水泵
06A 121 011LX	水泵
06A 121 011LX >	水泵舊品繳回件
06A 121 011T +	水泵
06A 121 011TX	水泵
06A 121 012	水泵
06A 121 012 -	水泵
06A 121 012GX	水泵
06A 121 012X	水泵
06A 121 065AP ~	鐵水管
06A 121 111A +	節溫器座總成
06A 121 111A /	節溫器座總成
06A 121 114 /	節溫器-含蓋
06A 121 121C ~	節溫器蓋
06A 121 132AG ~	水管接頭
06A 121 132Q	水管接頭
06A 121 132R /	水管接頭
06A 121 132T -	水管接頭
06A 121 133AD	水管接頭
06A 121 497K	水管-渦輪增壓>鐵管
06A 129 101A	壓力閥
06A 129 717 /	進氣管墊片
06A 131 501E	EGR閥
06A 131 501E -	EGR閥
06A 131 501F	EGR閥門
06A 133 062A	節流閥總成
06A 133 062AB -	節流閥總成
06A 133 062C	節流閥總成
06A 133 062N *	節流閥總成
06A 133 063G -	節流閥總成
06A 133 064B *	節流閥總成
06A 133 064B * XX	節流閥總成-中古
06A 133 066E -	節流閥總成
06A 133 205K	進氣支管
06A 133 227B	進氣管墊片
06A 133 227D +	進氣管墊片
06A 133 240A	廢氣循環管
06A 133 317AC	燃油分配管
06A 133 354	進氣管
06A 133 356F	進氣管-渦輪>節流閥
06A 133 366C	通氣管
06A 133 398	進氣管墊片
06A 133 398 *	進氣管墊片
06A 133 398D /	進氣管墊片
06A 133 781D	通氣管
06A 133 783G	通氣管
06A 141 031QX	離合器片
06A 145 157	方向機泵
06A 145 540G	螺絲-渦輪增壓器
06A 145 704Q /	渦輪增壓器
06A 145 704S	渦輪增壓器
06A 145 708B	通氣管
06A 145 710N	通氣閥-渦輪增壓
06A 145 710N *	切斷閥-渦輪增壓
06A 145 710N /	切斷閥-渦輪增壓
06A 145 713D	渦輪增壓器
06A 145 713DX	渦輪增壓器
06A 145 790A	通氣管-渦輪
06A 198 011 /	引擎下修包
06A 198 012A **	引擎上修包
06A 198 012A -	引擎上修包
06A 198 012A /	引擎上修包
06A 198 012C /	引擎上修包
06A 198 031K -	壓板總成
06A 198 031Q	壓板總成
06A 198 119	正時皮帶組-含惰輪
06A 198 119 +	正時皮帶組-含惰輪
06A 198 119 -	正時皮帶組-含惰輪
06A 198 119 /	正時皮帶組-含惰輪
06A 198 119 ~	正時皮帶組-含惰輪
06A 198 119A +	正時皮帶組-含惰輪
06A 198 119A -	正時皮帶組-含惰輪
06A 198 119B +	正時皮帶組-含惰輪
06A 198 119B -	正時皮帶組-含惰輪
06A 198 151CS +4	活塞環組-一台份
06A 198 151CS ~4	活塞環組-一台份
06A 198 401	連桿組
06A 253 039E /	渦輪增壓器墊片
06A 253 039J	排氣管墊片
06A 260 849C	皮帶-綜合
06A 260 849E	皮帶-綜合
06A 903 315D	皮帶張力減震器
06A 903 315E  SIN	惰輪-外皮帶
06A 903 315E .	皮帶張力減震器
06A 903 315E /	皮帶張力減震器/惰輪
06A 905 097	發火線圈
06A 905 115A	發火線圈
06A 905 161C #	霍耳感知器
06A 905 377 *	爆震感知器
06A 905 377 -	爆震感知器
06A 905 377A *	爆震感知器
06A 905 377C *	爆震感知器
06A 905 430H	高壓線-1
06A 905 430J	高壓線-2
06A 905 430L	高壓線-4
06A 906 031BT	噴油嘴
06A 906 145	噴油嘴O型環-上下
06A 906 262AC	含氧感知器
06A 906 262AC *	含氧感知器
06A 906 262AE *	含氧感知器
06A 906 262AJ *	含氧感知器
06A 906 262AK *	含氧感知器
06A 906 262AN	含氧感知器
06A 906 262AN *	含氧感知器
06A 906 262BD	含氧感知器
06A 906 262BR #	含氧感知器
06A 906 262BS *	含氧感知器
06A 906 262P	含氧感知器
06A 906 262Q *	含氧感知器
06A 906 433C -	曲軸感知器
06A 906 433K /	曲軸感知器
06A 906 433L	曲軸感知器
06A 906 433L -	曲軸感知器
06A 906 461AX	空氣流量計
06A 906 461AX >	空氣流量計舊品繳回件
06A 906 461GX	空氣流量計
06A 906 461LX	空氣流量計
06A 919 081A	機油壓力開關-黑
06A 919 081A *	機油壓力開關-黑
06A 919 081A +	機油壓力開關-黑
06A 919 081C	機油壓力開關-綠
06A 919 081C +	機油壓力開關-綠
06A 919 081C -	機油壓力開關-綠
06A 919 081D	機油壓力開關-黑
06A 919 081D -	機油壓力開關-黑
06A 919 501	水溫感知器
06A 919 501A /	水溫感知器
06A 959 253B	空氣泵浦-二次
06A 959 253E -	二次空氣泵浦
06A 959 253E ~	二次空氣泵浦
06A 998 031D /	高壓線組
06B 103 113C *	塞子-汽缸蓋側邊
06B 103 171B -	油封座-曲軸後
06B 103 171E	油封座-曲軸後
06B 103 217M	廢氣循環管
06B 103 217M ~	廢氣循環管
06B 103 221A	廢氣循環管
06B 103 221B #	廢氣循環管
06B 103 224B	廢氣循環管
06B 103 383AE	汽缸床
06B 103 383H -	汽缸床
06B 103 469N .	汽門室蓋
06B 103 483L	汽門蓋墊片
06B 103 483L /	汽門蓋墊片
06B 103 601BL	油底殼-引擎
06B 103 601CA +	油底殼-引擎
06B 103 601P	油底殼-引擎
06B 103 603N	油底殼-引擎
06B 103 623C	機油泵護板
06B 103 623C ~	機油泵護板
06B 103 623G	機油泵護板
06B 103 663B	機油尺套
06B 103 663G ~	機油尺套
06B 103 741E	機油壓力調整閥
06B 103 741F	機油壓力調整閥
06B 109 088C	凸輪軸調整器
06B 109 108A	正時皮帶護蓋-上
06B 109 108F ~	正時皮帶護蓋-上
06B 109 111 .	正時齒輪
06B 109 123	時規護蓋-上
06B 109 123A	時規護蓋-上
06B 109 145B	時規護蓋-內
06B 109 243 -	正時惰輪
06B 109 243 .	正時惰輪
06B 109 243A	正時惰輪
06B 109 243B	正時惰輪
06B 109 243B *	正時惰輪
06B 109 243D	正時惰輪
06B 109 244 -	正時皮帶調整器軸承
06B 109 477 .	正時惰輪調整器
06B 109 477A *	正時惰輪調整器
06B 109 477A .	正時惰輪調整器
06B 109 477A /	正時惰輪調整器
06B 115 130	機油泵鍊條調整器
06B 115 130A -	機油泵鍊條調整器
06B 115 405E	機油芯座
06B 115 611C	機油尺
06B 115 611C /	機油尺
06B 115 611R ~	機油尺
06B 121 011E *	水泵
06B 121 011E +	水泵
06B 121 011E -	水泵
06B 121 011E /	水泵
06B 121 011EX	水泵
06B 121 011L	水泵
06B 121 011L -	水泵
06B 121 011LX	水泵
06B 121 011M /	水泵
06B 121 011MX	水泵
06B 121 011QX	水泵
06B 121 058AN ~	水管-機油冷>節流閥>引
06B 121 058AP ~	水管-機油冷>鐵管>節流閥
06B 121 058BE	水管-鐵管>節流閥
06B 121 058S ~	水管-機油冷卻器>鐵管
06B 121 070A	鐵水管
06B 121 070H ~	鐵水管
06B 121 111D	節溫器座總成
06B 121 111K #	節溫器座總成
06B 121 111K * ZZ	節溫器座總成-瑕疵
06B 121 121	節溫器蓋
06B 121 132A	水管接頭
06B 121 497C	水管-渦輪增壓
06B 121 497F ~	水管-渦輪增壓
06B 129 627T	進氣管
06B 129 717A /	進氣管墊片
06B 131 101C	二次空氣控制閥
06B 131 351A	二次空氣閥
06B 133 062B	節流閥總成
06B 133 062H  XX	節流閥總成-中古
06B 133 062L -	節流閥總成
06B 133 299A	進氣支管接管
06B 133 354N	進氣管
06B 133 356AA	進氣管-渦輪冷卻器>節流閥
06B 133 356N	進氣管-渦輪冷卻器>節流閥
06B 133 382	T 型接頭
06B 133 471AX	空氣流量計
06B 133 555D	噴油嘴套 1.8T
06B 133 739D	通氣管
06B 133 837AE  XX	空氣芯總成-中古
06B 145 712A	通氣管-渦輪
06B 145 712M	進氣管
06B 145 771F	渦輪增壓器油管
06B 198 012B -	引擎上修包
06B 198 119A +	正時皮帶組-含惰輪
06B 198 119A -	正時皮帶組-含惰輪(不含小惰輪)
06B 198 151BS  ~4	活塞環組-一台份
06B 260 849A	皮帶-冷氣
06B 903 016A *	發電機
06B 903 016AB +	發電機-140A
06B 903 016AF *	發電機
06B 903 016D	發電機
06B 903 016E	發電機
06B 903 016E *	發電機
06B 903 016E /	發電機
06B 903 016EX	發電機
06B 903 133	惰輪總成-綜合皮帶
06B 903 133A *	惰輪總成-綜合皮帶
06B 903 133E ~	皮帶張力減震器/惰輪
06B 903 137	皮帶-發電機
06B 903 137 /	皮帶-發電機
06B 903 137C	皮帶-發電機
06B 903 137J	皮帶-綜合
06B 903 341	惰輪-綜合皮帶
06B 903 803	發電機碳刷
06B 903 803B *	發電機碳刷
06B 905 115 E	發火線圈
06B 905 115H	發火線圈
06B 905 115H *	發火線圈
06B 905 115L	發火線圈
06B 905 115N	發火線圈
06B 905 115R -	發火線圈
06B 905 163A /	霍耳感知器
06B 905 379	進氣溫度感知器
06B 906 265D *	含氧感知器
06B 911 023AX	起動馬達
06B 911 023X	起動馬達
06C 103 383H /	汽缸床
06C 103 485L	機油蓋
06C 103 940B	引擎飾蓋字標/VW-藍
06C 103 940C	四環標誌-引擎飾蓋
06C 109 244D	正時惰輪-調整
06C 121 075F ~	鐵水管
06C 121 111C	節溫器/蓋
06C 121 188A	水管-節流閥>鐵管
06C 133 471A -	空氣流量計
06C 133 741E	空氣流量計
06C 133 843 !	空氣芯
06C 133 843 -	空氣芯
06C 133 843 .	空氣芯
06C 198 151	活塞環
06C 903 016A  ZZ	發電機-120A-瑕疵
06C 905 115B	發火線圈
06C 905 115D	發火線圈
06C 905 115E	發火線圈
06C 905 115E -	發火線圈
06C 905 115H	發火線圈
06C 905 115L	發火線圈
06C 905 163B -	霍耳感知器
06D 103 295F	機油泵
06D 103 295N	機油泵
06D 103 383Q	汽缸床
06D 103 634	機油尺套-下
06D 107 066AA	活塞
06D 107 066D -	活塞
06D 109 243B *	正時惰輪
06D 109 244C	正時皮帶惰輪
06D 109 244E -	正時皮帶惰輪
06D 109 601K /	汽門-進
06D 109 611H /	汽門-排
06D 115 397J	機油芯座
06D 115 397J ~	機油芯座
06D 115 408A	機油芯外殼
06D 115 441	機油芯座墊片
06D 115 562 .	機油芯
06D 115 562 /	機油芯
06D 121 111G -	節溫器座總成
06D 121 132A	水管接頭
06D 121 492J ~	水管-渦輪>鐵水管
06D 133 517B -	碳罐電磁閥
06D 145 100	真空輔助泵
06D 145 100E	真空輔助泵
06D 145 100E *	真空輔助泵
06D 145 100F	真空輔助泵(機油)
06D 145 701F	渦輪增壓器
06D 145 701H /	渦輪增壓器
06D 198 401C	連桿組
06D 903 137C	皮帶-綜合
06D 906 051A	進氣壓力感知器
06D 906 051A *	進氣壓力感知器
06D 906 051C	燃油壓力感知器
06E 103 149AT /	汽缸床-4-6缸
06E 103 483P	汽門蓋墊片-4-6
06E 103 483P *	汽門蓋墊片-4-6
06E 103 484N	汽門蓋墊片-1-3
06E 103 547AB	汽門室蓋內擋油板
06E 103 547AD	汽門室蓋內擋油板
06E 103 547F	汽門室蓋內擋油板
06E 103 547Q	汽門室蓋內擋油板
06E 103 604G	油底殼-引擎下
06E 103 697L	控制器
06E 109 217Q	凸輪軸鍊條調整器
06E 109 217Q -	凸輪軸鍊條調整器
06E 109 218AJ	凸輪軸鍊條調整器-右
06E 109 218H	凸輪軸鍊條調整器
06E 109 218T	凸輪軸鍊條調整器
06E 109 257M	調整器
06E 109 257S	調整器
06E 109 257T	調整器
06E 109 285P	汽缸蓋側蓋-左/右
06E 109 409A	汽門搖臂
06E 109 409A -	汽門搖臂
06E 109 409M	汽門搖臂
06E 109 417AA	汽門搖臂-進氣
06E 109 417E	汽門搖臂
06E 109 465AT	正時鍊條-左
06E 109 465AT *	正時鍊條-左
06E 109 465BA	正時鍊條
06E 109 465BC	正時鍊條
06E 109 623A	汽門彈簧-排
06E 109 623AD	汽門彈簧-排
06E 115 243E	控制閥-機油
06E 115 243G	控制閥-機油
06E 115 243H /	控制閥-機油
06E 115 405C	機油芯座
06E 115 433	機油芯蓋
06E 115 446 #	機油芯座墊片
06E 115 562	機油芯
06E 115 562A	機油芯
06E 115 562A .	機油芯
06E 115 562C /	機油芯
06E 117 021G	機油冷卻器
06E 117 070D	機油芯座墊片
06E 121 005F	水泵
06E 121 005F .	水泵
06E 121 005G	水泵
06E 121 008N	水泵
06E 121 016C	水泵
06E 121 016QX	水泵
06E 121 016R	水泵
06E 121 018A	水泵
06E 121 018AX	水泵
06E 121 018C	水泵
06E 121 018F	水泵
06E 121 018F ~	水泵
06E 121 031	皮帶盤-水泵
06E 121 031B	皮帶盤-水泵
06E 121 031F	皮帶盤-水泵
06E 121 044G	水管-塑鋼
06E 121 044M	水管-塑鋼
06E 121 044N	水管-塑鋼
06E 121 045AE	水管-塑鋼
06E 121 045AJ	水管-塑鋼
06E 121 045AK	水管-塑鋼
06E 121 045AS	水管-塑鋼
06E 121 045BA	水管-塑鋼
06E 121 045E	水管
06E 121 083J	水管-塑鋼
06E 121 111AD	節溫器座總成
06E 121 111AS	節溫器座總成
06E 121 119C	O型環
06E 121 119E	O型環-水管
06E 121 139E	水管座墊片
06E 121 168	水管接頭
06E 127 025G /	汽油泵-高壓
06E 127 025Q	汽油泵-高壓
06E 127 025T	汽油泵-高壓
06E 127 025T /	汽油泵-高壓
06E 127 065D	接頭-燃油分配管>油管
06E 127 065G	接頭-燃油分配管>油管
06E 127 065K	接頭-燃油高壓泵>油管
06E 127 248	墊圈
06E 129 615H	進氣管
06E 129 717C	進氣管墊片-下
06E 133 062G	節流閥總成
06E 133 110AS	進汽岐管下座-右
06E 145 100E	真空輔助泵
06E 145 100K	真空輔助泵
06E 145 621R	渦輪增壓散熱器
06E 198 012A*	引擎上修包-1-3缸
06E 198 012B*	引擎上修包-4-6缸
06E 198 717 *	進氣管墊片組
06E 903 016DX	發電機
06E 903 016K -	發電機-180A
06E 903 016KX	發電機
06E 903 018G /	發電機總成
06E 903 018S -	發電機-180A
06E 903 133E	惰輪總成-綜合皮帶
06E 903 133H	皮帶張力減震器/惰輪
06E 903 133M	皮帶張力減震器/惰輪
06E 903 133Q -	皮帶張力減震器/惰輪
06E 903 133R	皮帶張力減震器/惰輪
06E 903 133T	皮帶張力減震器/惰輪
06E 903 137A	皮帶-綜合
06E 903 341A	惰輪-綜合皮帶
06E 903 341H -	惰輪-綜合皮帶
06E 903 803B	發電機碳刷
06E 905 115	發火線圈
06E 905 115D	發火線圈
06E 905 115E	發火線圈
06E 905 115F *	發火線圈
06E 905 163 /	霍耳感知器
06E 905 376A	爆震感知器
06E 905 376B	爆震感知器
06E 905 377A	爆震感知器
06E 905 377B	爆震感知器
06E 905 377G	爆震感知器
06E 906 036AC	噴油嘴
06E 906 036AJ	噴油嘴
06E 906 036P	噴油嘴
06E 906 051AA	燃油壓力感知器
06E 906 051AB	汽油壓力感知器
06E 906 051E	進氣壓力感知器
06E 906 189F	支撐架
06E 906 265F	含氧感知器-觸煤前
06E 906 265R	含氧感知器-觸煤前
06E 907 660 *	油位感知器-機油
06E 998 907	油封組-噴油嘴
06F 103 154	機油噴油嘴
06F 103 383G	汽缸床
06F 103 383G /	汽缸床
06F 103 483E /	壓力閥墊片
06F 103 601B	油底殼-引擎
06F 103 601BA	油底殼-引擎
06F 103 601D	油底殼-引擎
06F 103 601L	油底殼-引擎
06F 103 663C	機油尺套
06F 105 266AD	飛輪-自排
06F 105 266L /	飛輪-DSG
06F 109 088B	凸輪軸鍊條調整器
06F 109 088C	凸輪軸鍊條調整器
06F 109 101B	凸輪軸-輸入
06F 109 101G	凸輪軸-進氣
06F 109 101H	凸輪軸-進氣
06F 109 217	凸輪軸鍊條調整器
06F 109 257B	調整器
06F 115 397H	機油芯座
06F 115 397J	機油芯座
06F 115 397J /	機油芯座
06F 115 397J ~	機油芯座
06F 115 441	機油芯座墊片
06F 115 441A	機油芯座墊片
06F 115 611D	機油尺
06F 121 011 ~	水泵
06F 121 011X	水泵
06F 121 058C	水管
06F 121 132D	水管接頭
06F 121 132G	水管接頭
06F 127 025D	汽油泵-高壓
06F 127 025J	汽油泵
06F 127 025K	汽油泵-高壓
06F 127 025K -	汽油泵-高壓
06F 127 025K - XX	汽油泵-高壓-中古
06F 127 025K /	汽油泵-高壓
06F 129 101C	壓力閥
06F 129 101F	壓力閥
06F 129 101K	壓力閥
06F 129 101L	壓力閥
06F 129 101N	壓力閥
06F 129 627F	進氣管
06F 133 062E	節流閥總成
06F 133 062G	節流閥總成
06F 133 062G ~	節流閥總成
06F 133 062Q	節流閥總成
06F 133 062T	節流閥總成
06F 133 073C	節流閥墊片
06F 133 201N	進汽歧管
06F 133 781A	通氣管
06F 133 843A +	空氣芯
06F 145 701C *	渦輪增壓器
06F 145 710B	切斷閥-渦輪增壓
06F 145 710G	切斷閥-渦輪增壓
06F 145 757C	渦輪增壓器油管墊片
06F 145 757H	渦輪增壓器油管墊片
06F 198 011 /	引擎下修包
06F 198 088A	凸輪軸鍊條調整器
06F 198 119A +	正時皮帶組-含惰輪
06F 198 119A ~	正時皮帶組-含惰輪*2
06F 253 039E	排氣管墊片
06F 903 023C -	發電機
06F 903 023FX	發電機-不代皮帶盤
06F 903 315 -	皮帶張力震器/惰輪
06F 905 115C	發火線圈
06F 905 115F	發火線圈
06F 906 262AC *	含氧感知器-前
06F 906 262R	含氧感知器-前
06F 906 283D	電磁閥-渦輪增壓
06F 906 461A /	空氣流量計感知器
06H 103 085G	油封-曲軸前
06H 103 144F	汽缸蓋前蓋板
06H 103 144J	汽缸蓋前蓋板
06H 103 144K ~	汽缸蓋前蓋板
06H 103 171A	油封-曲軸-後
06H 103 171A ZZ	油封-曲軸-後
06H 103 171F	油封-曲軸-後
06H 103 171F *	油封-曲軸-後
06H 103 171F /	油封座-曲軸後
06H 103 319Q	正時鍊條齒輪-曲軸
06H 103 383AA	汽缸床
06H 103 383AD	汽缸床
06H 103 495AC	油氣分離器
06H 103 495AC /	油氣分離器
06H 103 495AD	油氣分離器
06H 103 495AE	油氣分離器
06H 103 495AK /	油氣分離器
06H 103 495E	油氣分離器
06H 103 495H	油氣分離器
06H 103 495J	油氣分離器
06H 103 559A	正時鍊條齒輪軸芯
06H 103 600P	油底殼-引擎
06H 103 697C	控制器
06H 103 731F	齒輪-曲軸
06H 105 243G	皮帶盤-曲軸
06H 105 243G +	皮帶盤-曲軸
06H 105 243G ~	皮帶盤-曲軸
06H 105 243K	皮帶盤-曲軸
06H 105 243M	皮帶盤-曲軸
06H 107 065DD *	活塞
06H 107 065DF	活塞
06H 107 065DM /	活塞-加大
06H 107 065T *	活塞
06H 109 158H	正時鍊條
06H 109 158J	正時鍊條
06H 109 158M	正時鍊條
06H 109 210Q	正時鍊條外蓋
06H 109 210Q ZZ	正時鍊條外蓋
06H 109 259A	電磁閥
06H 109 311B	油壓頂筒
06H 109 467AJ	正時鍊條調整器
06H 109 467AR	正時鍊條調整器
06H 109 467L	正時鍊條調整器
06H 109 467N	正時鍊條調整器
06H 115 105AC	機油泵
06H 115 105AM	機油泵
06H 115 105BK	機油泵
06H 115 105BP	機油泵
06H 115 105BR	機油泵
06H 115 105BT	機油泵
06H 115 105DG	機油泵
06H 115 105FK	機油泵
06H 115 105FL	機油泵
06H 115 225L	機油泵鍊條
06H 115 225N	機油泵鍊條
06H 115 243E	控制閥-機油
06H 115 243F	控制閥-機油
06H 115 243J	控制閥-機油
06H 115 418D	機油尺塞子
06H 115 610B	機油尺導管
06H 121 026BA	水泵
06H 121 026BA ZZ	水泵總成-瑕疵
06H 121 026BA ~	水泵總成
06H 121 026BF	水泵
06H 121 026CC	水泵總成
06H 121 026CP	水泵總成
06H 121 026CQ	水泵總成
06H 121 026CQ *	水泵總成
06H 121 026DC	水泵總成
06H 121 026DD	水泵總成
06H 121 026DD *	水泵總成-不代開關
06H 121 026DD -	水泵總成-不代開關
06H 121 026DD /	水泵總成-鋁體-含開關/皮帶
06H 121 026DD Z /	水泵總成-鋁體-未帶配件
06H 121 026DN	水泵總成
06H 121 057AN	水管-雙條
06H 121 085C	鐵水管
06H 121 119D	節溫器墊圈
06H 121 132E	水管接頭
06H 121 601L	輔助水泵
06H 127 025K	汽油泵-高壓
06H 127 025N	汽油泵-高壓
06H 129 629E	進氣管
06H 133 201AF	進汽歧管
06H 133 201AN	進汽歧管
06H 133 201E	進汽歧管
06H 133 518R	通氣管
06H 133 781AG	通氣管
06H 133 781AS	通氣管
06H 145 100AB	真空輔助泵
06H 145 100S	真空輔助泵
06H 145 100S -	真空輔助泵
06H 145 702L	渦輪增壓器
06H 145 710C	切斷閥-渦輪增壓
06H 145 710D .	切斷閥-渦輪增壓
06H 145 710D ~	切斷閥-渦輪增壓
06H 198 012 /	引擎上修包
06H 198 201ES	進汽歧管總成
06H 198 205AT	平衡軸修理包
06H 198 205F	閥門修理包
06H 198 401A	連桿組
06H 903 016L	發電機-140A
06H 903 017JX	發電機-150A
06H 903 017K -	發電機-180A
06H 903 017SX	發電機-150A
06H 903 119	發電機皮帶盤-單導向
06H 903 133F	皮帶張力減震器/惰輪
06H 903 133G -	皮帶張力減震器/惰輪
06H 903 137C /	皮帶-綜合
06H 903 143E	發電機固定座
06H 905 110E	發火線圈
06H 905 110F	發火線圈
06H 905 110G	發火線圈
06H 905 110L	發火線圈
06H 905 110L *	發火線圈
06H 905 115	發火線圈
06H 905 611 ~	火星塞
06H 905 621	火星塞
06H 906 036G	噴油嘴
06H 906 036P	噴油嘴
06H 906 036P *	噴油嘴
06H 906 051A	燃油壓力感知器
06H 906 051A *	燃油壓力感知器
06H 906 433 -	曲軸感知器
06H 906 433 /	曲軸感知器
06H 906 433C	曲軸感知器
06H 906 433C *	曲軸感知器
06H 906 517Q	電磁閥
06J 103 154B	機油噴油嘴
06J 103 226	引擎飾蓋墊圈
06J 103 383D	汽缸床
06J 103 600E	油底殼-引擎
06J 103 600E ZZ	油底殼-引擎
06J 103 600G	油底殼-引擎
06J 105 266S *	飛輪-DSG-7A
06J 109 259B	電磁閥
06J 115 105AB	機油泵
06J 115 403C	機油芯
06J 115 403J	機油芯
06J 115 403J +	機油芯
06J 115 403J .	機油芯
06J 115 403Q .	機油芯
06J 115 403Q /	機油芯
06J 115 610H	機油尺導管
06J 115 611E	機油尺
06J 117 021J	機油冷卻器
06J 117 021J -	機油冷卻器
06J 121 026AH	水泵總成
06J 121 132D	水管接頭
06J 127 025E	汽油泵-高壓
06J 127 025G	汽油泵-高壓
06J 127 025J	汽油泵-高壓
06J 127 025J *	汽油泵-高壓
06J 127 025J /	汽油泵-高壓
06J 127 025J ~	汽油泵-高壓
06J 127 025L +	汽油泵-高壓
06J 127 065A	接頭-燃油高壓泵>油管
06J 127 501L	燃油管-鐵
06J 127 501M	燃油管-鐵
06J 133 201AD	進汽歧管
06J 133 201AS	進汽歧管
06J 133 201BD	進汽歧管
06J 133 201BF	進汽歧管
06J 133 201BH /	進汽歧管
06J 133 201BH ~	進汽歧管
06J 133 781CA	通氣管-電磁閥
06J 145 100F	真空輔助泵
06J 145 701J *	渦輪增壓器
06J 145 701R /	渦輪增壓器
06J 145 713K *	渦輪增壓器
06J 145 735C	渦輪增壓器油管
06J 198 011 /	引擎下修包
06J 903 023C -	發電機
06J 903 023G * ZZ	發電機-140A-瑕疵
06J 903 023H -	發電機-140A
06J 903 023R *	發電機-140A
06J 903 133A	皮帶張力減震器/惰輪
06J 905 110G	發火線圈
06J 905 110K	發火線圈
06J 905 110N	發火線圈
06J 906 051B	燃油壓力感知器
06J 906 051D	燃油壓力感知器
06J 906 051F	燃油壓力感知器
06J 906 262C *	含氧感知器-前
06J 998 907B	油封組-噴油嘴
06K 103 171A	油封座-曲軸後
06K 103 171F	油封座-曲軸後
06K 103 171G	油封座-曲軸後
06K 103 171H	油封座-曲軸後
06K 103 213A	廢氣循環管
06K 103 383E	汽缸床
06K 103 383E *	汽缸床
06K 103 484A	油氣分離器墊片
06K 103 485A	機油蓋
06K 103 485C	機油蓋
06K 103 495AF	油氣分離器
06K 103 495AG ~	油氣分離器
06K 103 495AS	油氣分離器
06K 103 495AT	油氣分離器
06K 103 495BL /	油氣分離器
06K 103 495J	油氣分離器
06K 103 495P	油氣分離器
06K 103 600AE *	油底殼-引擎
06K 103 600D	油底殼-引擎
06K 103 600R	油底殼-引擎
06K 103 649	油底殼墊片-引擎
06K 107 065A *	活塞
06K 109 158A	正時鍊條
06K 109 158AD	正時鍊條
06K 109 158BE	正時鍊條
06K 109 210AF ~	正時鍊條外蓋
06K 115 243B	控制閥-機油
06K 115 243T	控制閥-機油
06K 115 562	機油芯
06K 115 610E	機油尺導管
06K 121 011B	水泵
06K 121 011C	水泵
06K 121 065Q	鐵水管
06K 121 065R	鐵水管
06K 121 085A	鐵水管
06K 121 085M	鐵水管
06K 121 497AM	水管
06K 121 605	水泵皮帶
06K 127 025E	汽油泵-高壓
06K 127 065B	接頭-燃油分配管>油管
06K 127 065E	接頭-燃油分配管>油管
06K 133 047	卡環
06K 133 201AA	進汽歧管
06K 133 201R	進汽歧管
06K 145 100P	真空輔助泵
06K 145 100P -	真空輔助泵
06K 145 722G	渦輪增壓器
06K 145 778AE	渦輪增壓器油管
06K 145 778E	渦輪增壓器油管
06K 905 377	爆震感知器
06K 905 377A	爆震感知器
06K 907 386F	電位計
06L 103 085	油封-曲軸前
06L 103 085B /	油封-曲軸前
06L 103 144D ~	汽缸蓋前蓋板
06L 103 213A	廢氣循環管
06L 103 649	油底殼墊片-引擎
06L 103 649C	油底殼墊片-引擎
06L 103 649M	油底殼墊片-引擎
06L 103 649S *	油底殼墊片-引擎
06L 103 801 -	放油螺絲-引擎
06L 109 257D	調整器
06L 109 257G	調整器
06L 109 259A	電磁閥
06L 115 401B	機油芯蓋
06L 115 401D	機油芯蓋
06L 115 401J	機油芯蓋
06L 115 441	機油芯座墊片
06L 115 562	機油芯
06L 115 562 /	機油芯
06L 115 610A	機油尺導管
06L 115 678C	接管
06L 117 021C	機油冷卻器
06L 121 005A	水泵
06L 121 012A	水泵
06L 121 012H	水泵
06L 121 012K	水泵
06L 121 085K	鐵水管
06L 121 111B	節溫器座總成
06L 121 111F	節溫器座總成
06L 121 111G	節溫器座總成
06L 121 111H	節溫器座總成
06L 121 111H -	節溫器座總成
06L 121 111HS ~	節溫器座總成-含水泵
06L 121 111J	節溫器座總成
06L 121 111K	節溫器座總成
06L 121 111K  ZZ	節溫器座總成
06L 121 119A	水泵墊片
06L 121 492C	水管-渦輪>鐵水管
06L 127 025M	汽油泵-高壓
06L 127 025P	汽油泵-高壓
06L 127 025P /	汽油泵-高壓
06L 127 025R	汽油泵-高壓
06L 133 201AH	進汽歧管
06L 133 201BP	進汽歧管
06L 133 201CD	進汽歧管
06L 133 201EL	進汽歧管
06L 133 201FA	進汽歧管
06L 133 201FJ	進汽歧管
06L 133 781Q	通氣管-電磁閥
06L 145 778H	渦輪增壓器油管
06L 903 133D -	皮帶張力減震器/惰輪
06L 903 133P	皮帶張力減震器/惰輪
06L 903 133Q	皮帶張力減震器/惰輪
06L 903 143D	發電機固定座/機油芯座
06L 905 110C	發火線圈
06L 905 110D	發火線圈
06L 905 110E	發火線圈
06L 905 110H	發火線圈
06L 906 036C *	噴油嘴
06L 906 036L *	噴油嘴
06L 906 052	壓力感知器-二次空氣泵
06M 103 485C	機油蓋
06M 103 515F	油氣分離器
06M 115 441E	機油芯座墊片-橡膠
06M 121 013C	水泵
06M 121 437B	O型環
06M 121 678F	熱水閥
06M 121 678G	熱水閥
06M 127 026H	汽油泵-高壓
06M 260 938E	惰輪-
06M 903 315E	皮帶張力減震器/惰輪
06M 906 036AP *	噴油嘴
06M 907 660B !	油位感知器-機油
06N 903 133	皮帶張力減震器/惰輪
070 103 383	汽缸床
070 103 603K	油底殼-引擎
070 115 561 /	機油芯
070 115 562 *	機油芯
070 115 611H	機油尺
070 121 011A	水泵
070 121 011DX	水泵
070 121 114 /	節溫器-含蓋
070 145 209J *	燃油泵-含真空泵
070 253 039C	排氣管墊片
070 253 039C *	排氣管墊片
070 903 139B /	發電機
070 903 201C	壓縮機齒輪-單向
070 903 201E /	壓縮機齒輪-單向
070 903 327C	皮帶齒輪
071 109 515	正時鍊條滑板固定桿
071 115 562	機油芯
071 115 562 -	機油芯
071 115 562A .	機油芯
071 115 562C .	機油芯
071 115 562C /	機油芯
071 121 005 /	水泵
071 121 063G	水管-水泵>直管>副水筒
071 260 097 *	風扇軸承-後
071 260 097A *	風扇軸承-前
071 906 461A -	空氣流量計
071 957 147 #	曲軸感知器
071 957 147 *	曲軸感知器
074 103 360A *	汽門室蓋
074 103 360AS	汽門室蓋
074 103 383M #	汽缸床
074 103 383M -	汽缸床
074 103 383M /	汽缸床
074 103 383P -	汽缸床
074 103 383P /	汽缸床
074 103 609B	油底殼墊片-引擎
074 103 609F /	油底殼墊片-引擎
074 105 251AC +	皮帶盤-曲軸
074 105 251S	皮帶盤-曲軸
074 105 251T *	皮帶盤-曲軸
074 105 264C -	飛輪總成
074 105 266G	飛輪
074 109 107F	正時皮帶護蓋-上
074 109 119F #	正時皮帶
074 109 119F -	正時皮帶
074 109 119R *	正時皮帶
074 109 121A	正時皮帶護蓋-下
074 109 157	正時皮帶護蓋-內
074 109 243C +	正時惰輪
074 109 243H	正時惰輪
074 109 243H -	正時惰輪
074 109 243J	正時惰輪
074 109 243R -	正時惰輪
074 115 105B	機油泵
074 115 105B X	機油泵
074 115 189A	墊片-前曲軸蓋板
074 115 405A	機油芯座
074 115 441B	機油芯座墊片
074 115 561 *	機油芯
074 115 561 /	機油芯
074 115 562 .	機油芯
074 121 004 #	水泵
074 121 004 *	水泵
074 121 004 +	水泵
074 121 004 -	水泵
074 121 004 /	水泵
074 121 005MX	水泵
074 121 005N	水泵
074 121 005N *	水泵
074 121 005N -	水泵
074 121 005NX	水泵
074 121 051D *	水管-下
074 121 065AE /	鐵水管
074 121 086G *	水管
074 121 121	節溫器蓋
074 121 132 *	水管接頭
074 121 143D /	水管接頭-側
074 129 620 +	空氣芯
074 129 620 /	空氣芯
074 129 717 /	進氣管墊片
074 130 113 -	正時皮帶-柴油泵
074 130 245 -	惰輪-柴油泵
074 130 361A *	冷氣提速器
074 141 031Q -	離合器片
074 141 031QX	離合器片
074 145 100	煞車真空輔助泵
074 145 100A	煞車真空輔助泵
074 145 157C	方向機泵
074 145 278E #	惰輪-綜合皮帶-平面
074 145 278E +	惰輪-綜合皮帶-平面
074 145 278E -	惰輪-綜合皮帶
074 145 278F +	惰輪-綜合皮帶
074 145 299A -	皮帶張力減震器
074 145 307	煞車真空輔助泵頂桿
074 198 011 -	引擎下修包
074 198 012A #	引擎上修包
074 198 012A -	引擎上修包
074 198 012A /	引擎上修包
074 198 031Q	壓板總成
074 198 031Q -	壓板總成
074 198 119M +	正時皮帶組-含惰輪
074 198 119M -	正時皮帶組-含惰輪
074 253 409B	消音器-中段
074 260 849AB *	皮帶-綜合
074 260 849AB -	皮帶-綜合
074 260 849AC *	皮帶-綜合
074 260 849AC +	皮帶-綜合
074 260 849AD	皮帶-綜合
074 260 849AD *	皮帶-綜合
074 260 849J *	皮帶-綜合
074 260 849J +	皮帶-綜合
074 260 849J -	皮帶-綜合
074 998 031	高壓線組
075 121 113D /	節溫器
0750 111 126	油封
0750 111 193	油封
076 121 005AX	水泵
076 121 132A	水管接頭
076 145 299	皮帶張力減震器
076 145 299 *	皮帶張力減震器
076 145 299A *	皮帶張力減震器總成-代惰輪
076 906 051A -	進氣壓力感知器
077 103 383BN	汽缸床-1-4
077 103 383BP	汽缸床-5-8
077 109 243A -	正時惰輪-調整
077 109 244E -	正時惰輪-固定
077 109 479D -	正時皮帶調整器
077 109 485E	正時惰輪-調整
077 121 004F	水泵
077 121 004G	水泵
077 121 004PX	水泵
077 121 113B	節溫器.4.2ltr
077 121 113C	節溫器
077 121 113C *	節溫器
077 129 620 *	空氣芯
077 129 620A *	空氣芯
077 129 620A /	空氣芯
077 129 620D .	空氣芯
077 133 471KV	空氣流量計
077 133 471KX	空氣流量計
077 198 025	汽門蓋墊片
077 198 025A /	汽門蓋墊片
077 198 025B /	汽門蓋墊片-1-4
077 198 025C /	汽門蓋墊片-5-8
077 198 563 *	機油芯
077 903 137D -	皮帶-綜合
077 903 137L *	皮帶-綜合
077 903 427	皮帶張力減震器
077 905 115E	發火線圈
077 905 115Q	發火線圈
077 905 115S	發火線圈
077 905 381	曲軸感知器
077 905 381A	曲軸感知器
077 905 381B	曲軸感知器
077 905 381B -	曲軸感知器
077 906 265AF *	含氧感知器-前
078 103 051A	曲軸油封-前
078 103 113B	汽缸頭側蓋
078 103 171K	油封座-曲軸後
078 103 171L /	油封座-曲軸後
078 103 224P	廢氣循環管
078 103 383E -	汽缸床
078 103 383K -	汽缸床
078 103 383L	汽缸床
078 103 483E	汽門蓋墊片
078 103 483J /	汽門蓋墊片
078 103 485B	機油蓋
078 103 485F /	機油蓋
078 103 601F -	二次空氣泵
078 103 601M -	二次空氣泵
078 103 604AA *	油底殼-引擎下
078 103 604AA .	油底殼-引擎下
078 103 604AA /	油底殼-引擎下
078 103 604AC *	油底殼-引擎下
078 103 604AC .	油底殼-引擎下
078 103 604H *	油底殼-引擎下
078 103 604H .	油底殼-引擎下
078 103 604T	油底殼-引擎下
078 103 609G -	油底殼墊片-引擎下
078 103 610A -	油底殼墊片-引擎下
078 103 610D	油底殼墊片-引擎下
078 103 610D *	油底殼墊片-引擎下
078 105 251R /	皮帶盤-曲軸
078 107 065P -6	活塞組-加大20
078 109 087C	凸輪軸鍊條調整器-4-6
078 109 119A	正時皮帶
078 109 119A *	正時皮帶
078 109 119D #	正時皮帶
078 109 119D -	正時皮帶
078 109 119G	正時皮帶
078 109 119H	正時皮帶
078 109 119H +	正時皮帶
078 109 123S	時規護蓋-左外
078 109 243K *	正時惰輪-調整
078 109 243Q	正時惰輪-調整
078 109 243R	正時惰輪-調整
078 109 244G *	正時惰輪-固定
078 109 244G .	正時惰輪-固定
078 109 244H *	正時惰輪-固定
078 109 244H /	正時惰輪-固定
078 109 479E .	正時皮帶調整器
078 109 611C #	汽門-排
078 115 103D .	機油泵
078 115 561D *	機油芯
078 115 561J +	機油芯
078 115 611N	機油尺
078 117 021A -	機油冷卻器
078 121 004C	水泵
078 121 004C *	水泵
078 121 004C -	水泵
078 121 004CV	水泵
078 121 004J	水泵
078 121 004J *	水泵
078 121 004J +	水泵
078 121 004J -	水泵
078 121 004J /	水泵
078 121 004L	水泵
078 121 004Q	水泵
078 121 004QX	水泵
078 121 004R -	水泵
078 121 006 +	水泵
078 121 006 .	水泵
078 121 006AX	水泵
078 121 006V	水泵
078 121 006X >	水泵舊品回收
078 121 043A -	水泵墊片
078 121 058D	水管-機油冷卻器>鐵管(上)
078 121 070BB	水管
078 121 071AH	鐵水管
078 121 071S	鐵水管
078 121 075AB	鐵水管-直
078 121 075AF ~	鐵水管-直
078 121 075R	鐵水管-直
078 121 081E	鐵水管-前
078 121 081J ~	鐵水管-前
078 121 081Q ~	鐵水管-前
078 121 082C	水管-鐵管>輔助水泵
078 121 082D	水管-鐵管>輔助水泵
078 121 096A	水管-引擎>鐵管(前)
078 121 096AD /	水管-引擎>鐵管(前)-冷卻器
078 121 113F *	節溫器
078 121 113F -	節溫器
078 121 113F -80	節溫器
078 121 113F -82	節溫器
078 121 113FS -82	節溫器-代O型環
078 121 113FS /71	節溫器
078 121 113G #	節溫器
078 121 113GS /71	節溫器-帶O型環
078 121 121K ~	節溫器蓋
078 129 717A -	進氣管墊片
078 129 717A /	進氣管墊片
078 131 101N	二次空氣閥-左
078 131 102F	二次空氣閥-右
078 131 120D	EGR閥座墊片
078 133 062	節流閥總成
078 133 062C	節流閥總成
078 133 062C *	節流閥總成
078 133 154 *	節流閥開關
078 133 201FX	進氣支管
078 133 455D *	怠速閥
078 133 471C *	空氣流量計
078 133 471E *	空氣流量計
078 133 551E *	噴油嘴
078 133 551L *	噴油嘴
078 133 619	進氣調整器
078 133 783E	通氣管
078 133 837AF	空氣芯總成
078 145 736B	渦輪增壓器油管-右
078 198 011A *	引擎下修包
078 198 012 -	引擎上修包
078 198 012A -	引擎上修包
078 198 012A /	引擎上修包
078 198 012B -	引擎上修包
078 198 012G /	引擎上修包
078 198 025 -	汽門蓋墊片
078 198 025 /	汽門蓋墊片
078 198 031S -	壓板總成
078 198 065G *	活塞組-*6
078 198 119A +	正時皮帶組-含惰輪
078 198 119A -	正時皮帶組-含惰輪
078 253 039C /	排氣管墊片
078 903 015F  XX	發電機-翻修件
078 903 015F *	發電機
078 903 015F -	發電機
078 903 015F /	發電機
078 903 015FX *	發電機-120A
078 903 016FV	發電機
078 903 016FV *	發電機
078 903 016H	發電機
078 903 133AB -	惰輪總成-綜合皮帶
078 903 133AB .	惰輪總成-綜合皮帶
078 903 133Q .	惰輪總成-綜合皮帶
078 903 133T	惰輪總成-綜合皮帶
078 903 137AJ #	皮帶-綜合
078 903 137AJ *	皮帶-綜合
078 903 137AJ -	皮帶-綜合
078 903 137P +	皮帶-綜合
078 903 803E	發電機碳刷
078 903 803E * XX	發電機碳刷-瑕疵
078 905 101A -	發火線圈
078 905 101A /	發火線圈
078 905 104	發火線圈
078 905 104 -	發火線圈
078 905 104A /	發火線圈
078 905 291A	單向閥
078 906 265M *	含氧感知器-前
078 906 283A	電磁閥
078 906 433A	曲軸感知器
078 906 433A #	曲軸感知器
078 906 433A *	曲軸感知器
078 906 433A -	曲軸感知器
078 906 433A /	曲軸感知器
078 906 433B -	曲軸感知器
078 906 601H -	二次空氣泵
078 911 023 -	起動馬達
078 911 023D -	起動馬達
078 911 023V	起動馬達
078 911 023X *	起動馬達
078 919 081A	機油壓力開關-紅
078 919 081A *	機油壓力開關-紅
078 919 501B	水溫開關
078 919 501C	水溫開關
078 919 529D	排氣溫度感應器
078 919 529E	排氣溫度感應器
078 919 529F	排氣溫度感應器
078 919 529G	排氣溫度感應器
078 919 529K	排氣溫度感知器-左
078 919 529L	排氣溫度感知器-右
078 919 529N	排氣溫度感知器-右
078 998 031C	高壓線組
079 103 245J	廢氣閥
079 103 483F	汽門蓋墊片-右
079 103 483G	汽門蓋墊片-左
079 103 542D	油氣分離器
079 109 217R	正時鍊條調整器
079 109 218R	正時鍊條調整器
079 109 507AF -	正時鍊條調整器
079 117 015A	機油冷卻器
079 121 012D	水泵總成
079 121 012K	水泵總成
079 121 013N	水泵總成
079 121 013P	水泵總成
079 121 013R	水泵總成
079 121 115AD	節溫器-含蓋
079 121 115BA	節溫器-含蓋
079 121 115BB	節溫器-含蓋
079 121 115BD	節溫器-含蓋
079 121 115BG *	節溫器-含蓋
079 121 115N	節溫器-含蓋
079 127 025AC /	汽油泵-高壓-左
079 127 025AE	汽油泵-高壓-左/右
079 127 025AF ~	汽油泵-高壓-左
079 127 025C	汽油泵-高壓-左
079 127 025H	汽油泵-高壓-左
079 127 025J	汽油泵-高壓-左
079 127 025T	汽油泵-高壓-左/右
079 127 026AC /	汽油泵-高壓-右
079 127 026C	汽油泵-右
079 127 026H	汽油泵-高壓-右
079 127 026J	汽油泵-高壓-右
079 198 405B	機油芯
079 198 405B .	機油芯
079 198 405E /	機油芯
079 260 753	防塵套
079 903 021MX	發電機-190A
079 903 133AJ	皮帶張力減震器/惰輪
079 903 133BF	皮帶張力減震器//惰輪
079 903 133E	惰輪總成-綜合皮帶
079 903 137A	皮帶-綜合
079 903 341 -	惰輪-綜合皮帶
079 903 341A	惰輪-綜合皮帶
079 905 110K	發火線圈
079 905 110L	發火線圈
079 905 626G	火星塞
079 906 036C	噴油嘴
079 906 036D	噴油嘴
079 906 262Q *	含氧感知器-前-1-4
079 911 022 -	起動馬達
079 911 023D *	起動馬達
079 919 523B	燃油溫度感知器
079 959 231	二次空氣泵
07C 115 562E .	機油芯
07C 115 562E /	機油芯
07C 905 115J	發火線圈
07C 905 715	發火線圈
07C 911 023GX	起動馬達
07D 145 299E	皮帶張力震器
07K 198 012 /	引擎上修包
07K 253 039D	排氣管墊片
07K 905 715	發火線圈
07K 905 715 *	發火線圈
07K 905 715D	發火線圈
07K 905 715F	發火線圈
07K 905 715F  ZZ	發火線圈
07K 905 715F -	發火線圈
07K 905 715F /	發火線圈
07L 103 051D	曲軸油封-前
07L 121 133M	水管接頭
07L 127 025E	汽油泵-高壓
07L 127 026AB	汽油泵-高壓
07L 127 026T	汽油泵-高壓
07L 903 133	皮帶張力減震器/惰輪
07L 905 163A	霍耳感知器
07L 905 163B	霍耳感知器
07L 907 386	電位計
07L 907 386A	電位計
07Z 907 281A /	繼電器-預熱塞
07Z 971 782	線組-噴油嘴
08-501807-00	活塞環
085 311 123	軸承
085 311 431C	軸承
088 141 165B *	釋放軸承-離合器
089 398 000 *	變速箱修理包-大
089 409 069 *	O型環-冷卻器
091 517 185B	軸承-差速器
095 321 243	油封-自動油泵
095 321 243A *	油封-自動油泵
095 321 243A ~	油封-自動油泵
095 321 371 *	油底殼墊片-變速箱
095 321 371 -	油底殼墊片-變速箱
095 323 715	軸承墊片
095 323 727	滾柱軸承-平
095 325 429D *	變速箱濾網
095 927 321A	速度感知器-變速箱
095 927 321A *	速度感知器-變速箱
095 927 321B *	速度感知器-變速箱
095 927 321C /	速度感知器-變速箱
096 321 370 *	油底殼墊片-變速箱
096 398 000 -	變速箱修理包-大
096 398 000B *	變速箱修理包-中
096 398 000B -	變速箱修理包-中
096 409 061C	冷卻器-ATF
096 409 061E .	冷卻器-ATF
096 409 061E /	冷卻器-ATF
096 409 061G *	冷卻器-ATF
096 409 067A	冷卻器螺絲
096 409 069A *	O型環-冷卻器螺絲
096 409 285A	接頭座-內半軸
097 398 000	變速箱修理包-大
098 321 370 *	油底殼墊片-變速箱
098 321 370 +	油底殼墊片-變速箱
098 321 371 *	油底殼墊片-變速箱
098 321 371 +	油底殼墊片-變速箱
098 927 365A /	線路板-電磁閥體
099 409 905P	變速箱支架
09A 409 529B	油封-差速器
09A 409 529B +	油封-差速器
09D 321 181	量油管墊片
09D 321 243A	油封-自動油泵
09D 325 435 *	變速箱濾網
09D 919 823	多功能開關
09E 325 429 -	變速箱濾網
09E 325 443	變速箱濾網墊片
09G 301 189 /	油封-差速器
09G 321 243	油封-自動油泵
09G 321 363B	量油管-變速箱
09G 325 429 *	變速箱濾網
09G 325 429A *	變速箱濾網
09G 927 321	速度感知器-變速箱
09K 321 243 +	油封-自動油泵
09K 325 429 *	變速箱濾網
09M 325 429 *	變速箱濾網
0A5 141 671	離合器分泵/軸承
0A5 141 671 *	離合器分泵/軸承
0A5 141 671 /	離合器分泵/軸承
0A5 141 671E	離合器分泵/軸承
0A5 141 671F	離合器分泵/軸承
0A5 141 671S -	離合器分泵/軸承
0A6 409 189	油封-差速器左
0A6 409 189 /	油封-差速器左
0A6 409 529	油封-差速器輸入軸
0A6 409 596	油封-差速器右
0A6 409 596 /	油封-差速器右
0AD 341 601C	驅動馬達-中差速器
0AM 198 140A	離合器-雙
0AM 198 140B	離合器-雙
0AM 198 140B Z	離合器-雙
0AM 198 140C	離合器-雙
0AM 198 140C Z	離合器-雙
0AM 198 140L	離合器-雙
0AM 198 140M	離合器-雙
0AM 198 140N	離合器-雙
0AM 198 140R	離合器-雙
0AM 198 140S	離合器-雙
0AM 198 141K	離合器-雙
0AM 198 142AC	離合器-雙
0AM 198 142B	離合器-雙
0AM 198 142H	離合器-雙
0AM 300 048RX 011	變速箱總成
0AM 301 189C	油封-差速器
0AM 301 733H	油封-差速器
0AM 301 733K	油封-差速器
0AM 311 562K	換擋撥叉-6檔
0AM 325 025H  Z29	變速箱閥體/電腦-DSG
0AM 911 023BX	起動馬達
0AM 911 023K /	起動馬達
0AM 911 023R *	起動馬達
0AM 911 023TX	起動馬達
0AW 301 516E	變速箱濾網-SA
0AW 301 516G	變速箱濾網-SA
0AW 301 516H /	變速箱濾網-SA
0AW 301 516H ~	變速箱濾網-SA
0AW 301 519C *	變速箱濾網
0B4 409 399C	油封-差速器-左
0B5 311 944B	油封
0B5 321 371D	油底殼墊片-變速箱
0B5 321 371E	油底殼墊片-變速箱
0B5 325 429E *	變速箱濾網
0B5 398 009D	閥體修包
0B5 398 009E	閥體線路板修理包
0B5 398 048C	變速箱修理包
0BH 301 125C	變速箱閥體/電腦-外蓋
0BH 301 205C	前離合器外蓋板
0BH 317 019A	冷卻器-ATF
0BH 325 025D  Z0M	變速箱閥體/電腦-DSG
0BH 325 025F  Z04	變速箱閥體/電腦-DSG
0BH 325 183A	變速箱油芯
0BH 325 183B -	變速箱油芯
0BH 325 201C	變速箱閥體外蓋板
0BH 409 400B	油封-變速箱
0BH 409 400C	油封-變速箱
0BK 398 009	變速箱濾網修包
0BK 398 009 *	變速箱濾網修包
0BW 398 009A	變速箱濾網組
0C9 311 220A	軸承-輸出軸
0CK 321 359K	油底殼-變速箱
0CK 321 371	油底殼墊片-變速箱
0CK 927 753J	多功能開關
0D5 398 048	放油螺絲組-變速箱
0GC 325 183	變速箱油芯
0GC 325 183 /	變速箱油芯
0GC 325 201E	油底殼-變速箱含墊片
0PC 115 466 /	機油芯
0VA 598 549A *	驅動馬達
1 5225	中央扶手
1 987 335 100	搖控器-防盜
10*740	皮帶-方向機
100 698 010A	空氣泵
100-1216-50	煞車盤-前-打洞
100-1234-50	煞車盤-前-打洞
100-1241-52	煞車盤-後-打洞
100-3309-52	煞車盤-後-打洞
101 000 005AB +	火星塞 14-7DTU
101 000 006AF	火星塞
101 000 010AB *	火星塞
101 000 016AA	火星塞
101 000 026A	火星塞
101 000 033AA +	火星塞 14-FGH-7DTURX
101 000 033AA ~	火星塞
101 000 033AF	火星塞
101 000 035AB	火星塞
101 000 035AB *	火星塞-FR8LDC
101 000 035AH *	火星塞-BKR5EKUP
101 000 041AC +	火星塞
101 000 051AA *	火星塞
101 905 603B	火星塞
101 905 631F	火星塞
101 905 631H	火星塞
105 781	避震器-後
1060.298.032	變速箱修理包-01V
11 42 7 673 541 *	機油芯
11 42 8 507 683 +	機油芯
111 837 321D	車門飾條-左外
111 837 322D	車門飾條-右外
111 837 475B	車門飾條-左內
111 837 476A	車門飾條-右內
111 857 703	後視鏡-左
111 857 704	後視鏡-右
111 905 865L *	引擎鎖開關
111 945 095P	尾燈-左
111 945 096P	尾燈-右
113 101 403A -	汽門導管-進汽
113 101 481F	汽門蓋墊片
113 101 481F /	汽門蓋墊片
113 101 483D -	汽門蓋墊片
113 105 701 -	小波司組
113 105 703 *	小波司組-加大0.25
113 129 620 *	空氣芯
113 201 943B	T 型接頭
113 945 515H -	煞車燈開關
115 475	避震器芯-前
115 906	避震器-前
1153 1 722 682	水管
119-018	雨刷片-軟式-18"
119-363	雨刷片組-軟式-左+右
119-422	雨刷片組-軟式-左+右
119.100	雨刷精
119.297	雨刷片組-軟式-24"+20"
119.319	雨刷片組-軟式-21"+19"
119.321	雨刷片組-軟式-21"/21"
119.323	雨刷片組-軟式-22"*2
119.350	雨刷片組-軟式-22"/23"
119.358	雨刷片組-軟式-左+右
119.383	雨刷片組-軟式-28"*2
140 271 0080	油底殼墊片-變速箱
141 951 253B	繼電器-53/86
141 951 253B *	繼電器-53/86
141 951 253B +	繼電器-53/86
141 951 253B -	繼電器-53/86
141 951 253B /	繼電器-53/86
141 951 253B ~	繼電器-53/86
1500 118 400	避震器組-改車用
155 201 551 *	油箱蓋
155 253 115 /	排氣管墊片
155 827 550B	撐桿-後箱蓋
155 837 206A	外把手-右門
155 837 911E	防水橡皮-左門
155 837 912E	防水橡皮-右門
161 867 299	扣子
161 937 501	繼電器座
161 949 101B	側燈-代座
161 949 101B -	側燈
161 949 117 *	側燈
161 949 117 -	側燈
165 131 701E	觸煤轉換器
165 201 042	汽油泵盒
165 201 042A	汽油泵盒
165 253 609AC	消音器-後段
165 253 609AF	消音器-後段
165 253 609AF -	消音器-後段
165 253 609N *	消音器-後段
165 807 193A 01C	保桿側固定座
165 807 217D *TW	保桿-前外
165 821 021E *TW	葉子板-左前
165 821 022E *TW	葉子板-右前
165 827 933	後擾流板
165 941 018K /	大燈總成-右
165 945 111 *	尾燈-左
165 945 112 *	尾燈-右
165 947 563	室內燈開關
165 953 155	方向燈-前
165 953 155A *	方向燈-前
165 959 455AM *	風扇馬達
165 959 455AM /	風扇馬達
165 959 455AM >	風扇馬達
167 831 052E	車門總成-右前
170 786	避震器-後
170 884	避震器-後
171 121 051G	水管-下
171 121 101AM	水管-上
171 121 407F /	副水筒
171 199 214F /	引擎腳-右後
171 407 153D *	三角架
171 407 255B	羊角-左前輪
171 407 643A	螺帽-傳動軸
171 412 031B *-	避震器芯-前
171 412 031B +	避震器芯-前
171 498 203 -	防塵套修包-外半軸
171 513 033N *	避震器-後
171 513 033N *GAS	避震器-後
171 513 033N -	避震器-後
171 609 819B	調整桿-左後煞車
171 609 820B	調整桿-右後煞車
171 611 701L /	煞車軟管-前
171 615 123B	煞車分泵-前左
171 615 124B	煞車分泵-前右
171 698 447A	導管膠套-前煞車
171 823 499	緩衝橡皮
171 837 199A	扣子
171 837 657	前三角玻璃拉柄
171 881 213B 909	座椅滑扣-外
171 959 511 /	風量開關
175 422 061	動力方向機
175 422 061A	動力方向機
175 422 803	惰桿總成
176 945 096	尾燈-右
19-020198	避震器-前-GAS BNE-2019
19-028651	避震器-後-GAS BNE-2865
19-111797	避震器-後-GAS BNE-B179
19-140025	避震器-後-GAS BNE-E002
19-140100	避震器-後-GAS BNE-E010
191 091 700 -	空調濾芯
191 121 051P *	水管-下
191 121 101Q ~	水管-上
191 121 251C !	水箱
191 121 251C *	水箱
191 121 251C +	水箱
191 121 253N *	水箱
191 121 283C	集風板
191 129 620 #	空氣芯
191 129 620 +	空氣芯
191 129 620 .	空氣芯
191 129 620 /	空氣芯
191 131 701EX	觸煤轉換器
191 199 262A *	引擎腳-右後
191 199 279C -	引擎腳-前
191 199 279C /	引擎腳-前
191 199 279E /	引擎腳-前
191 199 402C *	變速箱腳-紅
191 201 042A	汽油泵盒
191 201 043	汽油泵盒
191 201 043F	汽油泵盒
191 253 091AP	排氣管-前段
191 253 141F *	排氣管接管-前
191 253 209J -	消音器-前段
191 253 209N -	消音器-前段
191 253 409AT *	消音器-中段
191 253 609AE *	消音器-後段
191 253 609AE +	消音器-後段
191 253 609AE /	消音器-後段
191 253 609BL *	消音器-後段
191 253 609BM *	消音器-後段
191 253 609L *	消音器-後段
191 253 609L /	消音器-後段
191 253 609M *	消音器-後段
191 253 609M -	消音器-後段
191 407 151B *	三角架
191 407 151B .	三角架
191 407 181E	三角架鐵套
191 407 271K *	傳動軸-左
191 407 271LX  *	傳動軸-左
191 407 272BD *	傳動軸-右
191 407 285F	防塵套-傳動軸
191 407 331 -	內半軸
191 407 365 /	和尚頭-三角架
191 407 452BX *	傳動軸-右
191 407 615 *	哈扶-前
191 407 615 +	哈扶-前
191 407 625 *	前輪軸承
191 411 315A +	平衡桿接頭
191 411 315BS /	平衡桿接頭總成
191 411 329	平衡桿橡皮
191 412 303C	避震器橡皮-前
191 412 329 #	避震器上座-代軸承
191 412 329 +	避震器上座-代軸承
191 413 031J	避震器-前
191 413 031J *-	避震器芯-前
191 413 031J +	避震器芯-前
191 413 031J -	避震器芯-前
191 413 031J GAS	避震器芯-前
191 419 523D	方向機柱防塵套
191 419 803	惰桿-左
191 419 803 +	惰桿-左
191 419 803 /	惰桿總成-左
191 419 804	惰桿-右
191 419 804 +	惰桿-右
191 419 811 #	和尚頭-惰桿左
191 419 811 .	和尚頭-惰桿左
191 419 811 /	和尚頭-惰桿左
191 419 812 !	和尚頭-惰桿右
191 419 812 #	和尚頭-惰桿右
191 419 812 .	和尚頭-惰桿右
191 419 812 /	和尚頭-惰桿右
191 419 831 *	方向機防塵套
191 422 055	動力方向機
191 422 055X -	動力方向機
191 422 061E	動力方向機
191 422 061MX	動力方向機
191 422 061MX *	動力方向機
191 422 061SX	動力方向機
191 422 801 -	惰桿
191 422 803A +	惰桿總成-左
191 422 803A /	惰桿總成-左
191 422 804A +	惰桿總成-右
191 422 804A /	惰桿總成-右
191 422 821 *	惰桿
191 422 821 +	惰桿
191 422 821 -	惰桿
191 422 821 .	惰桿
191 422 821 /	惰桿
191 422 845	油壺架
191 422 893 *	方向機油管-泵>方機
191 498 103 -	內半軸修包
191 498 103C	內半軸修包-左
191 498 201B *LM	防塵套修包-內半軸
191 498 201D *LO	防塵套修包-內半軸
191 501 615B-	煞車鼓
191 512 131B -	避震器橡皮-後
191 512 131B .	避震器橡皮-後-紅
191 512 131B ..	避震器橡皮-後-藍
191 512 333  S1 -	後避上座橡皮組-4
191 513 033D #	避震器-後
191 513 033D *	避震器-後
191 513 033D *LI	避震器-後
191 513 033D +	避震器-後
191 513 033D -	避震器-後
191 513 033D -LI	避震器-後
191 513 033D /	避震器-後
191 513 033J	避震器-後
191 598 333 -	後上座修理包
191 598 625 **	後輪軸承組
191 609 721A !	手煞車線
191 609 721F	手煞車線
191 612 107A *	煞車真空輔助泵
191 612 151C	煞車平衡器
191 614 149  EOT	轉子-ABS後輪速度感應
191 698 151G	來令片組-前
191 698 151G +	來令片組-前
191 698 151G -	來令片組-前
191 698 151G /	來令片組-前
191 698 151G ^	來令片組-前
191 698 151J	來令片組-前
191 698 151J !	來令片組-前
191 698 151J #	來令片組-前
191 698 151J *	來令片組-前
191 698 151J /	來令片組-前
191 698 301A	ABS煞車油壺
191 698 304A -	ABS減壓器
191 711 116C *	排擋桿
191 711 141B /	排擋頭-手排
191 711 190A	排擋桿橡皮
191 711 574 .	排擋連桿-長
191 713 265D *	排擋線-自排
191 721 335M *	離合器線
191 721 335M -	離合器線
191 723 555 *	油門線-自排
191 805 591 -	水箱架
191 805 903C	前下擾流板
191 805 904C *	前下擾流板-右
191 807 301AC	保桿總成-後
191 807 301AC ROH	保桿總成-後
191 807 301B *  XX	保桿總成-後
191 807 301F  QS1	保桿總成-後
191 807 417C  QS1	保桿-後外
191 807 417P ROH	保桿-後外
191 807 441A 2BC	拖鉤蓋-後
191 813 301H -	後圍板
191 819 031F	暖排
191 819 371E +	熱水管-進
191 819 373D	熱水管-出
191 819 638	空調濾芯
191 820 409	冷排固定架橡
191 820 413ES	冷排
191 820 679 *	膨脹閥
191 820 743K *	冷氣管-壓>膨
191 820 803 *	壓縮機總成
191 820 805	壓縮機總成
191 820 811	壓縮機離合器
191 821 021D	葉子板-左前
191 821 022D	葉子板-右前
191 823 533  01C	引擎蓋拉柄
191 827 025ES X	後箱蓋-含玻璃-中古件
191 827 550B /	撐桿-後箱蓋
191 837 179   LN8	內把手拉柄-左-黑
191 837 202B	鑰匙-G60
191 837 205A *	外把手-左前門
191 837 205A +	外把手-左前門
191 837 205A -	外把手-左前門
191 837 206A +	外把手-右前門
191 837 209	外把手墊片
191 837 401B *	升降機-手動左前
191 837 401B +	升降機-手動左前
191 837 401C *	升降機總成-電動左前
191 837 401C .	升降機總成-電動左前
191 837 401C ~	升降機總成-電動左前
191 837 401S	升降機總成-電動左前
191 837 402 /	升降機-手動右前
191 837 402B *	升降機-手動右前
191 837 402B +	升降機-手動右前
191 837 402B ~	升降機-手動右前
191 837 402C *	升降機總成-電動右前
191 837 402C .	升降機總成-電動右前
191 837 402C ~	升降機總成-電動右前
191 837 402S	升降機總成-電動右前
191 837 470S	外水切組
191 837 581  LN8	鼓手
191 837 581 /	鼓手
191 853 231	固定扣
191 853 653F *	前柵-四圓燈
191 853 677C *	通風網-前下
191 853 687A  GX2	GOLF CL標誌
191 853 687L	GOLF GL標誌
191 853 687Q  GX2	GOLF GLI標誌-後箱
191 857 501A	後視鏡總成-左
191 857 508A *	後視鏡總成-右
191 857 521B	後視鏡片-左
191 857 521L	後視鏡片-左除霧
191 857 522K *	後視鏡片-右
191 857 559   H50	遮陽板扣
191 857 559  1DH	遮陽板扣
191 857 559  3UK	遮陽板扣
191 863 215   LN8	排擋桿蓋板-自排
191 863 216  LN8	排擋桿蓋板
191 863 447 *	吊繩-后廂置物板
191 867 365C -	防水橡皮-車門
191 867 625  01C	屋頂飾條
191 867 840	扣子
191 881 633B	座椅拉柄-前
191 881 671   01C	椅背調整扭
191 905 351B +	點火晶體
191 906 090	汽油泵
191 906 090 *	汽油泵
191 906 091H	汽油泵
191 906 091J	汽油泵
191 906 091J * ZZ	汽油泵-瑕疵
191 906 283A -	電磁閥-內外氣切換
191 906 383C ~	繼電器-80/167
191 911 261C *	繼電器-102
191 915 105	電瓶
191 915 105AB	電瓶
191 915 105AC	電瓶-64AH/320A
191 919 149A	路碼錶感知器
191 919 305A	點煙器
191 937 503	繼電器-18
191 937 503 *	繼電器-18
191 937 503 -	繼電器-18
191 937 503 ~	繼電器-18
191 941 753 *	大燈(圓)
191 941 753 -	大燈(圓)
191 941 753B *	大燈(圓)
191 941 753B -	大燈(圓)
191 941 753B /	大燈(圓)
191 941 783B *	霧燈-左
191 941 783B /	霧燈-左
191 941 784B *	霧燈-右
191 941 784B /	霧燈-右
191 945 111A *	尾燈-左
191 945 111F	尾燈-左-紅/黑
191 945 112 *	尾燈-右
191 945 515	煞車燈開關
191 945 515B .	煞車燈開關
191 945 515B ~	煞車燈開關
191 951 113B	喇叭-單音
191 951 221	喇叭-低音-L
191 951 223	喇叭-高音-H
191 953 155C	方向燈-左前
191 953 155C -	方向燈-左前
191 953 155C /	方向燈-左前
191 953 155F	方向燈-左前-白
191 953 156 -	方向燈-右前
191 953 156 /	方向燈-右前
191 953 515C LN8	方向盤蓋板
191 955 529 -	繼電器-72
191 957 803B *	路碼錶線
191 959 263 /	連續電阻
191 959 481C	水溫開關-散熱馬達
191 959 801A	電窗馬達-左前
191 959 802A	電窗馬達-右前
191 959 855	電窗開關
191 959 855 /	電窗開關
191 972 706	插頭座
192 945 112B	尾燈-右-紅/黑
192 945 112B *	尾燈-右-紅/黑
193 839 205 *	外把手-左後門
193 839 205 /	外把手-左後門
193 839 206 *	外把手-右後門
193 839 206 /	外把手-右後門
193 839 401 *	升降機-手動左後
193 839 401 ~	升降機-手動左後
193 839 440A *	泥槽-右後門
1AL 009 213-801	大燈總成組-魚眼
1BL 139 277-001	大燈-左外圓燈
1BL 139 278-001	大燈-右外圓燈
1C0 121 207A	集風罩
1C0 121 253A +	水箱
1C0 121 253A -	水箱
1C0 121 253C	水箱
1C0 121 403	副水筒
1C0 121 407C	副水筒
1C0 121 407E	副水筒
1C0 121 407F	副水筒
1C0 129 622B	進氣導管
1C0 129 622C	進氣管
1C0 129 684K	進氣管
1C0 145 712D	進氣管
1C0 805 594C	水箱架
1C0 805 594H	水箱架
1C0 805 594R	水箱架
1C0 805 605D	大燈固定架-左
1C0 805 606D	大燈固定架-右
1C0 806 639B	大燈外罩-左
1C0 806 640B	大燈外罩-右
1C0 807 221D GRU	保桿-前外
1C0 807 287  B41	牌照板-前
1C0 807 305B	保桿內鐵-後
1C0 807 681C 01C	通風網襯套
1C0 809 424B	水箱架上飾板
1C0 809 857E GRU	油箱口蓋板
1C0 809 857Q  GRU	油箱口蓋板
1C0 809 961F	擋泥板-左前內龜
1C0 809 962H	擋泥板-右前內龜
1C0 810 899G	油箱蓋板導管
1C0 820 045D 01C	冷氣開關總成
1C0 820 413A	冷排
1C0 820 413A /	冷排
1C0 820 721B	冷氣管-冷>壓
1C0 821 088A	連接板-右葉子板
1C0 821 143D	螺絲
1C0 821 712B	前葉貼紙-右下
1C0 823 031F	引擎蓋
1C0 823 031F +	引擎蓋
1C0 823 301D	引擎蓋後鈕-左
1C0 823 302D	引擎蓋後鈕-右
1C0 823 359B	撐桿-引擎蓋
1C0 823 359C	撐桿-引擎蓋-鋁
1C0 823 359C *	撐桿-引擎蓋-鋁
1C0 823 359D /	撐桿-引擎蓋
1C0 823 509C	引擎蓋六角鎖
1C0 823 509E	引擎蓋六角鎖
1C0 823 593D	引擎蓋釋放拉柄
1C0 825 245A	引擎下護板-左
1C0 825 250A	皮帶護板
1C0 827 505C 01C	後箱六角鎖
1C0 827 511  01C	後箱六角鎖扣
1C0 827 511C 01C	後箱六角鎖扣
1C0 827 550B	撐桿-後箱蓋
1C0 827 550D *	撐桿-後箱蓋-鋁
1C0 827 550D /	撐桿-後箱蓋
1C0 827 705J	防水橡皮-後箱
1C0 831 051A	門總成-左
1C0 831 052A	門總成-右
1C0 831 411A	車門後扭-前左下
1C0 831 412A	車門後扭-前右下
1C0 837 167A	鎖仁-外把手左
1C0 837 168A	鎖仁-外把手右
1C0 837 249A	車門止擋器
1C0 837 431B B41	門框橡皮-左
1C0 837 655A	升降機-電動左
1C0 837 656A	升降機-電動右
1C0 837 879   3FZ	外把手鎖仁飾蓋
1C0 837 879A  3FZ	外把手鎖仁飾蓋
1C0 837 885A	內把手座-左/右
1C0 837 885C	內把手座-左/右
1C0 837 889B	B 柱外蓋-左
1C0 853 617B  WM7	VW 標誌-前
1C0 853 630C  MV9	後VW標誌  鍍鉻
1C0 853 630M  WM7	VW 標誌-後
1C0 857 961C 3SG	煙灰盒-灰/後
1C0 862 531A 7DE	置杯架
1C0 862 531E  3SG	置杯架
1C0 862 531H  2QL	置杯架
1C0 863 835D	吸音棉-引擎蓋
1C0 864 279   7DE	中央扶手支架側蓋-左
1C0 867 171B  2QL	內把手飾蓋-左前-黑
1C0 867 171B  7DE	內把手飾蓋-左前上-灰
1C0 867 172B  2QL	內把手飾蓋-右前
1C0 867 172B  3SG	內把手飾板-右前
1C0 867 172B  7DE	內把手拉柄飾蓋-右前-灰
1C0 868 107A  FYV	車門內飾板-左
1C0 881 634  B41	座椅拉柄-右前-黑
1C0 919 341A	點煙器反光環
1C0 941 029D	大燈總成-左
1C0 941 029J *	大燈總成-左
1C0 941 029J ZZ	大燈總成-左-瑕疵
1C0 941 030C	大燈總成-右
1C0 941 030D	大燈總成-右
1C0 941 030J  *	大燈總成-右
1C0 941 030J *	大燈總成-右
1C0 941 072E	倒車燈-右
1C0 941 531  01C	大燈開關
1C0 941 531A -	大燈開關
1C0 941 531A 01C	大燈開關
1C0 945 073A	側燈-前保桿左
1C0 945 074A	側燈-右
1C0 945 097A	第三煞車燈
1C0 945 097B	第三煞車燈
1C0 945 171B	尾燈-左
1C0 945 171F	尾燈-左
1C0 945 171G /	尾燈-左
1C0 945 172B	尾燈-右
1C0 945 172F	尾燈-右
1C0 953 155D	方向燈-左前
1C0 953 155E	方向燈-左前
1C0 953 156D	方向燈-右前
1C0 953 156E	方向燈-右前
1C0 953 235  B41	故障燈開關
1C0 955 453D	雨刷噴水筒
1C0 955 473C	固定架-雨刷噴水筒
1C0 955 485	雨刷噴水筒濾網
1C0 959 812  001  XX	電窗馬達-右後-中古
1C1 823 531B	引擎蓋拉線
1C1 857 507N GRU	後視鏡座-左電動
1C1 857 508N GRU	後視鏡座-右電動
1C1 857 508T  GRU	後視鏡座-右電動
1C1 857 521F	後視鏡片-左除霧廣角
1C1 857 521H	後視鏡片-左除霧廣角
1C1 857 521M ZZ	後視鏡片-左除霧廣角-瑕疵
1C1 857 522B	後視鏡片-右除霧
1C1 857 522B XX	後視鏡片-右除霧-中古
1C1 857 705G HCQ	安全帶-左前-灰
1C1 857 706G HCQ	安全帶-右前-灰
1C1 955 409A	雨刷臂-左
1C1 955 410A	雨刷臂-右
1DJ 008 187-021	大燈總成-右/四代型
1DJ 008 187-041	大燈總成-右-四代型-黑
1DJ 008 187-811	大燈總成組-四代型-黑
1DL 007 385-811	四圓燈組-黑
1EJ 009 292-801	大燈總成組-四代改五代型
1EL 009 476-011	大燈總成-左-黑-魚眼
1EL 009 476-021	大燈總成-右-黑-魚眼
1EL 354 250-011	大燈總成-左-氙氣
1EL 354 250-021	大燈總成-右-氙氣
1EM 862 533   B41	置杯架
1F0 008 671-801	霧燈組-氙氣
1F0 129 607	空氣芯總成
1F0 129 620 .	空氣芯
1F0 129 620 ~	空氣芯
1FO 008 390-801	霧燈組-氙氣
1H0 051 503D	天線-手動
1H0 091 800 #	空調濾芯-活性碳
1H0 091 800 *	空調濾芯-活性碳
1H0 091 800 /	空調濾芯-活性碳
1H0 119 113 /	風扇-被動
1H0 119 137 +	皮帶-風扇
1H0 119 137A /	皮帶-風扇
1H0 121 101B *	水管-上
1H0 121 101B -	水管-上
1H0 121 101R	水管-上
1H0 121 109A *	水管-副筒>鐵管
1H0 121 109B *	水管-副筒>鐵管>ATF冷卻器
1H0 121 157	水管-三通
1H0 121 157A	水管
1H0 121 253BA #	水箱
1H0 121 253BA +	水箱
1H0 121 253BA -	水箱
1H0 121 253BE	水箱
1H0 121 253BE #	水箱
1H0 121 253BE *	水箱
1H0 121 253BE /	水箱
1H0 121 253L *	水箱
1H0 121 253P	水箱
1H0 121 253P *	水箱
1H0 121 253P /	水箱
1H0 121 321C #	水箱蓋
1H0 121 321C -	水箱蓋-黑
1H0 121 321C .	水箱蓋-綠
1H0 121 407A *	副水筒
1H0 121 407A /	副水筒
1H0 121 687	O型環-水管接頭
1H0 127 401C -	汽油杯-柴油
1H0 127 401C /	汽油杯-柴油
1H0 129 620 #	空氣芯
1H0 129 620 +	空氣芯
1H0 129 620 .	空氣芯
1H0 129 620 /	空氣芯
1H0 131 701J *	觸煤轉換器
1H0 131 701JX	觸煤轉換器
1H0 199 262A #	引擎腳-右後
1H0 199 262F	引擎腳-右後
1H0 199 262F +	引擎腳-右後
1H0 199 262F /	引擎腳-右後
1H0 199 262K +	引擎腳-右後
1H0 199 609F	引擎腳-前
1H0 199 609F +	引擎腳-前
1H0 199 609K +	引擎腳-前
1H0 201 511	汽油杯
1H0 201 511 *	汽油杯
1H0 201 511 -	汽油杯
1H0 201 511 /	汽油杯
1H0 201 511A +	燃油濾清器-汽油
1H0 201 511A .	汽油杯
1H0 201 511A ~	汽油杯
1H0 201 511A ~1	燃油濾清器-汽油
1H0 201 801C ~	活性碳罐
1H0 253 115 -	排氣管墊片
1H0 253 409B *	消音器-中段
1H0 253 409B -	消音器-中段
1H0 253 409B /	消音器-中段
1H0 407 151 /	三角架
1H0 407 255	羊角-左前輪
1H0 407 256	羊角-右前輪
1H0 407 271A	傳動軸-左
1H0 407 271A *	傳動軸-左
1H0 407 271C	傳動軸-左
1H0 407 271N *	傳動軸-左
1H0 407 272A *	傳動軸-右
1H0 407 272MX	傳動軸-右
1H0 407 417 *	內半軸修理包-左
1H0 407 418 *	內半軸修理包-右
1H0 407 450BX	傳動軸-右
1H0 413 031A #	避震器-前
1H0 413 031A *	避震器-前
1H0 413 031A +	避震器-前
1H0 413 031A /	避震器-前
1H0 413 031A >	避震器-前
1H0 413 031A GA	避震器-前
1H0 413 031L *	避震器-前
1H0 413 031L /	避震器-前
1H0 419 669A  01C	喇叭蓋
1H0 419 677   01C	方向盤喇叭蓋
1H0 422 371	方向機油壺
1H0 422 371A	方向機油壺
1H0 422 371C /	方向機油壺
1H0 422 801C *	惰桿
1H0 422 803 +	惰桿總成-左
1H0 422 803 /	惰桿總成-左
1H0 422 804 +	惰桿總成-右
1H0 422 804 /	惰桿總成-右
1H0 422 804A *	惰桿總成-右
1H0 422 821 +	惰桿
1H0 422 821 /	惰桿
1H0 422 821C *	惰桿
1H0 422 831B *	方向機防塵套
1H0 422 831B -	方向機防塵套
1H0 422 831BS *	方向機防塵套-代束子
1H0 422 875	方向機架子
1H0 422 884 /	方向機固定橡皮
1H0 498 099 -	外半軸修理包
1H0 498 099 /	外半軸修理包
1H0 498 203	防塵套修包-外半軸
1H0 498 203 *	防塵套修包-外半軸
1H0 498 203 /	防塵套修包-外半軸
1H0 498 203A /	防塵套修包-外半軸
1H0 501 541	後軸鐵套
1H0 513 031 -	避震器-後
1H0 513 031D -	避震器-後
1H0 513 031R +	避震器-後
1H0 513 031S -	避震器-後
1H0 609 721 -	手煞車線
1H0 609 721A /	手煞車線
1H0 611 053 *	煞車分泵-後
1H0 611 701 #	煞車軟管-前
1H0 611 731A	煞車油管接頭
1H0 612 151C *	煞車平衡器
1H0 615 123A	煞車分泵-前左
1H0 615 123B	煞車分泵-前左
1H0 615 123BX	煞車分泵-前左
1H0 615 124B	煞車分泵-前右
1H0 615 124C	煞車分泵-前右
1H0 615 424 *	煞車分泵-後右
1H0 698 151 !	來令片組-前
1H0 698 151 +	來令片組-前
1H0 698 151B ^	來令片組-前
1H0 698 451C	來令片組-後
1H0 698 451C /	來令片組-後
1H0 698 451D	來令片組-後
1H0 698 451E	來令片組-後
1H0 698 451E *	來令片組-後
1H0 698 451E .	來令片組-後
1H0 698 451F #	來令片組-後
1H0 698 451F .	來令片組-後
1H0 698 451H	來令片組-後
1H0 698 520X	來令片組-後
1H0 698 525 *	來令片組-後
1H0 698 525 +	來令片組-後
1H0 698 525 .	來令片組-後
1H0 698 525 /	來令片組-後
1H0 698 525X	來令片組-後
1H0 698 545A	後煞車修理包
1H0 711 202A	排擋線連桿
1H0 721 173 -	踏板橡皮
1H0 721 555A	油門線-手排
1H0 805 551B *TW	內保桿-前
1H0 819 373	熱水管-入
1H0 819 465A	通風口-後葉子板下
1H0 819 465E	通風口-後葉子板下
1H0 819 644	空調濾芯
1H0 819 644 #	空調濾芯
1H0 819 644 -	空調濾芯
1H0 819 644 /	空調濾芯
1H0 819 644A	空調濾芯
1H0 819 644B +	空調濾芯
1H0 819 644B -	空調濾芯
1H0 819 644B .	空調濾芯
1H0 819 644B /	空調濾芯
1H0 820 191A	乾燥筒-代開關
1H0 820 413 -	冷排
1H0 820 679A	膨脹閥
1H0 820 803 D	壓縮機總成-正
1H0 820 803D  XX	壓縮機總成
1H0 820 803D -	壓縮機總成
1H0 820 803DX *	壓縮機總成
1H0 821 105A *TW	葉子板-左前
1H0 821 106 *TW	葉子板-右前
1H0 837 034A	六角鎖扣
1H0 837 034C	六角鎖扣
1H0 837 061E	鎖仁-外把手
1H0 837 187A 01C	車門按扣
1H0 837 205	外把手總成-前
1H0 837 205C *	外把手總成-前
1H0 837 207	外把手-前
1H0 837 207C *	外把手-前
1H0 837 219	鑰匙-代燈
1H0 837 223	外把手撥桿
1H0 837 229	外把手拉桿彈簧
1H0 837 237A	外把手旋扭
1H0 837 401B -	升降機-手動左前
1H0 837 402A	升降機總成-右前電動
1H0 837 402B -	升降機-手動右前
1H0 837 461A /	升降機-電動左前
1H0 898 015	天窗滑軌鋼繩-左
1H0 898 016	天窗滑軌鋼繩-右
1H0 898 201	方向盤組-含氣囊
1H0 898 717 *	輪弧組
1H0 905 855A *	引擎鎖仁
1H0 906 091 #	汽油泵
1H0 906 091 *	汽油泵
1H0 906 091 -	汽油泵
1H0 906 091 .	汽油泵
1H0 907 311P *	引擎電腦
1H0 907 379E *	ABS電腦
1H0 919 051AJ *	汽油泵/浮筒
1H0 919 051AJ -	汽油泵/浮筒
1H0 919 051AJ /	汽油泵/浮筒
1H0 919 051AK	汽油泵/浮筒
1H0 919 051AK ~	汽油泵/浮筒
1H0 919 506 -	控制盒-冷氣風扇
1H0 919 506 .	控制盒-冷氣風扇
1H0 919 651N	汽油泵
1H0 919 651N -	汽油泵
1H0 919 651P -	汽油泵
1H0 919 651P*	汽油泵
1H0 919 651PS *	汽油泵-含油管/上蓋
1H0 919 651Q -	汽油泵
1H0 919 860DV	儀錶板總成
1H0 919 860DX >	儀錶板舊品繳回件
1H0 927 149	排擋燈
1H0 941 699 *	霧燈-左
1H0 941 699 *ZKW	霧燈-左
1H0 941 700 *	霧燈-右
1H0 941 777 *	霧燈蓋板-左大
1H0 941 778 *	霧燈蓋板-右大
1H0 941 779 *	霧燈蓋板-左小
1H0 947 303  H50	室內燈-後L/R
1H0 947 563A	室內燈開關
1H0 953 049 *	方向燈-左前/黃
1H0 953 049 /	方向燈-左前/黃
1H0 953 049D *	方向燈-左前/白
1H0 953 049D /	方向燈-左前/白
1H0 953 050 *	方向燈-右前/黃
1H0 953 123	燈泡座-前方向燈
1H0 953 123F /	燈泡座-前方向燈
1H0 953 227 +	繼電器-21/191
1H0 953 227 -	繼電器-21/191
1H0 953 227 /	繼電器-21/191
1H0 953 513  01C	方向燈開關
1H0 953 513C *	方向燈開關
1H0 953 516B 01C	方向盤蓋板-下
1H0 953 519 *	雨刷開關
1H0 955 119	雨刷馬達
1H0 955 425C	雨刷片-右 111
1H0 959 139B	冷氣壓力開關
1H0 959 139B ~	冷氣壓力開關
1H0 959 142 *	繼電器-147
1H0 959 142 ~	繼電器-147
1H0 959 455AH	風扇馬達
1H0 959 455G *	風扇馬達
1H0 959 455G -	風扇馬達
1H0 959 455J *	風扇馬達
1H0 959 455K *	風扇馬達
1H0 959 455T	風扇馬達
1H0 959 543  B41	冷氣開關
1H0 959 653	安全氣囊線圈
1H0 959 855 -	電窗開關-左前
1H0 959 855A -	電窗開關-前-控制後門
1H0 962 257G *	中控控制盒
1H0 962 257J *	中控控制盒
1H0 971 000	線組-霧燈
1H0 998 139 *	霧燈組
1H0 998 139A *	霧燈組-黑
1H1 422 055A	動力方向機
1H1 422 055X -	動力方向機
1H1 422 061D	動力方向機
1H1 422 061V	動力方向機
1H1 422 061X *	動力方向機
1H1 422 893G *	方向機油管-泵>方機
1H1 422 893G /	方向機油管-泵>方機
1H1 611 019C *	煞車總泵
1H1 612 107C -	煞車真空輔助泵
1H1 698 019A /	煞車總泵
1H1 698 107 *	煞車真空輔助泵
1H1 721 335A -	離合器線
1H1 819 031A	暖排
1H1 819 031A +	暖排
1H1 819 031B ~	暖排
1H1 819 416B  B41 ZZ	拖比蓋板-右-瑕疵
1H1 820 019	鼓風機
1H1 820 021  ZZ	鼓風機-瑕疵
1H1 820 021 -	鼓風機
1H1 820 103B	蒸發器
1H1 820 103B *	蒸發器
1H1 820 103B *-	蒸發器
1H1 820 103C  /	蒸發器
1H1 820 103C *	蒸發器
1H1 820 413 *	冷排
1H1 820 413 /	冷排
1H1 820 741A *	冷氣管-乾>膨
1H1 837 015K	六角鎖-左前門
1H1 837 016K	六角鎖-右前門
1H1 857 507A *	後視鏡總成-左電動
1H1 857 508A *	後視鏡總成-右電動
1H1 857 521B *	後視鏡片-左除霧
1H1 857 521C *	後視鏡片-左電動廣角
1H1 857 521C -	後視鏡片-左除霧廣角
1H1 857 522 *	後視鏡片-右手動
1H1 857 522A *	後視鏡片-右電動
1H1 863 209  B41	排擋桿蓋板-自排
1H1 955 409B	雨刷臂-左
1H3 867 365B	防水橡皮-車門
1H4 809 847 -	戶定板金-左
1H4 809 848 -	戶定板金-右
1H4 831 051K  XX	車門總成-左前-中古
1H4 831 052K  XX	車門總成-右前-中古
1H4 831 055 X	門總成-左前
1H4 831 056 X	門總成-右前
1H4 833 052H *	車門總成-右後
1H4 839 205	外把手-後門
1H4 839 249 -	車門止擋器-後L/R
1H4 839 461A -	升降機-電動左後
1H4 839 462A -	升降機-電動右後
1H4 862 153	中控分泵-左後
1H5 253 609M *	消音器-後段
1H5 253 609M -	消音器-後段
1H5 253 609P	消音器-後段
1H5 253 609P *	消音器-後段
1H5 253 609P /	消音器-後段
1H5 807 217 *TW	保桿-前外
1H5 807 217 X	保桿-前外
1H5 807 417 GRU  XX	保桿-後-中古
1H5 827 025H	後箱蓋
1H5 827 025K X	後箱蓋
1H5 827 550A	撐桿-後箱蓋
1H5 827 550B +	撐桿-後箱蓋
1H5 827 550B /	撐桿-後箱蓋
1H5 853 653  *	前柵-黑
1H5 853 653C *	前柵
1H5 853 653D *	前柵
1H5 853 661 *TW	前中巴
1H5 863 849	吸音棉扣子
1H5 941 017 *	大燈總成-左
1H5 941 017 +	大燈總成-左
1H5 941 018 *	大燈總成-右
1H5 941 018 +	大燈總成-右
1H5 945 111 *	尾燈-左外
1H5 945 111A *	尾燈-左外(黑)
1H5 945 112 *	尾燈-右外
1H5 945 112A *	尾燈-右外(黑)
1H5 955 651 -	噴水馬達
1H5 959 621  01C	除霧開關
1H6 253 609P -	消音器-後段
1H6 253 609P /	消音器-後段
1H6 253 609R	消音器-後段
1H6 253 609R *	消音器-後段
1H6 253 609S	消音器-後段
1H6 253 609S *	消音器-後段
1H6 253 609S /	消音器-後段
1H6 253 609T /	消音器-後段
1H6 805 825	前下遮板-左
1H6 805 826	前下遮板-右
1H6 805 903A *	前下擾流板-左
1H6 805 904 *	前下擾流板-右
1H6 805 904A *	前下擾流板-右
1H6 807 217A *	保桿-前外
1H6 813 302A -	後圍板
1H6 827 025E  Z	後箱蓋
1H6 827 550A +	撐桿-後箱蓋
1H6 827 550A /	撐桿-後箱蓋
1H6 827 577  B41	後箱蓋飾條
1H6 827 577D  3FZ XX	後箱蓋鎖殼-中古
1H6 853 653C *	前柵
1H6 853 653C *TW	前柵
1H6 853 653CS *	前柵-含中巴
1H6 853 661 *TW	前中巴
1H6 853 665A *	通風網-左
1H6 853 665A /	通風網-左
1H6 853 666 *	通風網-右
1H6 853 666 /	通風網-右
1H6 898 913C	前柵總成-烤漆
1H6 941 017AF *	大燈總成-左
1H6 941 017AJ *	大燈總成-左
1H6 941 018	大燈總成-右
1H6 941 018AF *	大燈總成-右
1H6 945 111 #	尾燈-左
1H6 945 111 *	尾燈-左
1H6 945 111B	尾燈-左(黑/紅)
1H6 945 112 -	尾燈-右
1H6 945 112C	尾燈-左(黑/紅)
1H6 955 435	雨刷臂蓋-後
1H6 955 651	噴水馬達
1H6 955 651 +	噴水馬達
1H6 959 621  01C	除霧開關
1HM 422 887	方向機油管(鐵管>泵)
1HS 513 031D	避震器-後
1J0 035 503A	天線底座-車頂
1J0 035 849	天線尾巴
1J0 121 058C	水管-變速冷卻器>鐵管
1J0 121 058E	水管-變速冷卻器
1J0 121 086BR -	水管-機油冷卻器
1J0 121 086E	水管
1J0 121 156AG	水管-接頭>節閥>暖排*2
1J0 121 156BC	水管-接頭>節閥>暖排*2
1J0 121 156S	水管-接頭>節閥>暖排*2
1J0 121 253AD *	水箱
1J0 121 253AD +	水箱
1J0 121 253AT	水箱
1J0 121 253N	水箱
1J0 121 253P	水箱
1J0 121 253P *	水箱
1J0 121 253P -	水箱
1J0 121 253P /	水箱
1J0 121 253S -	水箱
1J0 121 321B .	水箱蓋
1J0 121 321B ~	水箱蓋
1J0 121 403	副水筒
1J0 121 403B -	副水筒
1J0 121 444CT	水管-副筒
1J0 122 101S -	水管-上
1J0 122 109AQ	水管-副水筒>鐵管
1J0 122 157FK -	水管>節流閥>鐵水管>熱水管
1J0 122 291A	下水管接管
1J0 129 607AG	空氣芯總成
1J0 129 620 +	空氣芯
1J0 129 684CG ~	進氣管
1J0 129 684H	進氣管
1J0 129 684N	進氣管
1J0 129 684N -	進氣管
1J0 133 986A	汽油管
1J0 133 986AC	汽油管
1J0 133 986R	汽油管-進/回
1J0 145 276B -	惰輪-綜合皮帶
1J0 145 805G	渦輪增壓散熱器
1J0 199 117AC	引擎腳支架-左
1J0 199 262BE *	引擎腳-右
1J0 199 262BE +	引擎腳-右
1J0 199 262BF *	引擎腳-右
1J0 199 262BF +	引擎腳-右
1J0 199 262BF ~	引擎腳-右
1J0 199 262BH	引擎腳-右
1J0 199 262BM	引擎腳-右
1J0 199 262CL *	引擎腳-右
1J0 199 262CL +	引擎腳-右
1J0 199 313B	工字樑
1J0 199 313J	工字樑
1J0 199 313MX	工字樑
1J0 199 555AH +	引擎腳-左
1J0 199 555AH -	引擎腳-左
1J0 199 555AJ *	引擎腳-左
1J0 199 555AJ +	引擎腳-左
1J0 199 555AQ *	引擎腳-左
1J0 199 555BB /	引擎腳-左
1J0 199 851AA -	引擎腳-後
1J0 199 851N +	引擎腳-後
1J0 201 293E	汽油管-汽油芯>油箱
1J0 201 511A +	燃油濾清器-汽油
1J0 201 511A .	汽油杯
1J0 201 511A ~	汽油杯
1J0 201 511A ~1	燃油濾清器-汽油
1J0 201 550A 01C	油箱蓋
1J0 201 550AC 01C	油箱蓋
1J0 201 550AS  9B9	油箱蓋
1J0 201 550AS 01C	油箱蓋
1J0 253 115A	排氣管墊片
1J0 253 115A -	排氣管墊片
1J0 253 209 -	消音器-前段
1J0 253 209B	消音器-前段
1J0 254 508PX	觸煤轉換器
1J0 407 151A	三角架
1J0 407 151A *	三角架
1J0 407 151B	三角架
1J0 407 151B +	三角架
1J0 407 151B .	三角架
1J0 407 151B /	三角架
1J0 407 151C ~	三角架
1J0 407 175S	三角架螺帽-代螺絲
1J0 407 181 #	三角架鐵套
1J0 407 181 /	三角架鐵套-金
1J0 407 181 ~	三角架鐵套
1J0 407 255J	羊角-左前輪
1J0 407 256M	羊角-右前輪
1J0 407 271CH XX	傳動軸-左-中古
1J0 407 272CT /	傳動軸-右
1J0 407 365C *	和尚頭-三角架左
1J0 407 365C .	和尚頭-三角架左
1J0 407 365H	和尚頭-三角架左
1J0 407 365H *	和尚頭-三角架左
1J0 407 366C	和尚頭-三角架右
1J0 407 366C *	和尚頭-三角架右
1J0 407 366C .	和尚頭-三角架右
1J0 407 366H *	和尚頭-三角架右
1J0 407 451DX	傳動軸-左
1J0 407 451LX	傳動軸-左
1J0 407 451SX	傳動軸-左
1J0 407 452GX	傳動軸-右
1J0 407 452HX	傳動軸-右
1J0 407 452LX	傳動軸-右
1J0 407 613C	哈扶-前
1J0 407 625 -	前輪軸承
1J0 407 625 /	前輪軸承
1J0 407 721C	護蓋-傳動軸
1J0 411 105K -	避震器彈簧-前
1J0 411 314C	平衡桿固定橡皮
1J0 411 314C -	平衡桿固定橡皮
1J0 411 314G	平衡桿固定橡皮
1J0 411 314G -	平衡桿固定橡皮
1J0 411 314T /	平衡桿固定橡皮
1J0 411 315C	平衡桿接頭
1J0 411 315C /	平衡桿接頭
1J0 411 315D +	平衡桿接頭-左
1J0 411 315G +	平衡桿接頭
1J0 411 315G -	平衡桿接頭
1J0 411 315H	平衡桿接頭
1J0 411 315J	平衡桿接頭
1J0 411 315K ~	平衡桿接頭
1J0 411 316D +	平衡桿接頭-右
1J0 412 331B	避震器上座
1J0 412 331C +	避震器上座
1J0 412 331C .	避震器上座-紅
1J0 412 331C ~	避震器上座-銀
1J0 413 031AG	避震器-前
1J0 413 031AG /	避震器-前
1J0 413 031AG Z	避震器-前
1J0 413 031N	避震器-前
1J0 413 031P	避震器-前
1J0 413 031P +	避震器-前
1J0 413 031S	避震器-前
1J0 413 031S Z	避震器-前
1J0 422 152A	方向機泵
1J0 422 154A	方向機泵
1J0 422 154AX	方向機泵
1J0 422 154B	方向機泵
1J0 422 154D	方向機泵
1J0 422 154H *	方向機泵
1J0 422 154H -	方向機泵
1J0 422 154H /	方向機泵
1J0 422 269B	方向機油壓力開關座-螺絲
1J0 422 269C	方向機油壓力開關座-螺絲
1J0 422 371C /	方向機油壺
1J0 422 803A *	惰桿總成-左
1J0 422 803A +	惰桿總成-左
1J0 422 803B	惰桿總成-左
1J0 422 803B *	惰桿總成-左
1J0 422 803B +	惰桿總成-左
1J0 422 803B /	惰桿總成-左
1J0 422 803H #	惰桿總成-左
1J0 422 804 *	惰桿總成-右
1J0 422 804A *	惰桿總成-右
1J0 422 804A +	惰桿總成-右
1J0 422 804B	惰桿總成-右
1J0 422 804B *	惰桿總成-右
1J0 422 804B +	惰桿總成-右
1J0 422 804B /	惰桿總成-右
1J0 422 804B ~	惰桿總成-右
1J0 422 807A	惰桿
1J0 422 807B -	惰桿
1J0 422 807B .	惰桿
1J0 422 811A +	和尚頭-惰桿左
1J0 422 811B +	和尚頭-惰桿左
1J0 422 811B ~	和尚頭-惰桿左
1J0 422 812A +	和尚頭-惰桿右
1J0 422 812A -	和尚頭-惰桿右
1J0 422 812B +	和尚頭-惰桿右
1J0 422 831B *	方向機防塵套
1J0 422 887J	方向機油管-油壺>泵
1J0 422 893DD /	方向機油管-泵>方機
1J0 422 893HR	方向機油管-泵>方機
1J0 498 201B	防塵套修包-內半軸
1J0 498 201D	防塵套修包-內半軸
1J0 498 203	防塵套修包-外半軸
1J0 498 203A	防塵套修包-外半軸
1J0 498 625 +	前輪軸承組
1J0 501 541C *	後軸鐵套
1J0 505 365N	拉桿鐵套-後
1J0 513 025BF	避震器-後
1J0 513 025BF -	避震器-後
1J0 513 025BH +	避震器-後
1J0 513 025BL +	避震器-後
1J0 513 353B	後避上座
1J0 513 353B ~	後避上座
1J0 513 353C	後避上座
1J0 513 353C +	後避上座
1J0 513 353C -	後避上座
1J0 513 353D +	後避上座
1J0 513 353D -	後避上座
1J0 513 353G	後避上座
1J0 513 353G *	後避上座
1J0 513 353G +	後避上座
1J0 513 425 *	避震器防塵套-後
1J0 513 425 -	避震器防塵套-後
1J0 513 425A -	避震器防塵套-後
1J0 521 127A *	中傳動軸緩衝墊-前
1J0 598 625 /	輪軸承修理包-後
1J0 601 171   BXF	輪圈蓋
1J0 609 721K	手煞車線
1J0 611 243	煞車總泵墊圈
1J0 611 701	煞車軟管-前
1J0 611 701 *	煞車軟管-前
1J0 611 731	煞車油管接頭-前
1J0 612 041AM	真空管
1J0 612 041AQ	真空管
1J0 612 041AT	真空管
1J0 612 041CN	真空管
1J0 612 041CS	真空管
1J0 612 041EF	真空管
1J0 612 041GS	真空管
1J0 612 181C	煞車真空泵-電動
1J0 612 181D	煞車真空泵-電動
1J0 615 124A	煞車分泵-右前
1J0 615 301AA	煞車盤-左
1J0 615 301C !	煞車盤-前
1J0 615 301C +	煞車盤-前
1J0 615 301C -	煞車盤-前
1J0 615 301D	煞車盤-前
1J0 615 301D !	煞車盤-前
1J0 615 301D +	煞車盤-前
1J0 615 301D -	煞車盤-前
1J0 615 301D /	煞車盤-前
1J0 615 301E	煞車盤-前
1J0 615 301E !	煞車盤-前
1J0 615 301R	煞車盤-前
1J0 615 302A	煞車盤-右
1J0 615 423B .	煞車分泵-後左
1J0 615 423EX /	煞車分泵-後左
1J0 615 424B .	煞車分泵-後右
1J0 615 601	煞車盤-後
1J0 615 601 !	煞車盤-後
1J0 615 601 +	煞車盤-後
1J0 615 601 -	煞車盤-後
1J0 615 601C	煞車盤-後
1J0 615 601N	煞車盤-後
1J0 615 601N !	煞車盤-後
1J0 615 601N -	煞車盤-後
1J0 615 601P	煞車盤-後
1J0 698 151E	來令片組-前
1J0 698 151E *	來令片組-前
1J0 698 151E .	來令片組-前
1J0 698 151E ^	來令片組-前
1J0 698 151G !	來令片組-前
1J0 698 151G *	來令片組-前
1J0 698 151G /	來令片組-前
1J0 698 151G ^	來令片組-前
1J0 698 151J /	來令片組-前
1J0 698 151M	來令片組-前
1J0 698 301E !	煞車盤組-前-*2
1J0 698 451	來令片組-後
1J0 698 451 *	來令片組-後
1J0 698 451 -	來令片組-後
1J0 698 451 .	來令片組-後
1J0 698 451 ^	來令片組-後
1J0 698 451C	來令片組-後
1J0 698 451F !	來令片組-後
1J0 698 451J	來令片組-後
1J0 698 451P	來令片組-後
1J0 698 601N !	煞車盤組-後-*2
1J0 711 303AA	手煞車拉柄
1J0 713 085C	排擋桿及底座
1J0 713 598  2ZZ	排檔指示面板座-鍍鉻-手自排
1J0 721 169A  909	托架
1J0 721 261D	離合器分泵
1J0 721 261H *	離合器分泵
1J0 721 261J	離合器分泵
1J0 721 261L /	離合器分泵
1J0 721 468C	通氣閥
1J0 805 588H	水箱架
1J0 805 588H +	水箱架
1J0 805 588H -	水箱架
1J0 805 903B *	前下擾流板
1J0 806 157E	水箱固定扣-下
1J0 807 217C *	保桿-前外
1J0 809 961E	擋泥板-左前內龜
1J0 809 962A	擋泥板-右前內龜
1J0 809 962F	擋泥板-右前內龜
1J0 810 773A	中控馬達-油箱蓋
1J0 810 773C	中控馬達-油箱蓋
1J0 819 644	空調濾芯-活性碳
1J0 819 644 -	空調濾芯-活性碳
1J0 819 644 /	空調濾芯-活性碳
1J0 819 644A !	空調濾芯-活性碳
1J0 819 644A #	空調濾芯-活性碳
1J0 819 644A +	空調濾芯-活性碳
1J0 819 644A -	空調濾芯-活性碳
1J0 819 644A .	空調濾芯-活性碳
1J0 820 045E	冷氣開關總成
1J0 820 191A	乾燥筒
1J0 820 191D ~	乾燥筒
1J0 820 411B	1J0 820 411B
1J0 820 413D	冷排
1J0 820 413D -	冷排
1J0 820 749	O型環-冷氣管
1J0 820 749B	O型環-冷氣管
1J0 820 803AX	壓縮機總成
1J0 820 803F	壓縮機總成
1J0 820 803FV	壓縮機總成
1J0 820 803FX	壓縮機總成
1J0 820 803K	壓縮機總成
1J0 820 803K ~	壓縮機總成
1J0 820 803KX	壓縮機總成
1J0 820 803L X	壓縮機總成
1J0 820 803L XX	壓縮機總成
1J0 821 021 +	葉子板-左前
1J0 821 021 -	葉子板-左前
1J0 821 022	葉子板-右前
1J0 821 022 +	葉子板-右前
1J0 821 022 -	葉子板-右前
1J0 821 135	葉子板固定支架-左前
1J0 821 136	葉子板固定支架-右前
1J0 823 031A	引擎蓋
1J0 823 031A +	引擎蓋
1J0 823 031A -	引擎蓋
1J0 823 359D ~	撐桿-引擎蓋
1J0 823 509	引擎蓋六角鎖
1J0 823 509C	引擎蓋六角鎖
1J0 825 237J	引擎下護板
1J0 825 245E  01C -	引擎下護板-左
1J0 831 401A	車門後扭-左上
1J0 831 402A	車門後扭-右上
1J0 837 246H  1NB	鑰匙-VIN訂
1J0 853 651AX	前柵-黑
1J0 853 651BX	前柵-紅
1J0 853 651CX	前柵-白
1J0 853 651DX	前柵-灰
1J0 853 651EX	前柵-藍
1J0 853 653D GRU	前柵
1J0 853 655G +	前柵-內
1J0 853 665B  B41 *	通風網-左
1J0 853 665B  B41 XX	通風網-左-中古
1J0 853 666E  B41 *	通風網-右
1J0 853 666E  B41 XX	通風網-右-中古
1J0 858 601	置杯架-前
1J0 858 601C	置杯架-前
1J0 863 835E	吸音棉-引擎蓋
1J0 867 180A  7DE	內把手拉柄-右後-灰
1J0 867 180A  A94	內把手拉柄-右後-黑
1J0 881 671F B41	椅背調整扭/下
1J0 881 671F U71	椅背調整扭/下
1J0 881 671G B41	椅背調整扭
1J0 881 671G U71	椅背調整扭-上/腰椎
1J0 906 283B	電磁閥
1J0 906 283C	電磁閥
1J0 906 381 ~	繼電器-429
1J0 906 383	繼電器-409
1J0 906 383C ~	繼電器-409
1J0 907 543	溫度感知器
1J0 907 543A *	溫度感應器-冷氣
1J0 907 660B -	油位感知器-機油
1J0 907 660C	油位感知器-機油
1J0 907 660C *	油位感知器-機油
1J0 919 051H -	汽油泵
1J0 919 067A	排擋燈
1J0 919 081 .	方向機油壓力開關
1J0 919 081 ~	方向機油壓力開關
1J0 919 087H	汽油泵
1J0 919 087J /	汽油泵
1J0 919 305	點煙器
1J0 919 307	點煙器
1J0 919 379A ~	室外溫度感知器
1J0 919 506E -	控制盒-冷氣風扇
1J0 919 506K .	控制盒-冷氣風扇
1J0 919 506L +	控制盒-冷氣風扇
1J0 927 189F	開關
1J0 927 803 -	ABS速度感知器-左前
1J0 937 617D ZZ	保險絲座-瑕疵
1J0 937 617D ~	保險絲座
1J0 937 617DS ~ZZ	保險絲座-含蓋-瑕疵
1J0 945 511A	煞車燈開關
1J0 945 511C	煞車燈開關
1J0 945 511D .	煞車燈開關
1J0 945 511D /	煞車燈開關
1J0 945 511F	煞車燈開關
1J0 947 411B	車門警示燈
1J0 947 561A	手煞車燈開關
1J0 949 117 *	側燈-透明
1J0 953 235C 01C	故障燈開關
1J0 953 235J /	故障燈開關
1J0 953 235J ~	故障燈開關
1J0 953 253J ~	故障燈開關
1J0 955 109A  GRU	大燈噴水器外蓋-左
1J0 955 110A  GRU	大燈噴水器外蓋-右
1J0 955 119	雨刷馬達
1J0 955 119 -	雨刷馬達
1J0 955 119 /	雨刷馬達
1J0 955 119A	雨刷馬達
1J0 955 205	雨刷臂蓋-前
1J0 955 205A  01C	雨刷臂蓋-前
1J0 955 205A  9B9	雨刷臂蓋-前
1J0 955 453N	雨刷噴水筒
1J0 959 126	冷氣壓力開關
1J0 959 126 .	冷氣壓力開關-金
1J0 959 455F	風扇馬達
1J0 959 455F *	風扇馬達
1J0 959 455F -	風扇馬達
1J0 959 455F >	風扇馬達
1J0 959 455M	風扇馬達
1J0 959 455M *	風扇馬達
1J0 959 455M -	風扇馬達
1J0 959 455M /	風扇馬達
1J0 959 455M >	風扇馬達
1J0 959 455S +	風扇馬達
1J0 959 455S -	風扇馬達
1J0 959 654AG	安全氣囊線圈
1J0 959 753AG	搖控器
1J0 959 753AH	搖控器
1J0 959 753CH	搖控器-中控
1J0 965 561A	輔助水泵
1J0 965 561A *	輔助水泵
1J0 973 735	插頭
1J0 998 002A *	雨刷片組-軟式  119-319
1J0 998 275B	倒車雷達感知器
1J1 253 058GX	觸煤轉換器
1J1 253 058NX	觸煤轉換器
1J1 422 055A	動力方向機
1J1 422 055AJ	動力方向機
1J1 422 055BD	動力方向機
1J1 422 055BE	動力方向機-帶惰桿
1J1 422 055P	動力方向機
1J1 422 061S	動力方向機
1J1 422 061SX	動力方向機
1J1 422 061SX *	動力方向機
1J1 614 019S	煞車總泵-代油壺
1J1 614 106E +	煞車真空輔助泵
1J1 721 319	離合器踏板
1J1 721 388A *	離合器總泵
1J1 721 388A ~	離合器總泵
1J1 721 388C	離合器總泵
1J1 721 388G *	離合器總泵
1J1 721 465AJ	LINE
1J1 723 503S	油門踏板-電子式
1J1 819 021	鼓風機
1J1 819 021A *	鼓風機
1J1 819 021C -	鼓風機
1J1 819 031A	暖排
1J1 819 031A *	暖排
1J1 819 031A -	暖排
1J1 819 031A /	暖排
1J1 819 031B !	暖排
1J1 819 031B *	暖排
1J1 819 031B /	暖排
1J1 819 031B ~	暖排
1J1 819 703D 2AQ	冷氣出風口-左外
1J1 819 704D 2AQ	冷氣出風口-右外
1J1 820 005A	風箱總成
1J1 820 007	蒸發器
1J1 820 007  ZZ	蒸發器-含外殼-暇疵
1J1 820 007 -	蒸發器-不含外殼
1J1 820 007 /	蒸發器-不含外殼
1J1 820 007 ~	蒸發器-不含外殼-含膨脹閥
1J1 820 007A	蒸發器
1J1 823 533C  71N	引擎蓋拉柄
1J1 823 533C  9B9	引擎蓋拉柄-黑
1J1 823 533C  C81	引擎蓋拉柄-黑
1J1 823 533C B41	引擎蓋拉柄
1J1 857 121A 2QL	手套箱蓋板-黑
1J1 857 521C *	後視鏡片-左除霧廣角-藍
1J1 857 521C -	後視鏡片-左除霧廣角
1J1 857 521H ~	後視鏡片-左除霧廣角
1J1 857 522E ~	後視鏡片-右除霧-藍
1J1 880 261B 23F	安全氣囊蓋板-右
1J1 907 511A *	冷氣控制馬達-風向位置
1J1 907 511A /	冷氣控制馬達-內外氣
1J1 941 017B	大燈總成-左
1J1 941 017C	大燈總成-左
1J1 941 017C -	大燈總成-左
1J1 941 017P *	大燈總成-左-氙氣
1J1 941 018B	大燈總成-右
1J1 941 018P *	大燈總成-右-氙氣
1J1 955 410A	雨刷臂-右
1J1 955 425A	雨刷片-左-軟式
1J1 955 425A *	雨刷片-左-軟式
1J1 955 426A	雨刷片-右-軟式
1J1 955 603	雨刷桿支架
1J1 955 603B ~	雨刷桿支架
1J1 959 565C 01C	後視鏡調整開關
1J1 998 017N -	大燈總成組-黑底
1J2 253 058BX	觸煤轉換器
1J3 837 461D	升降機-電動左
1J3 837 461F	升降機-電動左
1J3 837 462D	升降機-電動右
1J3 837 462F	升降機-電動右
1J4 809 843A	葉子板-左後
1J4 831 055F	門總成-左前
1J4 831 056F	門總成-右前
1J4 837 431A  B41 ~	門框橡皮-左前
1J4 837 461D	升降機-電動左前
1J4 837 461F	升降機-電動左前
1J4 837 462D	升降機-電動右前
1J4 837 462F	升降機-電動右前
1J4 839 461C	升降機-電動左後
1J4 839 461F ~	升降機-電動左後
1J4 839 462C	升降機-電動右後
1J4 839 462F ~	升降機-電動右後
1J4 853 515  B41	車門飾條-左前
1J4 853 516  B41	車門飾條-右前
1J4 853 753  B41	車門飾條-左後
1J4 853 754  B41	車門飾條-右後
1J4 959 857B	電窗開關總成
1J5 253 609T	消音器-後段
1J5 805 903A B41	前下擾流板
1J5 807 183A	保桿側固定座-左前
1J5 807 184A	保桿側固定座-右前
1J5 807 217D GRU	保桿-前外
1J5 807 417A GRU	保桿-後
1J5 807 521  B41	後下擾流板
1J5 823 031A	引擎蓋
1J5 823 031A -	引擎蓋
1J5 823 031AX -	引擎蓋
1J5 827 425F	後箱連接片
1J5 827 505B	六角鎖-後箱
1J5 827 507	六角鎖扣-後箱蓋
1J5 839 461	升降機-電動左後
1J5 839 462	升降機-電動右後
1J5 853 601  FDY	VW 標誌-前
1J5 853 651ES  BLU	前柵總成-藍
1J5 853 651L  WHI	前柵總成-白
1J5 853 665B 01C	通風網-左
1J5 867 233B  2XP	A柱內飾板-左
1J5 867 365E FKL	防水橡皮-車門-左前
1J5 867 366D FKL	防水橡皮-車門-右前
1J5 867 367F FKL	防水橡皮-車門/左後
1J5 867 368F FKL	防水橡皮-車門/右後
1J5 941 017AD	大燈總成-左
1J5 941 017AE	大燈總成-左
1J5 941 017AE ZZ *	大燈總成-左-瑕疵
1J5 941 018AE	大燈總成-右
1J5 941 018AE *ZZ	大燈總成-右-暇疵
1J5 943 021A	牌照燈
1J5 945 095AA *X	尾燈-左
1J5 945 096N	尾燈-右
1J5 949 117	側燈-白
1J5 949 117A /	側燈-白
1J5 955 651	噴水馬達
1J5 955 651 -	噴水馬達
1J5 955 651 /	噴水馬達
1J6 807 421D /	保桿-後外
1J6 813 301C	後圍板
1J6 813 301F	後圍板
1J6 813 309A	後圍板-外/後中巴
1J6 827 439A	撐桿固定座
1J6 827 505B B41	後箱六角鎖
1J6 833 055F  XX	車門總成-左後-中古
1J6 853 630B FCS	VW 標誌-後
1J6 867 815A  B41	緩衝橡皮
1J6 943 021	牌照燈
1J6 955 427	雨刷片-後
1J6 955 427 -	雨刷片-後
1J6 955 651	噴水馬達
1J6 955 651 *	噴水馬達
1J6 955 651 +	噴水馬達
1J6 955 651 -	噴水馬達
1J6 955 711C	雨刷馬達-後
1JE 898 099	升降機修包-電動左
1JM 898 461	升降機修包-電動左前
1JM 898 462	升降機修包-電動右前
1K0 010 328J	貼紙-134A
1K0 035 507	天線總成-車頂
1K0 121 051H	水管-下
1K0 121 051J	水管-下
1K0 121 058AB	水管-ATF冷卻器>鐵管
1K0 121 073FS -	水管-暖排>水管接頭/ATF冷卻器
1K0 121 096T ~	水管-ATF冷卻器>水管接頭
1K0 121 109AN	水管
1K0 121 157BR	水管-暖排>水管接頭
1K0 121 205AA 9B9	風扇架
1K0 121 205AB  9B9	風扇架
1K0 121 205AD 9B9	風扇架
1K0 121 205AJ 9B9	風扇架
1K0 121 205G  9B9	風扇架
1K0 121 212B	輔助水箱
1K0 121 251AL	水箱
1K0 121 251AT	水箱
1K0 121 251BK	水箱
1K0 121 251BL	水箱
1K0 121 251BR	水箱
1K0 121 251BR !	水箱
1K0 121 251BR /	水箱
1K0 121 251CJ -	水箱
1K0 121 251CJ /	水箱
1K0 121 251DL	水箱
1K0 121 251DL -	水箱
1K0 121 251DM	水箱
1K0 121 251DN	水箱
1K0 121 251DP	水箱
1K0 121 251E	水箱
1K0 121 251EH	水箱
1K0 121 251K	水箱
1K0 121 251N	水箱
1K0 121 251P	水箱
1K0 121 251R	水箱
1K0 121 253AA +	水箱
1K0 121 253AB	水箱
1K0 121 253H	水箱
1K0 121 253H -	水箱
1K0 121 253K	水箱
1K0 121 253L	水箱
1K0 121 367D	水箱固定橡皮-上兩側
1K0 121 367P ~	水箱固定橡皮-上兩側
1K0 121 407A	副水筒
1K0 121 407A /	副水筒
1K0 121 407A ~	副水筒
1K0 121 447AM	水管
1K0 122 051AK	水管-下
1K0 122 051BC	水管-下
1K0 122 051CM	水管-下
1K0 122 051GC	水管-下
1K0 122 051N	水管-下
1K0 122 063D	水管
1K0 122 073DD	水管-暖氣箱
1K0 122 101BL	水管-上
1K0 122 101GE	水管-上
1K0 122 101HC	水管-上
1K0 122 101HN	水管-上
1K0 122 109AA	水管-副水筒>鐵管
1K0 122 109AB	水管-副水筒>鐵管
1K0 122 109BE	水管-副水筒>鐵管
1K0 122 109BK	水管
1K0 122 157AN	水管
1K0 122 157B	水管
1K0 122 157DT	水管
1K0 122 291C ~	水管接頭
1K0 122 291K	水管接頭-下水管
1K0 122 447AD	水管
1K0 122 447BG	水管-副筒>節流閥
1K0 122 447CD	水管-水管接頭
1K0 122 447DC	水管
1K0 122 447DH	水管
1K0 122 447DT	水管
1K0 122 447FB	水管
1K0 127 400J	燃油濾清器總成-柴油
1K0 127 434	汽油杯-柴油
1K0 127 434B /	燃油濾清器-柴油
1K0 129 618AH	進氣管
1K0 129 618AT	進氣管
1K0 129 620D *	空氣芯
1K0 129 620D +	空氣芯
1K0 129 620D -	空氣芯
1K0 129 620D .	空氣芯
1K0 129 620D ~	空氣芯
1K0 129 654AA	進氣管-接渦輪
1K0 129 654AR	進氣管-接渦輪
1K0 129 684AE +	進氣管
1K0 129 684E	進氣管
1K0 130 307BC	汽油管
1K0 145 762S	通氣管-渦輪-鋁管
1K0 145 770B	通氣管-渦輪
1K0 145 770R	通氣管-渦輪
1K0 145 790C #	通氣管-渦輪
1K0 145 803A	渦輪增壓散熱器
1K0 145 803AF	渦輪增壓散熱器
1K0 145 803AK	渦輪增壓散熱器
1K0 145 803BE	渦輪增壓散熱器
1K0 145 803BM	渦輪增壓散熱器
1K0 145 803BP	渦輪增壓散熱器
1K0 145 803E	渦輪增壓散熱器
1K0 145 803F	渦輪增壓散熱器
1K0 145 803L	渦輪增壓散熱器
1K0 145 803P *	渦輪增壓散熱器
1K0 145 803S	渦輪增壓散熱器
1K0 145 803S *	渦輪增壓散熱器
1K0 145 803T	渦輪增壓散熱器
1K0 145 828AC -	通氣管-渦輪
1K0 145 828D	通氣管-渦輪
1K0 145 828F	通氣管-渦輪
1K0 145 832AC #	通氣管-渦輪冷卻器-下
1K0 145 832AD	通氣管-渦輪冷卻器-下
1K0 145 832AS #	通氣管-渦輪冷卻器-下
1K0 145 832J	通氣管-渦輪冷卻器-下
1K0 145 834AN	通氣管-渦輪
1K0 145 834BD #	通氣管-渦輪
1K0 145 834H	通氣管-冷卻器>
1K0 145 834L #	通氣管-渦輪冷卻器
1K0 145 834N	通氣管-冷卻器>
1K0 145 838N #	空氣管
1K0 145 840K	通氣管-渦輪
1K0 145 840R	通氣管-渦輪
1K0 199 117BQ	引擎腳支架-左
1K0 199 231G	三角架支架-左
1K0 199 231G -	三角架支架-左
1K0 199 232G	三角架支架-右
1K0 199 232G -	三角架支架-右
1K0 199 262AC	引擎腳-右
1K0 199 262AE	引擎腳-右
1K0 199 262AR +	引擎腳-右
1K0 199 262AS	引擎腳-右
1K0 199 262AS +	引擎腳-右
1K0 199 262AT	引擎腳-右
1K0 199 262AT *	引擎腳-右
1K0 199 262CE	引擎腳-右
1K0 199 262CE +	引擎腳-右
1K0 199 262CG +	引擎腳-右
1K0 199 262CN +	引擎腳-右
1K0 199 262K *	引擎腳-右
1K0 199 262L +	引擎腳-右
1K0 199 262M *	引擎腳-右
1K0 199 262M +	引擎腳-右
1K0 199 262M ~	引擎腳-右
1K0 199 262P *	引擎腳-右
1K0 199 262P +	引擎腳-右
1K0 199 296E	工字樑支架-右
1K0 199 296F	工字樑支架-右
1K0 199 313N	工字樑
1K0 199 555AC +	引擎腳-左
1K0 199 555N +	引擎腳-左
1K0 199 555Q +	引擎腳-左
1K0 199 555R +	引擎腳-左
1K0 199 855AE	引擎腳-後
1K0 199 855AE +	引擎腳-後
1K0 199 855AF	引擎腳-後
1K0 199 855AP	引擎腳-後
1K0 199 855BF	引擎腳-後
1K0 199 855L	引擎腳-後
1K0 199 855L -	引擎腳-後
1K0 199 855M	引擎腳-後
1K0 199 855N	引擎腳-後
1K0 199 867	工字樑上襯套-下
1K0 199 867 +	工字樑上襯套-下
1K0 199 867 -	工字樑上襯套-下
1K0 199 867A	工字樑下襯套
1K0 199 867A *	工字樑下襯套-下
1K0 199 867A -	工字樑下襯套-下
1K0 199 867B	工字樑下襯套-下
1K0 199 867B *	工字樑下襯套-下
1K0 199 867B +	工字樑下襯套-下
1K0 199 867B -	工字樑下襯套-下
1K0 199 868	工字樑上襯套-上
1K0 199 868 +	工字樑上襯套-上
1K0 199 868 -	工字樑上襯套-上
1K0 199 868A	工字樑上襯套
1K0 199 868A *	工字樑上襯套-上
1K0 199 868A +	工字樑上襯套-上
1K0 199 868A -	工字樑上襯套-上
1K0 199 868C	工字樑上襯套-上
1K0 199 868C *	工字樑上襯套-上
1K0 199 868C -	工字樑上襯套-上
1K0 201 051C	汽油杯
1K0 201 051C +	燃油芯-汽油-6.4BAR
1K0 201 051C -	燃油濾清器-汽油-6.4BAR
1K0 201 051C ~	燃油濾清器-汽油-6.4BAR
1K0 201 051C ~1	燃油濾清器-汽油-6.4BAR
1K0 201 051K /	燃油芯-汽油-6.4BAR
1K0 201 051K ~	燃油芯-汽油-6.4BAR
1K0 201 160BG ~	活性碳罐通氣管
1K0 201 160D	活性碳罐通氣管
1K0 201 550AG	油箱蓋
1K0 201 550H	油箱蓋
1K0 201 550S	油箱蓋
1K0 201 797A	活性碳罐
1K0 201 797AB	活性碳罐
1K0 201 797AE	活性碳罐
1K0 201 797R	活性碳罐
1K0 253 115K	排氣管墊片
1K0 253 141A	排氣管接管-後
1K0 253 141B	排氣管接管-中
1K0 253 141C	排氣管接管
1K0 253 141D	排氣管接管-中
1K0 253 141M	排氣管接管-中
1K0 253 144AD	吊耳
1K0 298 403	乾燥筒
1K0 298 403 /	乾燥筒
1K0 298 403A *	乾燥筒
1K0 298 403A -1	乾燥包
1K0 298 403A /	乾燥筒
1K0 407 151AA	三角架-左
1K0 407 151AA /	三角架-左
1K0 407 151AB	三角架-左
1K0 407 151AK	三角架-左
1K0 407 151BC S-	三角架-左-含和尚頭
1K0 407 151BG	三角架-左
1K0 407 151M	三角架-左
1K0 407 151P	三角架-左
1K0 407 151Q	三角架-左
1K0 407 151R	三角架-左
1K0 407 152AA	三角架-右
1K0 407 152AA *	三角架-右
1K0 407 152AA /	三角架-右
1K0 407 152AB	三角架-右
1K0 407 152AK	三角架-右
1K0 407 152BC S-	三角架-右-含和尚頭
1K0 407 152BG	三角架-右
1K0 407 152M	三角架-右
1K0 407 152P	三角架-右
1K0 407 255AA ~	羊角-左前輪
1K0 407 255N	羊角-左前輪
1K0 407 255T ~	羊角-左前輪
1K0 407 256AA ~	羊角-右前輪
1K0 407 256N	羊角-右前輪
1K0 407 256T ~	羊角-右前輪
1K0 407 271EG	傳動軸-左
1K0 407 272BM	傳動軸-右
1K0 407 272KB * ZZ	傳動軸-右-中古
1K0 407 283	防塵套-內半軸
1K0 407 451KX	傳動軸-左
1K0 407 451PX	傳動軸-左
1K0 407 451QX	傳動軸-左
1K0 407 451TX	傳動軸-左
1K0 407 452QX	傳動軸-右
1K0 407 453X	傳動軸-左
1K0 407 454EX	傳動軸-右
1K0 407 454HX	傳動軸-右
1K0 407 454LX	傳動軸-右
1K0 407 454NX	傳動軸-右
1K0 407 454PX	傳動軸-右
1K0 407 454TX	傳動軸-右
1K0 407 762AX	傳動軸-右
1K0 407 762HX	傳動軸-右
1K0 407 764BX	傳動軸-右
1K0 411 303AK	平衡桿
1K0 411 303BJ /	平衡桿
1K0 411 303R	平衡桿
1K0 411 315D	平衡桿接頭
1K0 411 315D *	平衡桿接頭
1K0 411 315D -	平衡桿接頭
1K0 411 315J	平衡桿接頭
1K0 411 315K	平衡桿接頭
1K0 411 315K *	平衡桿接頭
1K0 411 315K ~	平衡桿接頭
1K0 411 315P	平衡桿接頭
1K0 411 315R	平衡桿接頭
1K0 412 249B	避震器軸承
1K0 412 303F *	避震器橡皮-前
1K0 412 331B *1	避震器上座-前
1K0 412 331B +	避震器上座-前
1K0 412 331B ~	避震器上座-前
1K0 423 811E *	和尚頭-惰桿左
1K0 423 811G *	和尚頭-惰桿左
1K0 423 811G /	和尚頭-惰桿左
1K0 423 812E *	和尚頭-惰桿右
1K0 423 812G	和尚頭-惰桿右
1K0 423 812G *	和尚頭-惰桿右
1K0 423 812G /	和尚頭-惰桿右
1K0 423 831A	方向機防塵套
1K0 498 099 X	外半軸修理包
1K0 498 099B /	外半軸修理包
1K0 498 099BX	外半軸修理包
1K0 498 103A +	內半軸修包-L/R
1K0 498 103AX	內半軸修包-L/R
1K0 498 103CX	內半軸修包
1K0 498 201	防塵套修包-內半軸
1K0 498 201A	防塵套修包-內半軸
1K0 498 201C	防塵套修包-內半軸
1K0 498 201H	防塵套修包-內半軸
1K0 498 201H *	防塵套修包-內半軸
1K0 498 203	防塵套修包-外半軸
1K0 498 203D	防塵套修包-外半軸
1K0 498 621	前輪軸承-代哈扶
1K0 498 621 -	前輪軸承-代哈扶
1K0 498 621 /	前輪軸承-代哈扶
1K0 498 621 ~	前輪軸承-代哈扶
1K0 501 204A	傳動軸-後-R
1K0 501 529J	三角架拉桿-後-L/R
1K0 501 529J -	三角架拉桿-後-L/R
1K0 501 530C XX	三角架拉桿-後右-中古
1K0 505 129J	後樑支架-左
1K0 505 129J XX	後樑支架-左-中古
1K0 505 130J	後樑支架-右
1K0 505 130J XX	後樑支架-右-中古
1K0 505 223K XX	後樑搖臂桿-左-中古
1K0 505 223K ~	後樑搖臂桿-左
1K0 505 224K XX	後樑搖臂桿-右-中古
1K0 505 224K ~	後樑搖臂桿-右
1K0 505 235N	工字樑-後
1K0 505 311AA	三角架-後下
1K0 505 311AB XX	三角架-後下-中古
1K0 505 311AB ~	三角架-後下
1K0 505 311S	三角架-後下
1K0 505 315BA	工字樑-後
1K0 505 315BF XX	工字樑-後-中古
1K0 505 323H	三角架-後下-左/右
1K0 505 323N	三角架-後下-左/右
1K0 505 323N *	三角架-後下-左/右
1K0 505 323N XX	三角架-後下-左/右-中古
1K0 505 323N ~	三角架-後下-左/右
1K0 505 435AE ~	後輪羊角/軸承座-左
1K0 505 435N	後輪軸承座-左
1K0 505 435N XX	後輪羊角/軸承座-左-中古
1K0 505 436AE ~	後輪羊角/軸承座-右
1K0 505 436N	後輪軸承座-右
1K0 505 436N XX	後輪羊角/軸承座-右-中古
1K0 505 465AA #	平衡桿接頭-後-L/R
1K0 505 465K	平衡桿接頭-後-L/R
1K0 505 465K XX	平衡桿接頭-後-L/R-中古
1K0 505 553A -	後輪羊角鐵套
1K0 511 115EC XX	避震器彈簧-後-中古
1K0 511 409CB XX	平衡桿-後-中古
1K0 512 149B ~	避震器彈簧橡皮-後上
1K0 512 297C	避震器下座-後
1K0 513 029CE	避震器-後
1K0 513 029FB -	避震器-後
1K0 513 029GP XX	避震器-後-中古
1K0 513 029HB	避震器-後
1K0 513 029HD	避震器-後
1K0 513 029HE	避震器-後
1K0 513 353G +	後避上座
1K0 513 353G XX	後避上座-中古
1K0 513 353H +	後避上座-橢圓
1K0 513 353R +	後避上座
1K0 513 425D ~	避震器防塵套-後
1K0 598 611	後輪軸承-代哈扶
1K0 609 721AT	手煞車線
1K0 609 721BE *	手煞車線
1K0 609 721S	手煞車線
1K0 609 721T	手煞車線
1K0 611 701B	煞車軟管-前
1K0 611 701M	煞車軟管-前
1K0 611 775A	煞車軟管-後
1K0 612 041CC	真空管-煞車氣泵
1K0 612 041CH	真空管-煞車氣泵
1K0 612 041CJ	真空管-煞車氣泵
1K0 612 041DL	真空管-煞車氣泵
1K0 612 041DM	真空管-煞車氣泵
1K0 612 041ET	真空管-煞車氣泵
1K0 612 041GN	真空管-煞車氣泵
1K0 615 123FS  XX	煞車分泵-左前-代架-中古
1K0 615 123G	煞車分泵-左前
1K0 615 124FS  XX	煞車分泵-右前-代架-中古
1K0 615 124G	煞車分泵-右前
1K0 615 273A	螺絲閥-前剎車分泵
1K0 615 301AA	煞車盤-前
1K0 615 301AA !	煞車盤-前
1K0 615 301AA -	煞車盤-前
1K0 615 301AA ~	煞車盤-前
1K0 615 301AC	煞車盤-前
1K0 615 301AC -	煞車盤-前
1K0 615 301AD	煞車盤-前
1K0 615 301AD !	煞車盤-前
1K0 615 301AD *	煞車盤-前
1K0 615 301AJ	煞車盤-前
1K0 615 301AJ *	煞車盤-前
1K0 615 301AJ +	煞車盤-前
1K0 615 301AK !	煞車盤-前
1K0 615 301M	煞車盤-前
1K0 615 301S !	煞車盤-前
1K0 615 301S +	煞車盤-前
1K0 615 301S -	煞車盤-前
1K0 615 301T	煞車盤-前
1K0 615 301T !	煞車盤-前
1K0 615 423M -	煞車分泵-後左
1K0 615 424M -	煞車分泵-後右
1K0 615 425J	煞車分泵架-後
1K0 615 425K	煞車分泵架-後左
1K0 615 425S XX	煞車分泵架-後-紅-中古
1K0 615 426C	煞車分泵架-後右
1K0 615 601AA !	煞車盤-後
1K0 615 601K	煞車盤-後
1K0 615 601K !	煞車盤-後
1K0 615 601K +	煞車盤-後
1K0 615 601K -	煞車盤-後
1K0 615 601L -	煞車盤-後
1K0 615 601M	煞車盤-後
1K0 615 601M !	煞車盤-後
1K0 698 151	來令片組-前
1K0 698 151 !	來令片組-前
1K0 698 151A	來令片組-前
1K0 698 151A +	來令片組-前
1K0 698 151B	來令片組-前
1K0 698 151E #	來令片組-前
1K0 698 151E .	來令片組-前
1K0 698 151F	來令片組-前
1K0 698 151F #	來令片組-前
1K0 698 301AK !	煞車盤組-前-*2
1K0 698 301T !	煞車盤組-前-*2
1K0 698 451C	來令片組-後
1K0 698 451D	來令片組-後
1K0 698 451D .	來令片組-後
1K0 698 451E	來令片組-後
1K0 698 451G	來令片組-後
1K0 698 451J	來令片組-後
1K0 698 451J #	來令片組-後
1K0 698 451P	來令片組-後
1K0 698 601AA !	煞車盤組-後-*2
1K0 713 187  9B9	排檔桿滑片
1K0 721 388AB	離合器總泵
1K0 721 388AB -	離合器總泵
1K0 721 388G	離合器總泵
1K0 723 131	踏板橡皮-自排
1K0 805 588D	水箱架
1K0 805 588G	水箱架
1K0 805 588H	水箱架
1K0 805 588K	水箱架
1K0 805 588M	水箱架
1K0 805 588N	水箱架
1K0 805 588T *	水箱架
1K0 805 903A  9B9 *	前下擾流板
1K0 805 903F GRU	前下擾流板
1K0 805 903H  9B9 ZZ	前下擾流板-瑕疵
1K0 805 911B	擋泥板-左前內龜前下
1K0 805 911D	擋泥板-左前內龜前下
1K0 805 912A	擋泥板-右前內龜前下
1K0 805 912B	擋泥板-右前內龜前下
1K0 805 915   9B9	前下擾流板接板
1K0 805 962A  9B9	集風板
1K0 805 962D	集風板
1K0 805 965C	集風板蓋板
1K0 805 965J 9B9 ZZ	集風板蓋-暇疵
1K0 805 977A	擋泥板-左前內龜
1K0 805 978A	擋泥板-右前內龜
1K0 807 093A	保桿下樑-前
1K0 807 093B	保桿下樑-前
1K0 807 183 ~	保桿側固定座-左前
1K0 807 217   GRU	保桿-前外
1K0 807 217D  GRU	保桿-前外
1K0 807 217E  GRU	保桿-前外
1K0 807 217F  GRU *	保桿-前外
1K0 807 248	保桿緩衝墊-前
1K0 807 285C  9B9	牌照板-前 (小)
1K0 807 305B	保桿內鐵-後
1K0 807 655A  GRU *	保桿飾條-左-要烤漆
1K0 807 889B ~	保桿支架-左前
1K0 810 972C	擋泥板-右前內龜
1K0 819 031BS	暖排總成-帶管
1K0 819 644A	空調濾芯
1K0 819 644B #	空調濾芯
1K0 819 644B -	空調濾芯
1K0 819 644B /	空調濾芯
1K0 819 728E  1QA	冷氣出風口-中
1K0 819 728J  1QB	冷氣出風口-中
1K0 820 411AH -	冷排
1K0 820 411G	冷排
1K0 820 411H	冷排
1K0 820 411P	冷排
1K0 820 411Q	冷排
1K0 820 411Q -	冷排
1K0 820 411Q ~	冷排
1K0 820 679  Z	膨脹閥
1K0 820 679 ~	膨脹閥
1K0 820 721AE	冷氣管-冷>壓
1K0 820 721AR	冷氣管-冷>壓
1K0 820 721BE ~	冷氣管-冷>壓
1K0 820 721G	冷氣管-冷>壓
1K0 820 741AB	冷氣管-冷>蒸
1K0 820 741AF	冷氣管-冷>蒸
1K0 820 741BA ~	冷氣管-冷>蒸
1K0 820 741Q	冷氣管-冷>蒸
1K0 820 741T	冷氣管-冷>蒸
1K0 820 803H	壓縮機總成
1K0 820 803N	壓縮機總成
1K0 820 803N *	壓縮機總成
1K0 820 803Q	壓縮機總成
1K0 820 859C	壓縮機總成
1K0 820 859FZ	壓縮機總成
1K0 823 031B	引擎蓋
1K0 823 031E	引擎蓋
1K0 823 031F	引擎蓋
1K0 823 031G	引擎蓋
1K0 823 031J  XX	引擎蓋
1K0 823 301B	引擎蓋後鈕-左
1K0 823 301C	引擎蓋後鈕-左
1K0 823 302B	引擎蓋後鈕-右
1K0 823 302C	引擎蓋後鈕-右
1K0 823 359A ~	撐桿-引擎蓋
1K0 825 201AC	底盤護板-左
1K0 825 201H	底盤護板-左
1K0 825 201M	底盤護板-左
1K0 825 202AF	底盤護板-右
1K0 825 202AG	底盤護板-右
1K0 825 202BF	底盤護板-右
1K0 825 202R	底盤護板-右
1K0 825 235AB	引擎下護板
1K0 825 235Q	引擎下護板
1K0 825 237J	引擎下護板
1K0 825 237L	引擎下護板
1K0 827 469D	後箱鎖
1K0 827 469E  ULM	後箱鎖
1K0 827 469F  ULM	後箱鎖
1K0 831 307D	車門擋板-左前
1K0 831 307F	車門皮側邊固定板-前-左
1K0 831 308D	車門擋板-前
1K0 831 308F	車門擋板-右前
1K0 831 401J	車門後扭-前左上
1K0 831 401L	車門後扭-前左上
1K0 831 402J	車門後扭-前右上
1K0 831 402L	車門後扭-前右上
1K0 831 411K	車門後扭-前左下
1K0 831 411P	車門後扭-前左下
1K0 837 885	內把手座-左前
1K0 837 886	內把手座-右前
1K0 853 437B  Y20	AIRBAG銘板-A柱
1K0 853 651M 3Q7 ZZ	前柵-鋁-暇疵
1K0 853 665B /	通風網-左
1K0 853 665C  9B9 ZZ	通風網-左-受損
1K0 853 665D  9B9	通風網-左
1K0 853 666B /	通風網-右
1K0 853 666D  9B9	通風網-右
1K0 853 666H  9B9 ~	通風網-右
1K0 853 675N  739	GTI標誌-後
1K0 853 677 9B9 /	通風網-中
1K0 857 521	後視鏡片-左
1K0 857 521K	後視鏡片-左
1K0 857 521K *	後視鏡片-左
1K0 857 521K ~	後視鏡片-左
1K0 857 522	後視鏡片-右
1K0 857 522 *	後視鏡片-右
1K0 857 522 X	後視鏡片-右
1K0 857 522 ~	後視鏡片-右
1K0 857 537 *	後視鏡外殼-左
1K0 857 537 ~	後視鏡外蓋-左
1K0 857 538  ~	後視鏡外蓋-右
1K0 857 538 *	後視鏡外殼-右
1K0 857 578	後視鏡座飾蓋-右
1K0 862 532D  9B9	置杯架-後-黑
1K0 863 831C	引擎蓋吸音棉
1K0 880 201S  1QB	安全氣曩-左
1K0 880 204H	安全氣曩-右
1K0 905 849A	引擎鎖開關
1K0 905 851BS	引擎鎖座-帶開關
1K0 905 865A	引擎鎖開關
1K0 906 093H	汽油泵控制盒
1K0 906 234	插頭座
1K0 906 627E	壓力調節閥
1K0 907 044BJ	冷氣控制電腦-恆溫式
1K0 907 375AA	ABS電腦
1K0 907 375AP	ABS電腦
1K0 907 511	冷氣控制馬達
1K0 907 511 /	冷氣控制馬達
1K0 907 511B	冷氣控制馬達
1K0 907 511B *	冷氣控制馬達
1K0 907 511B /	冷氣控制馬達
1K0 907 511Q	冷氣控制馬達
1K0 907 511Q -	冷氣控制馬達
1K0 907 511Q ~	冷氣控制馬達
1K0 907 530AD	閘道控制電腦
1K0 907 530S	閘道控制電腦
1K0 907 543A	溫度感應器-冷氣
1K0 907 543E ~	溫度感應器-冷氣
1K0 915 333C	電瓶底底座
1K0 915 333D	電瓶底座
1K0 915 335C	電瓶護罩
1K0 915 336B	電瓶護罩
1K0 915 418B	電瓶護蓋
1K0 915 418J	電瓶護套
1K0 915 443C	電瓶護蓋
1K0 919 050AB -	柴油泵
1K0 919 050D -	柴油泵
1K0 919 050J	汽油泵
1K0 919 050J  ZZ	柴油泵-暇疵
1K0 919 050J /	柴油泵
1K0 919 051AP ZZ	汽油泵-代浮筒-瑕疵
1K0 919 051AQ	汽油泵
1K0 919 051BH	汽油泵
1K0 919 051CL	汽油泵-代浮筒
1K0 919 051N	汽油泵-代浮筒
1K0 919 275	倒車雷達感知器
1K0 927 117D  REH	ESP開關
1K0 927 807	ABS速度感知器-後左
1K0 927 807 -	ABS速度感知器-後左
1K0 927 807 /	ABS速度感知器-後左
1K0 927 808	ABS速度感知器-後右
1K0 927 808 -	ABS速度感知器-後右
1K0 927 808 /	ABS速度感知器-後右
1K0 927 903B	ABS速度感知器線組-左前
1K0 937 700A	保險絲座
1K0 941 273E	車身水平感知器-後
1K0 941 273F	車身水平感知器總成-左
1K0 941 431   REH	大燈開關
1K0 941 431A REH	大燈開關
1K0 941 431AS REH	大燈開關
1K0 941 431AS REH ~	大燈開關
1K0 941 431BB REH	大燈開關
1K0 941 431BM REH	大燈開關
1K0 941 431M  REH	大燈開關
1K0 941 431N  REH	大燈開關
1K0 947 105J  TXH	室內燈-前
1K0 947 105T  WRC	室內燈-前
1K0 947 106A  TXJ	室內燈
1K0 947 106E  WRC ZZ	室內燈-前-瑕疵
1K0 947 106E  WRD ZZ	室內燈-前-瑕疵
1K0 949 101 *	方向燈-後視鏡-左
1K0 949 102 *	方向燈-後視鏡-右
1K0 951 221	喇叭-低音-L
1K0 951 221B	喇叭-低音-L
1K0 951 221B ~	喇叭-低音-L
1K0 951 223A	喇叭-高音-H
1K0 951 223B	喇叭-高音-H
1K0 951 223B ~	喇叭-高音-H
1K0 953 236B	微動開關-引擎蓋六角鎖
1K0 953 236D	微動開關-引擎蓋六角鎖
1K0 953 513A  9B9	方向燈開關
1K0 953 513F  9B9	方向燈開關-有定速
1K0 953 513G 9B9 *	方向燈開關-有定速
1K0 953 519A  9B9	雨刷開關
1K0 955 429A	雨刷片橡皮-右
1K0 955 429C	雨刷片橡皮-左
1K0 955 453Q	雨刷噴水筒
1K0 955 557A	側邊撞擊感應器開關
1K0 959 126A	冷氣壓力開關
1K0 959 126B	冷氣壓力開關
1K0 959 126D	冷氣壓力開關
1K0 959 263A !	連續電阻
1K0 959 263A ~	連續電阻
1K0 959 455CQ	風扇馬達-左
1K0 959 455CR	風扇馬達-右
1K0 959 455CT	風扇馬達-右
1K0 959 455DG	風扇馬達-R
1K0 959 455DG ~	風扇馬達-右
1K0 959 455DH	風扇馬達-右
1K0 959 455DH /	風扇馬達-右
1K0 959 455DH ~	風扇馬達-右
1K0 959 455DL	風扇馬達-左
1K0 959 455DT	風扇馬達-左
1K0 959 455DT ~	風扇馬達-左
1K0 959 455EA !	風扇馬達-左
1K0 959 455ES !	風扇馬達-右
1K0 959 455ET !	風扇馬達-右
1K0 959 455FB -	風扇馬達-左
1K0 959 455FB ~	風扇馬達總成-含架
1K0 959 455FE	風扇馬達-左
1K0 959 455FJ	風扇馬達-左
1K0 959 455FR *	風扇馬達-左
1K0 959 455N	風扇馬達-左
1K0 959 455P ~	風扇馬達-左
1K0 959 565H REH	後視鏡調整開關
1K0 959 565J	後視鏡調整開關
1K0 959 565K REH ~	後視鏡調整開關
1K0 959 653C ZZ	安全氣曩線圈-瑕疵
1K0 959 653D *	安全氣曩線圈
1K0 959 653D - ZZ	安全氣曩線圈-瑕疵
1K0 959 654 *	方向燈回正感知器
1K0 959 654 ~	方向燈回正感知器
1K0 959 701L  Z02	電窗馬達-左前
1K0 959 701N  Z65	電窗馬達-左前
1K0 959 701N Z25	電窗馬達-左前
1K0 959 702L  Z02	電窗馬達-右前
1K0 959 753B 9B9	鑰匙中控遙控器
1K0 962 125B  REH ~	中控開關-左前
1K0 965 561G /	輔助水泵
1K0 965 561J ~	輔助水泵
1K0 973 706	插頭座
1K0 998 002A -	雨刷片組-軟式  VM310
1K0 998 262K *	含氧感知器-前-右
1K0 998 262R -	含氧感知器-後/右
1K0 998 455A ~	風扇馬達-左
1K1 423 051BP	動力方向機
1K1 423 051CH	動力方向機
1K1 423 051CL	動力方向機
1K1 423 051ED	動力方向機總成
1K1 423 055B	動力方向機
1K1 423 055BX	動力方向機
1K1 423 055E	動力方向機
1K1 423 055FX	動力方向機
1K1 423 055MS	動力方向機-帶惰桿
1K1 423 055X	動力方向機
1K1 611 301C	煞車油壺
1K1 611 301C /	煞車油壺
1K1 611 349B	煞車油壺蓋
1K1 614 019A	煞車總泵
1K1 614 019D	煞車總泵
1K1 614 019F +	煞車總泵
1K1 614 019L /	煞車總泵
1K1 614 019M	煞車總泵
1K1 614 019M /	煞車總泵
1K1 614 106AK	煞車真空輔助泵
1K1 614 106BD	煞車真空輔助泵
1K1 614 106BF	煞車真空輔助泵
1K1 614 106H	煞車真空輔助泵
1K1 614 106M *	煞車真空輔助泵
1K1 614 106N	煞車真空輔助泵
1K1 723 503L	油門踏板總成-電子式
1K1 723 503N	踏板橡皮-油門
1K1 819 015	鼓風機
1K1 819 015 *	鼓風機
1K1 819 015C	鼓風機
1K1 819 015E	鼓風機
1K1 819 015E *  ZZ	鼓風機
1K1 819 015E -	鼓風機
1K1 819 015E ZZ	鼓風機-瑕疵
1K1 819 415   9B9	拖比蓋板
1K1 819 653	空調濾芯
1K1 819 653 /	空調濾芯
1K1 819 653A	空調濾芯-活性碳
1K1 819 653A .	空調濾芯-活性碳
1K1 819 653B !	空調濾芯-活性碳
1K1 819 653B #	空調濾芯-活性碳
1K1 819 653B /	空調濾芯-活性碳
1K1 819 653B ~	空調濾芯-活性碳
1K1 819 669 /	空調濾芯-抗過敏-A8515
1K1 820 015D	鼓風機
1K1 820 015E ~	鼓風機
1K1 820 015L	鼓風機
1K1 820 103 *	蒸發器
1K1 820 103A	蒸發器
1K1 820 103A /	蒸發器
1K1 823 509D	引擎蓋六角鎖
1K1 857 507 9B9	後視鏡座-左電動
1K1 857 507AK 9B9	後視鏡座-左電動-代燈
1K1 857 508 9B9	後視鏡座-右電動
1K1 857 508AL 9B9	後視鏡座-右電動-代燈
1K1 857 508AM 9B9 -	後視鏡座-右電動/電折
1K1 857 919D  71N	置物盒
1K1 907 511C *	冷氣控制馬達
1K1 955 119B	雨刷馬達
1K1 955 119E	雨刷馬達
1K1 955 425	雨刷片-左-軟式
1K1 955 426	雨刷片-右-軟式
1K1 955 426   03C	雨刷片-右-軟式
1K1 955 601	雨刷桿支架
1K2 945 511 +	煞車燈開關
1K3 831 106J  ZZ	門皮-右
1K3 837 461A	升降機-電動左
1K3 837 462A	升降機-電動右
1K3 837 478C  5AP	外水切-右
1K3 837 701D  9B9	防水橡皮-外-左前
1K3 857 755AD  YLZ	安全帶扣
1K3 959 857A  REH	電窗開關總成-左
1K3 959 857B  REH	電窗開關總成-左
1K3 959 857C REH ~	電窗開關總成-左
1K4 809 843	葉子板-左後
1K4 809 844	葉子板-右後
1K4 831 105D	門皮-左前
1K4 831 106D	門皮-右前
1K4 831 299D	車門固定板-左
1K4 831 300B	車門擋板-後
1K4 831 300D	車門皮側邊固定板-前-右
1K4 831 301R	車門-左前
1K4 831 302F	門框-右前
1K4 833 401G	車門後扭-後左上
1K4 833 411H	車門後扭-後左下
1K4 837 381C  9B9	門側邊飾條-左前
1K4 837 431D  5AP	門框橡皮-左前
1K4 837 432D  5AP	門框橡皮-右前
1K4 837 461A	升降機-電動左前
1K4 837 462A	升降機-電動右前
1K4 837 471C  5AP	內水切-左前門
1K4 837 477C  5AP	外水切-左前
1K4 837 478C  5AP	外水切-右前
1K4 837 702A 9B9	門內邊膠條-右前
1K4 837 702C 9B9	門內邊膠條-右前
1K4 839 086D /	內把手拉線-後-右
1K4 853 516D  GRU	車門飾條-右前-鉻式
1K4 853 859   9B9	戶定飾板-左
1K4 853 859A  9B9	戶定飾板-左
1K4 853 859A  GRU	戶定飾板-左
1K4 853 859B 9B9 ZZ	戶定飾板-左-黑-瑕疵
1K4 853 860   9B9	戶定飾板-右
1K4 853 860A  9B9	戶定飾板-右
1K4 853 860A  GRU	戶定飾板-右
1K4 857 705BG RAA	安全帶-左前-黑
1K4 857 705D  RAA	安全帶-左前-黑
1K4 857 706   RAA	安全帶-右前-黑
1K4 857 755A  QVZ	安全帶扣-左前
1K4 867 912C 9B9	防水橡皮-車門-右前
1K4 959 857B  REH	電窗開關總成-左
1K5 805 977	擋泥板-左前內龜
1K5 805 978	擋泥板-右前內龜
1K5 807 109A	保桿內鐵-前
1K5 807 109B	保桿內鐵-前
1K5 807 248A	保桿緩衝墊-前
1K5 807 417E  GRU	保桿-後外
1K5 807 863A	後保中支架
1K5 810 971	擋泥板-左後內龜
1K5 810 972A	擋泥板-右後內龜
1K5 831 105D	門皮-左前
1K5 831 301P	車門-左前
1K5 831 302P	車門-右前
1K5 833 105C	門皮-左後
1K5 837 701A  5AP	防水橡皮-外-左前
1K5 853 600   MQH	VW 標誌-前
1K5 853 630   FCS	VW 標誌-後
1K5 853 651J  GRU	前柵
1K5 853 653A  9B9	前柵
1K5 853 761A 2ZZ *	前柵飾板
1K5 867 913A  9B9	防水橡皮-內-後-L/R
1K5 945 095G	尾燈-左外
1K5 945 096G	尾燈-右外
1K5 945 097A	第三煞車燈
1K5 955 970B	雨刷噴水管總成-
1K6 807 377A	保桿側支架-後左
1K6 807 378A	保桿側支架-後右
1K6 807 394	保桿側固定座-後右
1K6 807 417   GRU *	保桿-後外
1K6 807 521D  9B9 -	後下擾流板
1K6 809 857A  GRU	油箱口蓋板
1K6 809 857B  GRU	油箱口蓋板
1K6 821 021A  ZZ	葉子板-左前-瑕疵
1K6 827 025H ZZ	後箱蓋-瑕疵
1K6 827 505C  9B9	後箱六角鎖
1K6 827 505D  9B9	六角鎖-後箱
1K6 827 505E  9B9	六角鎖-後箱
1K6 833 105H	門皮-左後
1K6 833 106H	門皮-右後
1K6 833 299F	車門皮側邊固定板-後-左
1K6 833 302E	車門-右後
1K6 833 302K	車門-右後
1K6 833 307F	車門皮側邊固定板-後-左
1K6 837 200A	按扣
1K6 853 679   FXC	GTI標誌-前柵
1K6 863 459R  9B9	後箱內飾板
1K6 863 459T 9B9	後箱內飾板
1K6 863 673  Y20	後廂蓋吊線扣
1K6 941 005C *	大燈總成-左
1K6 941 005N	大燈總成-左
1K6 941 005N -	大燈總成-左
1K6 941 005P	大燈總成-左
1K6 941 005P *	大燈總成-左
1K6 941 005T	大燈總成-左
1K6 941 005T *	大燈總成-左
1K6 941 006C *	大燈總成-右
1K6 941 006N	大燈總成-右
1K6 941 006N -	大燈總成-右
1K6 941 006P	大燈總成-右
1K6 941 006P *	大燈總成-右
1K6 941 006P -	大燈總成-右
1K6 941 006T	大燈總成-右
1K6 941 006T *	大燈總成-右
1K6 941 039 -	大燈總成-左-氙氣
1K6 941 039 /	大燈總成-氙氣-左
1K6 941 039B *	大燈總成-左-氙氣
1K6 941 040 -	大燈總成-右-氙氣
1K6 941 040 /	大燈總成-氙氣-右
1K6 945 095E * ZZ	尾燈-左外-瑕疵
1K6 945 095N	尾燈-左外
1K6 945 095P	尾燈-左外
1K6 945 095R	尾燈-左外
1K6 945 095S	尾燈-左外
1K6 945 096E *	尾燈-右外
1K6 945 096N	尾燈-右外
1K6 945 096R	尾燈-右外
1K6 945 096S	尾燈-右外
1K6 945 097A	第三煞車燈
1K6 945 097B	第三煞車燈
1K6 945 097E	第三煞車燈
1K6 945 097G	第三煞車燈
1K6 945 105	後反射燈-左
1K6 945 106	後反射燈-右
1K6 955 651 +	噴水馬達
1K6 955 711B	雨刷馬達-後
1K8 805 588A	水箱架
1K8 807 109	保桿-前內鐵
1K8 807 183A	保桿側固定座-左前
1K8 807 184A	保桿側固定座-右前
1K8 807 248B	前保桿保麗龍
1K8 807 417J  GRU	保桿-後
1K8 821 105B	葉子板-左前
1K8 821 106B	葉子板-右前
1K8 823 031R	引擎蓋
1K8 823 186D	引擎蓋上鎖
1K8 823 186D  209	引擎蓋上鎖
1K8 823 509G	引擎蓋六角鎖
1K8 827 505B	六角鎖-後箱
1K8 827 505C	六角鎖-後箱
1K8 827 505E	六角鎖-後箱
1K8 877 307A  AK1	遮陽簾-車頂-前-灰
1K8 941 753B	大燈總成-左-氙氣
1K8 943 021C	牌照燈-LED
1K8 945 087	第三煞車燈
1K8 945 095M	尾燈-左
1K8 945 095R ZZ	尾燈-左-瑕疵
1K8 945 096M	尾燈-右
1K8 945 096M ZZ	尾燈-右-瑕疵
1K8 953 041C	方向燈-左前
1K8 953 042C	方向燈-右前
1K8 955 427A	雨刷片-後-軟式
1K9 807 217AG GRU	保桿-前外
1K9 807 241A  GRU	拖車鉤蓋-前
1K9 807 863	後保中支架
1K9 853 651   QWA	前柵
1K9 853 687A  739	JETTA 標誌-後箱
1K9 877 307B  T38	遮陽簾-車頂-前
1K9 877 307C  4T2	遮陽簾-車頂-前-米
1K9 877 307C  5L9	遮陽簾-車頂-前
1K9 877 307C  6Z0	遮陽簾-車頂-前-灰
1K9 877 307C  T38	遮陽簾-車頂-前
1K9 877 307D  5L9~	遮陽簾-車頂-前-黑
1K9 955 427	雨刷片-後-軟式
1KM 959 455A	風扇馬達-左
1L0 121 251C	水箱
1L0 129 620	空氣芯
1L0 129 620 +	空氣芯
1L0 129 627	進氣管
1L0 614 041AB	真空管
1L0 885 683  01C	1L0 885 683  01C
1L0 953 049A	方向燈-左前
1L0 953 049A /	方向燈-左前
1L0 953 050A	方向燈-右前
1LL 009 476-031	大燈總成-左-黑-魚眼
1LL 009 476-041	大燈總成-右-黑-魚眼
1NL 008 383-821	霧燈組
1NL 008 383-861	霧燈組
1Q1 955 119A	雨刷馬達
1Q1 955 119B	雨刷馬達
1Q1 955 425   03C	雨刷片-左-軟式
1Q1 955 425A  03C	雨刷片-左-軟式
1Q1 955 425A /	雨刷片-左-軟式
1Q1 955 426   03C	雨刷片-右-軟式
1Q1 955 426A  03C	雨刷片-右-軟式
1Q1 998 002 *	雨刷片組-軟式  119-305
1S0 121 407G	副水筒
1S0 199 262 +	引擎腳-右
1S0 612 250	真空管橡皮墊
1S0 698 151A	來令片組-前
1S0 805 588F	水箱架
1S0 820 411J *	冷排
1S0 919 275	倒車雷達感知器
1S0 919 275A	倒車雷達感知器
1S0 919 275A  GRU	倒車雷達感知器
1S0 919 275C	倒車雷達感知器
1T0 145 790B #	通氣管-渦輪
1T0 413 031CL	避震器-前
1T0 413 031DL	避震器-前
1T0 413 031DP	避震器-前
1T0 413 031HK	避震器-前
1T0 498 621	哈扶-前/後
1T0 498 621 *	哈扶-前/後
1T0 598 611B	後輪軸承-代哈扶
1T0 598 611B ~	後輪軸承修包-代哈扶
1T0 805 567	水箱架中支架
1T0 805 588AC 9B9	水箱架
1T0 805 615	拖車鉤
1T0 805 931	水箱架支架-左
1T0 805 932	水箱架支架-右
1T0 810 773A	中控馬達-油箱蓋
1T0 823 031B	引擎蓋
1T0 823 031P	引擎蓋
1T0 823 480A	引擎蓋六角鎖
1T0 827 025P	後箱蓋
1T0 827 505H  9B9	六角鎖-後箱
1T0 827 517	後箱六角鎖扣
1T0 853 651AS PWF	前柵
1T0 853 651BQ  PWF~	前柵
1T0 877 307A  6Z0	遮陽簾-車頂-前-灰
1T0 906 093F	汽油泵控制盒
1T0 906 093G	汽油泵控制盒
1T0 906 093G ~	汽油泵控制盒
1T0 941 699C	霧燈-左
1T0 941 699D	霧燈-左
1T0 941 699G	霧燈-左
1T0 941 700C	霧燈-右
1T0 941 700D	霧燈-右
1T0 941 700D *	霧燈-右
1T0 941 700G	霧燈-右
1T0 941 700H	霧燈-右
1T0 945 087B	第三煞車燈
1T0 955 427B	雨刷片-後
1T0 955 651	噴水馬達
1T0 955 651A	噴水馬達-後
1T0 959 701AF Z11	電窗馬達-左前
1T0 959 701AF Z2V	電窗馬達-左前
1T0 971 235A	負極線
1T1 857 507AH 9B9	後視鏡座-左電動
1T1 857 508AA 9B9	後視鏡座-右電動
1T1 857 508T  9B9	後視鏡座-右電動
1T1 941 005G	大燈總成-左
1T1 941 006G	大燈總成-右
1T1 959 565F  REH	後視鏡調整開關
1U0 837 167E	鎖仁-外把手左
1U0 998 275B	倒車雷達感知器
1U1 955 603A	雨刷桿支架
1Y0 805 588B	水箱架
1Y0 847 271C	升降機-電動左後
1Y0 847 272C	升降機-電動右後
1Z0 601 173   Z37	螺絲飾蓋-輪圈-銀灰弝
1Z0 805 591D	水箱架
1Z0 805 591F	水箱架
1Z0 809 954	後箱門鈕蓋板
1Z0 809 957	擋泥板-左前內龜
1Z0 810 679D	葉子板下支架-左前
1Z0 831 051	車門總成-左前
1Z0 853 515C  B41	車門飾條-左前
1Z0 867 159A	名片夾-擋風玻璃
1Z0 941 701C *	霧燈-左
1Z0 941 702C *	霧燈-右
1Z1 857 508P	後視鏡座-右電動
1Z1 941 017P *	大燈總成-左
1Z1 941 018P *	大燈總成-右
1Z9 945 111B /	尾燈-左
1Z9 945 112B /	尾燈-右
211 611 047F /	煞車分泵-後
211 905 115D +	發火線圈
211 905 115D -	發火線圈
211 905 115D /	發火線圈
22-232335	避震器-前-GAS
2216201	避震器橡皮修理包-前
23587-T4308	來令片組-前
24-262330	避震器-前-GAS
24.0318-0106.1	煞車盤-前-劃線
24.0320-0128.1	煞車盤-前-劃線
24.0322-0150.1	煞車盤-前-劃線
24.0322-0151.1	煞車盤-前-劃線
24.0322-0210.1	煞車盤-前-劃線
24.0325-0113.1	煞車盤-前-劃線
24.0325-0123.1	煞車盤-前-劃線
24.0325-0137.1	煞車盤-前-劃線
24.0325-0145.1	煞車盤-前-劃線
250-1347-52	煞車盤-前-打洞
251 121 082 *	水管-上
251 121 083H *	水管-下
251 121 438B *	水管集中座
251 407 077 +	三角架鐵套-上
251 407 175 -	三角架連桿橡皮
251 407 175 /	三角架連桿橡皮
251 407 187 -	和尚頭-下三角架
251 407 361 !	和尚頭-三角架上
251 407 617A *	煞車盤-前
251 407 625S	前輪軸承組
251 413 031C *	避震器-前
251 413 031J *	避震器-前
251 413 031J +	避震器-前
251 419 081 +	方向機固定鐵套
251 419 081 -	方向機固定鐵套
251 419 801	惰桿
251 419 801 -	惰桿
251 419 803 *	惰桿總成
251 419 803 /	惰桿總成
251 419 811 /	和尚頭-惰桿
251 419 831A -	方向機防塵套
251 422 155	方向機泵
251 498 203A *	防塵套修包-外半軸
251 513 031D *	避震器-後
251 513 031G *	避震器-後
251 513 031G +	避震器-後
251 609 425D	煞車來令底板-左後
251 609 426D	煞車來令底板-右後
251 609 598	後來令片組
251 609 615 +	煞車鼓
251 609 615 -	煞車鼓
251 609 615 /	煞車鼓
251 611 021C *	煞車總泵
251 611 775B +	煞車軟管-前/後二
251 611 775B /	煞車軟管-前/後二
251 698 151F "	來令片組-前
251 698 151F -	來令片組-前
251 698 151F /	來令片組-前
251 698 471 *	煞車分泵修理包-前
251 698 471A	煞車分泵修理包-前
251 698 531 -	來令片組-後
251 698 531 /	來令片組-後
251 698 531L !	來令片組-後
251 698 531L +	來令片組-後
251 698 531LX	來令片組-後
251 711 207F	排擋桿橡皮
251 721 263 -	離合器分泵
251 721 401A *	離合器總泵
251 723 555E -	油門線-自排
251 807 123A *	保桿彎角
251 807 124A *	保桿彎角
251 829 331A /	撐桿-後箱門
251 857 513A *	後視鏡-左手動
251 857 513F	後視鏡-左手動
251 857 514A *	後視鏡-右手動
251 857 514A X	後視鏡-右手動
251 857 514H	後視鏡-右手動
251 906 091	汽油泵
251 919 372 *	水位開關
251 919 372 -	水位開關
251 919 372A	水位開關
251 919 372A +	水位開關
251 919 501A	水溫感知器-溫度錶
251 919 501D *	水溫開關-溫度錶
251 919 501D ~	水溫感知器-溫度錶
251 941 531M /	大燈開關
251 953 141 /	方向燈-左前
251 953 142 *ZZ	方向燈-右前-暇疵
251 953 142 /	方向燈-右前
251 959 455G -	風扇馬達
251 959 455M *	風扇馬達
251 959 481H *	水溫開關-散熱馬達
251 965 561B /	輔助水泵
255 919 081A *	方向機油壓力開關
26663	避震器-前
27-170-A	避震器-前-GAS
27-365-1	避震器-後
27-446-F	避震器-後
280 564	避震器-後
2D0 698 451D -	來令片組-後
2E0 121 253A *	水箱
2E0 129 620B	空氣芯
2E0 129 620D -	空氣芯
2E0 145 804 -	渦輪增壓散熱器
2E0 422 155C /	方向機泵
2E0 498 104	和尚頭-惰桿-L/R
2E0 611 307	煞車油壺
2E0 698 151B	來令片組-前
2E0 698 151C	來令片組-前
2E0 698 301 !	煞車盤組-前-*2
2E0 698 525 +	來令片組-手煞車
2E0 698 601A !	煞車盤組-後-*2
2E0 721 401C /	離合器總泵
2E0 805 842	保桿-前內鐵
2E0 805 842C	保桿-前內鐵
2E0 819 638A -	空調濾芯
2E0 819 987B *	鼓風機-車頂
2E0 820 413 -	冷排
2E0 906 051A /	進氣壓力感知器
2E0 906 206C !	來令片感應線-前
2E0 906 206C /	來令片感應線-前
2E0 941 607	大燈後蓋-左/右
2E0 945 097	第三煞車燈
2E0 945 515A	煞車燈開關
2E1 843 014B	六角鎖-右中門
2E1 843 156	軸承卡箍
2G0 805 588AB	水箱架
2G0 805 932B	水箱架固定支架-右前
2G0 806 929C	水箱架固定支架-左前
2G0 807 651	保桿支架-前-下
2G0 807 651B	保桿支架-前-下
2G0 807 651H	保桿支架-前-下
2G0 821 135	葉子板固定支架-左前
2G0 821 136	葉子板固定支架-左前
2G0 823 031J	引擎蓋
2G0 823 301D	引擎蓋後鈕-左
2G0 823 302D	引擎蓋後鈕-右
2G0 837 206E  GRU	外把手-右前門
2G0 853 651J  WYR	前柵
2G0 853 712   GRU	通風網飾框-右前
2G1 857 507G  9B9	後視鏡座-左電動
2G1 857 508F  9B9	後視鏡座-右電動
2G1 857 508G  9B9	後視鏡座-右電動
2G6 839 440J  5AP	門框橡皮-左後
2GA 805 588N	水箱架
2GA 807 109	保桿內鐵-前
2GA 854 940R  RYP	車門下飾條-右前
2GA 857 537  3DP	後視鏡外殼-左-鉻
2GA 949 102A	方向燈-後視鏡-右
2GM 807 109A	保桿內鐵-前
2GM 831 051M	車門總成-左前
2GM 853 855B  9B9	戶定飾板-左-黑
2GM 853 856B  9B9	戶定飾板-右-黑
2GM 854 731  9B9	輪弧-左前
2GM 854 731A  9B9	輪弧-左前
2GM 854 732  9B9	輪弧-右前
2GM 854 732A  9B9	輪弧-右前
2GM 854 939F  GRU	車門下飾條-左前
2GM 854 940G  9B9	車門下飾條-右前
2GM 854 950H  GRU	車門下飾條-右後
2GM 857 507AA 9B9	後視鏡座-左電動
2GM 857 508AA 9B9	後視鏡座-右電動
2GM 955 427   03C	雨刷片-後-軟式
2GS 805 588M	水箱架
2GS 805 705B	前柵-內
2GS 805 705E  9B9	前柵-內
2GS 831 055H	車門總成-左前
2GS 833 055L	車門總成-左後
2GS 833 056J	車門總成-右後
2GS 833 056L	車門總成-右後
2H0 121 157AK	水管
2H0 127 401	燃油芯-柴油
2H0 127 401 *	燃油芯-柴油
2H0 127 401A	燃油芯-柴油
2H0 127 401B *	燃油芯-柴油
2H0 129 620C	空氣芯
2H0 199 256A	引擎腳-左/右
2H0 199 256E	引擎腳-左/右
2H0 407 257E	羊角-左前輪
2H0 407 258G	羊角-右前輪
2H0 422 154A /	方向機泵
2H0 698 151	來令片組-前
2H0 807 094	保桿下樑-前
2H0 807 109	保桿內鐵-前
2H0 809 961	內龜擋泥板-左前
2H0 810 773G	中控馬達-油箱蓋
2H0 810 773L	中控馬達-油箱蓋
2H0 821 101A  GRU	葉子板-左前
2H0 821 102A  GRU	葉子板-右前
2H0 823 033C  GRU	引擎蓋
2H0 823 033G  GRU	引擎蓋
2H0 857 521C	後視鏡片-左除霧廣角
2H0 857 522C	後視鏡片-右除霧
2H0 919 050B	柴油泵
2H0 919 050D	柴油泵
2H0 919 050D -	柴油泵
2H1 611 931E	真空管
2H1 857 507CA RYP	後視鏡座-左電動
2H1 857 507CE RYP	後視鏡座-左電動
2H1 857 508EB RYP	後視鏡座-右電動
2H1 941 015K	大燈總成-左
2H1 941 015M	大燈總成-左
2H1 941 016AB -	大燈總成-右
2H1 941 016K	大燈總成-右
2H1 945 095A	尾燈-左
2H1 945 095B	尾燈-左
2H1 945 095J	尾燈-左
2H1 945 096A	尾燈-右
2H1 945 096B	尾燈-右
2H1 945 096J	尾燈-右
2H5 807 305AD	保桿-後內鐵
2H6 521 102C	傳動軸-遞軸-後段
2H6 823 033B	引擎蓋
2H6 823 033C  GRU	引擎蓋
2H7 807 417E  2ZZ	保桿飾板-後-鉻
2H7 807 943A  9B9	後箱踏板
2H7 853 727B  GRU	保桿飾板-左前
2H7 853 728B  GRU	保桿飾板-右前
2HH 853 717   GRU	輪弧-左前
2HH 853 718   GRU	輪弧-右前
2K0 407 271EX	傳動軸-左
2K0 505 465E	平衡桿接頭-後-L/R
2K0 805 588A	水箱架
2K0 807 417A  GRU	保桿-後外
2K0 807 417E  9B9	保桿-後外
2K0 807 417H  GRU	保桿-後外
2K0 827 025F	后廂蓋
2K0 827 439	撐桿固定座
2K0 827 455A	車門止擋器-後
2K0 843 352D	軸承卡箍
2K0 843 604	六角鎖-右滑門
2K0 843 654BD	六角鎖-內-右中門
2K0 847 796	車門玻璃-右中-含框架
2K0 853 535C  9B9	車門飾條-左後
2K0 919 673A -	汽油浮筒
2K0 941 005B	大燈總成-左
2K0 941 006B	大燈總成-右
2K0 945 087C	第三煞車燈
2K0 945 087E	第三煞車燈
2K0 945 087F	第三煞車燈
2K0 945 095F	尾燈-左外
2K0 945 096L	尾燈-右
2K0 945 272	螺絲-尾燈
2K0 949 117	側燈
2K0 949 117A	側燈
2K0 949 117B~	側燈
2K1 837 729H	升降機-左前
2K1 837 730H	升降機-右前
2K1 857 508C  9B9	後視鏡座-左電動
2K1 955 119C	雨刷馬達
2K1 955 425C	雨刷片-左-軟式
2K1 955 426C	雨刷片-右-軟式
2K3 807 417B  GRU	保桿-後外
2K5 122 157	水管
2K5 698 151B	來令片組-前
2K5 698 451B	來令片組-後
2K5 805 911J	內龜擋泥板-左前
2K5 805 912E	內龜擋泥板-右前
2K5 823 031	引擎蓋
2K5 823 509C	引擎蓋六角鎖
2K5 827 505E	六角鎖-後箱
2K5 843 653	六角鎖-內-左中門
2K5 843 654	六角鎖-內-右中門
2K5 857 507AC 9B9	後視鏡座-左電動
2K5 857 508AE 9B9	後視鏡座-右電動
2K5 941 005B	大燈總成-左
2K5 941 006B	大燈總成-右
2K5 941 661B	霧燈/方向燈-左
2K5 941 662B	霧燈/方向燈-右
2K5 945 095B	尾燈-左
2K5 945 095J	尾燈-左
2K5 945 096B	尾燈-右
2K5 945 096J	尾燈-右
2Q0 121 253D	水箱
2Q0 121 321	水箱蓋
2Q0 199 315B	工字樑
2Q0 199 555AE	引擎腳-左
2Q0 407 152B	三角架-右
2Q0 407 255L	羊角-左前輪
2Q0 407 256L	羊角-右前輪
2Q0 407 256N	羊角-右前輪
2Q0 498 203B	防塵套修包-外半軸
2Q0 698 151E	來令片組-前
2Q0 698 151E -	來令片組-前
2Q0 698 151F	來令片組-前
2Q0 698 151F -	來令片組-前
2Q0 698 451	來令片組-後
2Q0 721 405	離合器總泵
2Q0 825 235A	引擎下護板
2Q0 825 236C	引擎下護板
2Q1 820 021	鼓風機
2VP 009 500-831  ZZ	尾燈組-銀/黑-LED-暇疵
2VP 009 500-831*	尾燈組-銀/黑-LED
3000 332 001	壓板總成
305 419 811 3	和尚頭-惰桿-左
305 721 555 5	油門線-手排
309 945 112 1	尾燈-右
31-009-B	避震器-後-GAS
310 717	避震器-前
311 344	避震器-前
311 852	避震器-前-GAS
311 863	避震器-前
311 881 247	座椅拉柄扣子
312 354	避震器-前
312 642	避震器-前
312 643	避震器-前
313 472	避震器-前
314 421	避震器-前-GAS
321 121 051L	水管-下
321 121 251BJ	水箱
321 399 151 B	變速箱腳
321 399 151B *	變速箱腳
321 407 331 *	內半軸
321 498 099C *	外半軸修理包
321 498 099C +	外半軸修理包
321 498 103	內半軸修包
321 498 203A *	防塵套修包-外半軸
321 513 031P	避震器-後
321 601 139C	輪胎螺絲
321 615 301 !	煞車盤-前
321 615 301C *	煞車盤-前
321 615 301C *RC	煞車盤-前
321 615 301D	煞車盤-前
321 615 301D !	煞車盤-前
321 615 301D *	煞車盤-前
321 615 301D +	煞車盤-前
321 820 015B *	鼓風機-冷氣
321 820 015B /	鼓風機
321 820 021	鼓風機
321 905 051	連續電阻-鼓風機
321 919 133	汽油浮筒墊片
321 945 361A *	側燈-後葉
321 953 049A /	方向燈-左前
321 953 050A /	方向燈-右前
321 955 531A ~	繼電器-19
321 959 481C *	水溫開關-散熱馬達
321 959 483 -	冷氣壓力開關-高壓
323 959 455A	風扇馬達
325 945 112A /	尾燈-右
327 837 015B *	六角鎖-左前門
327 837 015B /	六角鎖-左前門
327 837 015B ~	六角鎖-左前門
327 959 455 *	風扇馬達
330 422 371 *	方向機油壺
331 611 051A *	煞車分泵-後
331 955 425	雨刷片-後 93/115
333 501 117 +	羊角-左後
333 501 118 +	羊角-右後
333 512 143A *	後避橡皮固定環
333 513 425 /	後避震器防塵套
333 827 705	防水橡皮-後箱
333 945 107 -	尾燈-左內
333 945 108	尾燈-右內
333 955 435A	雨刷臂蓋-後
333 955 651 *	噴水馬達
333 955 651 -	噴水馬達
333 955 651 /	噴水馬達
353 959 455D *	風扇馬達
353 959 455D -	風扇馬達
353 959 455D >	風扇馬達
357 091 700 -	空調濾芯
357 119 113A *	風扇-被動
357 121 051B	水管-下
357 121 051P	水管-下
357 121 101A	水管-上
357 121 101AQ	水管-上
357 121 101E *	水管-上
357 121 109E	水管-副水筒>鐵管
357 121 109F *	水管-三通
357 121 109G *	水管-三通
357 121 251B	水箱
357 121 253AB *	水箱
357 121 253AB -	水箱
357 129 625	節流閥墊圈
357 131 701C	觸煤轉換器
357 131 701CX *	觸煤轉換器
357 199 273A	引擎腳架-前
357 199 279B	引擎腳-前
357 199 279B +	引擎腳-前
357 199 279B /	引擎腳-前
357 199 381A	變速箱腳
357 199 402B +	變速箱腳
357 199 402B -	變速箱腳
357 199 402B /	變速箱腳
357 201 043A	汽油泵盒
357 253 141A *	排氣管接管-前
357 253 144E *	吊耳
357 253 144E -	吊耳
357 253 609A *	消音器-後段
357 253 609A -	消音器-後段
357 253 609A /	消音器-後段
357 253 609C *	消音器-後段
357 253 609C -	消音器-後段
357 253 609C /	消音器-後段
357 407 151 *L	三角架-左
357 407 151 /	三角架
357 407 182 -	三角架鐵套-綠
357 407 182 /	三角架鐵套-紅
357 407 271P *	傳動軸-左
357 407 272LX	傳動軸-右
357 407 365 !	和尚頭-三角架
357 407 365 #	和尚頭-三角架
357 407 365 +	和尚頭-三角架
357 407 365 /	和尚頭-三角架
357 407 613B -	哈扶-前
357 407 613B .	哈扶-前
357 407 615 *	哈扶-前
357 407 615 +	哈扶-前
357 407 615 .	哈扶-前
357 407 625	前輪軸承
357 407 625B *	前輪軸承
357 407 625B -	前輪軸承
357 411 315D +	平衡桿接頭
357 411 315D /	平衡桿接頭
357 412 249	避震器軸承
357 412 303F *	避震器橡皮-前
357 412 303F +	避震器橡皮-前
357 412 341A	避震器彈簧上座-前
357 413 031B *-	避震器芯-前
357 413 031B *LI	避震器-前
357 413 031C *GA	避震器-前
357 413 031C +	避震器-前
357 413 031C -	避震器-前
357 413 031C /	避震器-前
357 413 031R +	避震器-前
357 413 031R -	避震器-前
357 413 031R /	避震器-前
357 422 055	動力方向機
357 422 061C	動力方向機
357 422 801	惰桿
357 422 801 *	惰桿
357 422 803 +	惰桿總成-左
357 422 804 +	惰桿總成-右
357 422 821 *	惰桿
357 422 821 +	惰桿
357 422 821 -	惰桿
357 422 821A *	惰桿
357 422 893D *	方向機油管-泵>方機
357 498 099 *	外半軸修理包
357 498 099 -	外半軸修理包
357 498 099D /	外半軸修理包
357 498 099DX	外半軸修理包
357 498 099E +	外半軸修理包
357 498 099E /	外半軸修理包
357 498 103	內半軸修包-左
357 498 104	內半軸修包-右
357 498 203A /	防塵套修包-外半軸
357 498 625B +	前輪軸承組
357 498 625B /	前輪軸承組
357 501 641B -	後輪軸油封
357 512 333	避震器橡皮-後
357 513 031S +	避震器-後
357 513 031S -	避震器-後
357 513 031S /	避震器-後
357 513 031S GAS	避震器-後
357 513 033A	避震器-後
357 598 333 -	後避上座橡皮組
357 609 721E -	手煞車線
357 611 019A *	煞車總泵
357 611 019A -	煞車總泵
357 611 019B #	煞車總泵
357 611 019B -	煞車總泵
357 611 053B	煞車分泵-後
357 612 107 -	煞車真空輔助泵
357 612 107 /	煞車真空輔助泵
357 615 123A *	煞車分泵-前左
357 615 123B	煞車分泵-前左
357 615 124A *	煞車分泵-前右
357 615 124B	煞車分泵-前右
357 615 125C -	煞車分泵架
357 615 601 !	煞車盤-後
357 615 601 *	煞車盤-後
357 615 601 /	煞車盤-後
357 615 601 。	煞車盤-後-鑽孔
357 615 601B *	煞車盤-後
357 615 601B +	煞車盤-後
357 615 601B 。	煞車盤-後
357 698 151A	來令片組-前
357 698 151A *	來令片組-前
357 698 151A -	來令片組-前
357 698 151A .	來令片組-前
357 698 151A /	來令片組-前
357 698 151A ^	來令片組-前
357 698 151A |	來令片組-前
357 698 151A 。	來令片組-前
357 698 151B !	來令片組-前
357 698 151B -	來令片組-前
357 698 151B .	來令片組-前
357 698 151B /	來令片組-前
357 698 151D	來令片組-前
357 698 151F	來令片組-前
357 698 601 !	煞車盤組-後-*2
357 711 055C	排擋桿上端接頭
357 711 091	排擋桿箱底蓋-手排
357 711 145A	彈簧
357 711 234	排擋線固定螺絲
357 711 303	手煞車拉柄
357 721 261A #	離合器分泵
357 721 401 #	離合器總泵
357 721 401 /	離合器總泵
357 723 555C	油門線-自排
357 805 591A +	水箱架
357 807 105 *TW	保桿-前內鐵
357 820 021	鼓風機
357 820 021 .	鼓風機
357 820 103 -	蒸發器
357 820 103D -	蒸發器
357 820 295 *	冷度開關
357 820 413A *	冷排
357 820 413A -	冷排
357 820 601	儲氣筒
357 820 803P	壓縮機總成
357 820 805C	壓縮機總成
357 837 207A *	外把手-左前
357 837 208A *	外把手-右前
357 839 016D .	六角鎖-右後門
357 853 085  QS1	輪弧-左前
357 853 086  QS1	輪弧-右前
357 853 088  QS1	輪弧-右後
357 853 088  WH8	輪弧-右後
357 853 653 *	前車頭板
357 853 653 *TW	前車頭板
357 853 871  WH8	浪板-左前門
357 853 898B 2BC	戶定飾板-右後
357 857 521B	後視鏡片-左電動
357 857 521B *	後視鏡片-左電動除霧
357 857 521C -	後視鏡片-左除霧廣角
357 857 971  4FB	扣子
357 862 153B	中控分泵
357 863 209C 4FB	指示板-自排排擋-黑
357 863 209D 6KK	指示板-自排排擋/鐵灰
357 877 658	扣子-天窗機構
357 881 671    Z	椅背調整扭
357 881 671  4FB	椅背調整扭
357 905 115 /	發火線圈
357 905 851	引擎鎖座
357 905 851D -	引擎鎖座
357 905 851DS -	引擎鎖座+鎖仁
357 905 855B /	引擎鎖仁
357 905 865 *	引擎鎖開關
357 906 091A	汽油泵
357 906 091A *	汽油泵
357 906 092C -	汽油泵
357 906 092CS	汽油泵/濾網
357 906 092CS *	汽油泵/濾網
357 906 092CS /	汽油泵/濾網
357 906 381B *	繼電器-111
357 907 521	鼓風機控制器
357 919 081	開關-燃油壓力
357 919 243D	燈泡
357 919 501A	水溫開關-溫度錶
357 919 501A *	水溫感知器-溫度錶
357 919 501A /	水溫感知器-溫度錶
357 919 506A	控制盒-冷氣風扇
357 919 506A -	控制盒-冷氣風扇
357 919 506A ~	控制盒-冷氣風扇
357 937 039  Z	保險絲盒
357 941 531 *	大燈開關
357 941 531 /	大燈開關
357 945 111 *	尾燈-左外
357 945 112 *	尾燈-右外
357 947 111C	室內燈-前
357 953 049A  XX	方向燈-左前-中古
357 953 513  01C	方向燈開關
357 953 513F *	方向燈開關
357 953 513F /	方向燈開關
357 955 425 -	雨刷片-右 221
357 955 425D -	雨刷片-左加壓 607
357 955 455	雨刷噴水筒蓋
357 957 031B	里程錶
357 959 455F *	風扇馬達
357 959 455F /	風扇馬達
357 959 455L	風扇馬達
357 959 855A  Z	電窗開關
357 959 855A /	電窗開關
357 998 092C	汽油泵+濾網
373 837 501B	升降機總成-電動右
374 698 151	來令片組-前
376025SP	避震器-後
376048SP	避震器-後
376053SP	避震器-後
376063SP	避震器-後
376081SP	避震器-後
376082SP	避震器-後
377 121 251RA ~	水箱
377 260 299	惰輪-冷氣/方向機皮帶調整架
377 422 065C	動力方向機
377 422 801B	惰桿總成-左
377 422 802D	惰桿總成-右
377 698 151K	來令片組-前
377 698 151K .	來令片組-前
377 805 571B	水箱架總成
377 805 591D	水箱架
377 941 043M	大燈總成-左
377 941 044M	大燈總成-右
377 959 455H	風扇馬達
3A0 051 849 *	天線尾巴-車頂
3A0 121 051G *	水管-下
3A0 121 051G /	水管-下
3A0 121 101F *	水管-上
3A0 121 101F /	水管-上
3A0 121 253AB	水箱
3A0 121 253AB #	水箱
3A0 121 253AB *	水箱
3A0 121 253AB +	水箱
3A0 121 253C	水箱
3A0 121 253C *	水箱
3A0 121 253C +	水箱
3A0 121 253C -	水箱
3A0 121 447B	水管-上
3A0 122 447  XX	水管-上-中古
3A0 199 402 +	變速箱腳
3A0 199 402 -	變速箱腳
3A0 253 144 *	吊耳
3A0 253 609H *	消音器-後段
3A0 253 609H -	消音器-後段
3A0 253 609K -	消音器-後段
3A0 253 609M	消音器-後段
3A0 253 609M *	消音器-後段
3A0 253 609M +	消音器-後段
3A0 253 609M /	消音器-後段
3A0 407 272B	傳動軸-右
3A0 422 371	方向機油壺
3A0 422 803C +	惰桿總成-左
3A0 422 803D *	惰桿總成
3A0 422 804C +	惰桿總成-右
3A0 422 811 *	和尚頭-惰桿左
3A0 422 811A	和尚頭-惰桿
3A0 422 811A !	和尚頭-惰桿
3A0 422 811A *	和尚頭-惰桿
3A0 422 812 -	和尚頭-惰桿右
3A0 422 821 *	惰桿
3A0 609 721A *	手煞車線
3A0 615 301 *	煞車盤-前
3A0 615 301A !	煞車盤-前
3A0 698 151A #	來令片組-前
3A0 698 151A *	來令片組-前
3A0 698 151A /	來令片組-前
3A0 805 591 *TW	水箱架
3A0 807 133C -	保桿支架-左前
3A0 819 644 #	空調濾芯
3A0 820 045	冷氣開關總成
3A0 827 571D ~	後箱鎖
3A0 831 055 X	門總成-左前-中古
3A0 831 056 X	門總成-右前-中古
3A0 837 207C *	外把手-左前門
3A0 837 208C *	外把手-右前門
3A0 837 461 *	升降機-電動左前
3A0 837 462 *	升降機-電動右前
3A0 837 994A 01C	三角飾板-右前內
3A0 839 205A /	外把手-左後門
3A0 839 206A /	外把手-右後門
3A0 839 401F -	升降機-手動左後
3A0 839 402F -	升降機-手動右後
3A0 853 575 /	扣子-門飾條
3A0 853 653C *TW	前柵
3A0 867 197G	內把手飾蓋-左
3A0 867 201C	車門防水紙-左後
3A0 919 860JV	儀錶板總成
3A0 919 860JX >	儀錶板總成舊品回收
3A0 919 880QV	儀錶板總成
3A0 919 880QX >	儀錶板舊品繳回件
3A0 941 017 -	大燈總成-左
3A0 941 018 -	大燈總成-右
3A0 941 067 .	反光角燈-左
3A0 941 068 .	反光角燈-右
3A0 949 101A /	側燈-橢圓/黃
3A0 949 101B -	側燈-橢圓/黑-帶燈泡座
3A0 949 117	側燈-橢圓/黃
3A0 949 117 *	側燈-橢圓/黃
3A0 949 117 -	側燈-橢圓/黃
3A0 949 117B	側燈-橢圓/黑
3A0 949 117B *	側燈-橢圓/黑
3A0 949 117B -	側燈-橢圓/黑
3A0 953 050A /	方向燈-右前
3A0 959 455B >	風扇馬達
3A0 959 455M	風扇馬達
3A0 959 455M *	風扇馬達
3A0 959 455M -	風扇馬達
3A0 959 455M /	風扇馬達
3A0 959 621  01C	除霧開關
3A1 422 061B	動力方向機
3A1 422 061BX *	動力方向機
3A1 721 555B *	油門線-手排
3A1 955 425 *	雨刷片-左-加壓 617
3A5 827 025 X	後箱蓋-中古
3A5 839 478	外水切-右後
3A5 839 973  A94	三角飾板-左後內
3A5 919 051L	汽油泵/浮筒
3A5 945 107 *	尾燈-左內
3A5 945 111 *	尾燈-左外
3A5 945 111 * XX	尾燈-左外-中古
3A5 945 112 *	尾燈-右外
3A9 809 602	葉子板-右後
3A9 827 550 /	撐桿-後箱蓋
3A9 945 111 XX	尾燈-左外
3AA 201 550M	油箱蓋
3AA 698 451	來令片組-後
3AA 698 451 +	來令片組-後
3AA 698 451A -	來令片組-後
3AA 805 588C	水箱架
3AA 807 109B ZZ	保桿內鐵-前-瑕疵
3AA 821 021	葉子板-左前
3AA 821 022	葉子板-右前
3AA 821 022A	葉子板-右前
3AA 823 031  ZZ	引擎蓋-瑕疵
3AA 825 216	後尾下護板
3AA 831 055 ZZ	車門總成-左前-受損
3AA 854 950A  GRU ZZ	車門下飾條-右後-瑕疵
3AA 907 801H	手煞車控制電腦-電子駐車
3AA 919 050B	柴油泵
3AA 919 051C	汽油泵/浮筒
3AA 919 051E	汽油泵/浮筒
3AA 919 051L	汽油泵/浮筒
3AA 998 275	氣嘴修理包
3AB 423 061CX	動力方向機
3AB 823 509A	引擎蓋六角鎖-下
3AB 955 023	雨刷馬達總成-含支架
3AE 807 393	保桿側固定座-後左
3AE 807 394	保桿側固定座-後右
3AE 807 460   2ZZ ZZ	保桿飾條-後右-鉻-瑕疵
3AE 945 093D	尾燈-左內
3AE 945 094E	尾燈-右內
3AF 945 096E	尾燈-右外
3B0 091 800	空調濾芯-活性碳
3B0 091 800 #	空調濾芯-活性碳
3B0 091 800 *	空調濾芯-活性碳
3B0 091 800 -	空調濾芯-活性碳
3B0 091 800 .	空調濾芯-活性碳
3B0 091 800 /	空調濾芯-活性碳
3B0 121 284A	集風板-右
3B0 121 284D	集風板-右
3B0 121 321 -	水箱蓋
3B0 121 321 .	水箱蓋
3B0 121 321 ~	水箱蓋
3B0 122 291B ~	快拆接頭-水管
3B0 122 447D	水管-副水筒>T接頭
3B0 131 149C	二次空氣連接管
3B0 201 220F	汽油管-油泵>汽油芯
3B0 407 285A	防塵套-外半軸
3B0 413 031 /	避震器-前
3B0 413 031A	避震器-前
3B0 413 031A +	避震器-前
3B0 413 031A /	避震器-前
3B0 413 031AC	避震器-前
3B0 413 031P	避震器-前
3B0 498 099D /	外半軸修理包
3B0 498 203A	防塵套修包-外半軸
3B0 498 203A -	防塵套修包-外半軸
3B0 498 203A /	防塵套修包-外半軸
3B0 498 203D	防塵套修包-外半軸
3B0 498 203E	防塵套修包-外半軸
3B0 498 203E -	防塵套修包-外半軸
3B0 513 353 +	後避上座
3B0 711 461B 7D1	手煞車拉柄櫬-灰
3B0 805 594AS	水箱架
3B0 805 594E	水箱架
3B0 805 594M XX	水箱架-中古
3B0 805 903E B41	前下擾流板
3B0 807 049A	保桿側固定座-左前
3B0 807 050B	保桿側固定座-右前
3B0 807 133A XX	保桿支架-左前-中古
3B0 807 217A /	保桿-前外
3B0 807 217A GRU	保桿-前外
3B0 807 311	保桿-後內鐵
3B0 807 311D XX	保桿-後內鐵-中古
3B0 807 469B	保桿內側緩衝墊-前
3B0 807 719 -	保桿飾條-前中/牌照板
3B0 809 957  01C	擋泥板-左前內龜
3B0 809 958  01C	擋泥板-右前內龜
3B0 809 961A 01C	擋泥板-左前內龜
3B0 809 962A 01C	擋泥板-右前內龜
3B0 819 728A 2AQ	冷氣出風口-中
3B0 819 728B  2AQ	冷氣出風口-中
3B0 823 031A	引擎蓋
3B0 823 031A +	引擎蓋
3B0 823 031E XX	引擎蓋-中古
3B0 823 031J	引擎蓋
3B0 823 359A	撐桿-引擎蓋
3B0 823 359B #	撐桿-引擎蓋
3B0 823 359B *	撐桿-引擎蓋
3B0 823 359B /	撐桿-引擎蓋
3B0 823 359C	撐桿-引擎蓋
3B0 823 359C *	撐桿-引擎蓋
3B0 823 359D ~	撐桿-引擎蓋
3B0 823 499B	引擎蓋緩衝橡皮
3B0 823 509K	引擎蓋六角鎖
3B0 823 509S	引擎蓋六角鎖
3B0 837 033D	六角鎖扣
3B0 837 085C	內把手拉線-前
3B0 837 167	鎖仁-外把手左
3B0 837 167 .	鎖仁-外把手左
3B0 837 167G ~	鎖仁-外把手左
3B0 837 168	鎖仁-外把手右
3B0 837 168 .	鎖仁-外把手右
3B0 837 187  01C	車門按扣
3B0 837 207C GRU	外把手
3B0 837 207F -	外把手
3B0 837 211  01C	外把手墊片-大
3B0 837 477A B41	外水切-左前
3B0 837 478A B41	外水切-右前
3B0 839 085A	內把手拉線-後
3B0 853 601C FDY	VW 標誌-前
3B0 853 651H 3FZ	前柵
3B0 853 675D  739	TDI 標誌-後箱
3B0 853 675E  GQF	TDI標誌-後廂
3B0 853 675L  GQF	TDI標誌
3B0 853 678  B41	通風網-右
3B0 853 753D GRU	車門飾條-左後/鉻式
3B0 853 754D GRU	車門飾條-右後/鉻式
3B0 853 855B B41	戶定飾條-左
3B0 853 856B B41	戶定飾條-右
3B0 854 939C  3FZ	車門飾條-左前下
3B0 854 940C  3FZ	車門飾條-右前下
3B0 857 511A  01C	室內後視鏡-防眩
3B0 857 511A  9B9	室內後視鏡-防眩
3B0 857 511G Y20	室內後視鏡-防眩
3B0 857 511H Y20	室內後視鏡
3B0 858 069BS2ZS	冷氣面板
3B0 867 173  FHE	中央扶手蓋
3B0 867 173  FHG	中央扶手蓋
3B0 867 233  2PX	A柱內飾板-左
3B0 906 091	汽油泵
3B0 919 051B	汽油泵/浮筒
3B0 919 051C -	汽油泵/浮筒
3B0 919 673B	汽油浮筒
3B0 919 673K	汽油浮筒
3B0 927 807B /	ABS速度感知器-後
3B0 941 015AK	大燈總成-左
3B0 941 015AN XX	大燈總成-左-中古件
3B0 941 016AK	大燈總成-右
3B0 941 017 /	大燈總成-左-透明
3B0 941 017K  XX	大燈總成-左
3B0 941 018 /	大燈總成-右-透明
3B0 945 511	煞車燈開關
3B0 945 511A	煞車燈開關
3B0 945 511B	煞車燈開關
3B0 945 511C	煞車燈開關
3B0 945 511D	煞車燈開關
3B0 949 117	側燈-橢圓/黃
3B0 949 117A	側燈-橢圓/黑
3B0 949 117A -	側燈-橢圓/黑
3B0 951 206	喇叭-高音
3B0 951 206A	喇叭-低音
3B0 951 221 .	喇叭-低音-L
3B0 951 223 .	喇叭-高音-H
3B0 953 041 *	方向燈-左前
3B0 953 041 /	方向燈-左前
3B0 953 041A	方向燈-左前
3B0 953 041B *	方向燈-左前-透明
3B0 953 041C  XX	方向燈-左前-白-中古
3B0 953 041C *	方向燈-左前
3B0 953 041C -	方向燈-左前-白
3B0 953 042 *	方向燈-右前
3B0 953 042 /	方向燈-右前
3B0 953 042B  XX	方向燈-右前-透明-中古
3B0 953 042B *	方向燈-右前-透明
3B0 953 042C *	方向燈-右前
3B0 953 042C -	方向燈-右前-白
3B0 953 042C XX	方向燈-右前-白-中古
3B0 953 049C  XX	方向燈-左前-白-中古
3B0 953 049C -	方向燈-左前-白
3B0 953 050C  XX	方向燈-右前-白-中古
3B0 953 050C -	方向燈-右前-白
3B0 953 235B /	故障燈開關
3B0 953 235B 01C	故障燈開關
3B0 955 453AD	雨刷噴水筒
3B0 955 453AE	雨刷噴水筒
3B0 955 531 /	繼電器-99
3B0 959 781	中控馬達-後箱
3B0 959 781B	中控馬達-後箱
3B0 959 781C	中控馬達-後箱
3B0 959 781D	中控馬達-後箱
3B0 959 782	中控馬達
3B0 959 833A *	油箱蓋開關
3B1 422 052RX	動力方向機
3B1 422 891A /	方向機油管-方機>冷卻管
3B1 713 139M 4EC	排擋頭-自排
3B1 823 531C	引擎蓋拉線
3B1 837 015A	六角鎖-左前門
3B1 837 015AK	六角鎖-左前門
3B1 837 015AM	六角鎖-左前門
3B1 837 015AN	六角鎖-左前門
3B1 837 015AQ	六角鎖-左前門
3B1 837 015Q	六角鎖-左前門
3B1 837 015Q .	六角鎖-左前門
3B1 837 016AD	六角鎖-右前門
3B1 837 016BH	六角鎖-左前門
3B1 837 016BP	六角鎖-右前門
3B1 837 016BQ	六角鎖-右前門
3B1 837 016BR	六角鎖-右前門
3B1 837 016C	六角鎖-右前門
3B1 837 016C  XX	六角鎖-右前門-中古
3B1 837 016CC	六角鎖-右前門
3B1 837 016CQ	六角鎖-右前門
3B1 837 461  XX	升降機-電動左前-中古
3B1 837 461 *	升降機-電動左前
3B1 837 461 ~	升降機-電動左前
3B1 837 461 ~1	升降機-電動左前
3B1 837 462 *	升降機-電動右前
3B1 837 462 ~	升降機-電動右前
3B1 837 462 ~1	升降機-電動右前
3B1 857 122B A94	手套箱蓋板-黑
3B1 857 507AB S *	後視鏡總成-左電動可折
3B1 857 507C 01C	後視鏡座-左電動
3B1 857 507C HS	後視鏡座總成-左電動廣角
3B1 857 507R 01C	後視鏡座-左電動可折代燈
3B1 857 508BB S *	後視鏡總成-右電動可折
3B1 867 171C  FEM	內把手飾蓋-左前
3B1 955 113B	雨刷馬達
3B1 955 113B *	雨刷馬達
3B1 955 409B	雨刷臂-左
3B1 955 410B	雨刷臂-右
3B1 955 425C	雨刷片-右-軟式
3B1 955 425C *	雨刷片-右-軟式
3B1 955 603B	雨刷桿支架
3B1 955 603B ~	雨刷桿支架
3B4 831 051AC	門總成-左前
3B4 831 051BD	門總成-左前
3B4 831 051BF XX	車門總成-左前-中古
3B4 831 052G	門總成-右前
3B4 839 015AG	六角鎖-左後門
3B4 839 015M	六角鎖-左後門
3B4 839 016A  XX	六角鎖-右後門-中古
3B4 839 016AG	六角鎖-右後門
3B4 839 016M	六角鎖-右後門
3B4 839 167	外把手座-左
3B4 839 478A 2ZZ	外水切-右後/鉻
3B4 867 179A A94	內把手拉柄-左後
3B5 513 031B *	避震器-後
3B5 513 031B +	避震器-後
3B5 513 031B -	避震器-後
3B5 513 031B /	避震器-後
3B5 807 417  XX	保桿-後外-中古
3B5 827 025	後箱蓋
3B5 827 025C  XX	後箱蓋-中古
3B5 827 025Q	後箱蓋
3B5 827 301	後箱蓋支架-左
3B5 827 302	後箱蓋支架-右
3B5 827 550A	撐桿-後箱蓋
3B5 827 550A -	撐桿-後箱蓋
3B5 827 550E /	撐桿-後箱蓋
3B5 827 550G ~	撐桿-後箱蓋
3B5 827 705E	防水橡皮-後箱
3B5 833 051AB XX	車門總成-左後-中古
3B5 833 051B	門總成-左後
3B5 833 051B *	門總成-左後
3B5 833 051R	門總成-左後
3B5 839 461	升降機-電動左後
3B5 839 461 *	升降機-電動左後
3B5 839 462	升降機-電動右後
3B5 839 462 *	升降機-電動右後
3B5 854 701  B41	車頂飾條-左
3B5 854 701B 7Z7	車頂飾條-左/鉻
3B5 943 021	牌照燈
3B5 943 021E	牌照燈
3B5 945 095AE /	尾燈-左
3B5 945 095F -	尾燈-左
3B5 945 095F -ZZ	尾燈-左-瑕疵
3B5 945 095F /	尾燈-左
3B5 945 096AE /	尾燈-右
3B5 945 096G -	尾燈-右
3B5 998 026	牌照燈
3B7 601 171   BXF	輪圈蓋
3B7 698 151 +	來令片組-前
3B7 945 095D -	尾燈-左
3B7 945 096D -	尾燈-右
3B7 955 681 /	噴水馬達-大燈
3BD 959 857	電窗開關總成
3C0 121 156T	水管
3C0 121 157AT	水管
3C0 121 253AL	水箱
3C0 121 253AR	水箱
3C0 121 253K	水箱
3C0 121 321	水箱蓋
3C0 122 063G	水管
3C0 122 073FJ	水管-鐵水管>
3C0 122 101EP	水管-上
3C0 122 157EK	水管
3C0 127 434 -	燃油芯-柴油
3C0 127 434 /	燃油芯-柴油
3C0 129 607AB	空氣芯總成
3C0 129 607AD	空氣芯總成
3C0 129 607BA	空氣芯總成
3C0 145 832D #	通氣管-渦輪
3C0 145 834L #	通氣管-渦輪
3C0 145 834M #	通氣管-渦輪
3C0 145 838D #	空氣管-冷卻器
3C0 199 231D	三角架支架-左/右
3C0 199 231E ~	三角架支架-左/右
3C0 199 555Q +	引擎腳-左
3C0 199 555S	引擎腳-左
3C0 199 555S +	引擎腳-左
3C0 199 855E	引擎腳-後
3C0 199 867B /	工字樑下襯套-下
3C0 199 868B /	工字樑下襯套-下
3C0 200 101	消音器-後段
3C0 201 550L	油箱蓋
3C0 201 550M	油箱蓋-柴油
3C0 201 801	活性碳罐
3C0 407 151E	三角架
3C0 407 365A	和尚頭-三角架左
3C0 407 365A *	和尚頭-三角架左
3C0 407 366A	和尚頭-三角架右
3C0 407 366A *	和尚頭-三角架右
3C0 412 303A	避震器橡皮-前
3C0 413 031AA	避震器-前
3C0 413 031AT	避震器-前
3C0 413 031AT ~	避震器-前
3C0 498 201A	防塵套修包-內半軸
3C0 498 621	前輪軸承-代哈扶
3C0 505 223A	後樑搖臂桿-左
3C0 505 224A	後樑搖臂桿-右
3C0 513 049BQ ~	避震器-後
3C0 513 353 *	後避上座
3C0 513 353E -	後避上座
3C0 611 701H	煞車軟管-前
3C0 611 775	煞車軟管-後
3C0 698 151B	來令片組-前
3C0 698 151B -	來令片組-前
3C0 698 151C	來令片組-前
3C0 698 151C +	來令片組-前
3C0 698 151C + ZZ	來令片組-前-中古
3C0 698 151J	來令片組-前
3C0 698 451	來令片組-後
3C0 698 451B	來令片組-後
3C0 698 451D	來令片組-後
3C0 698 451F	來令片組-後
3C0 805 588D	水箱架
3C0 805 588E	水箱架
3C0 805 588H /	水箱架
3C0 805 588H ZZ	水箱架-暇疵
3C0 805 588H ~	水箱架
3C0 805 588J ~	水箱架
3C0 805 911   9B9	擋泥板-左前內龜前下
3C0 805 912   9B9	內龜擋泥板-右前-前端下
3C0 805 971A  9B9	導風板
3C0 807 109B	保桿內鐵-前
3C0 807 183 ~	保桿側固座-前左
3C0 807 217D  GRU *	保桿-前外
3C0 807 217F  GRU	保桿-前外
3C0 807 217G  GRU	保桿-前外
3C0 807 248B	保桿緩衝墊-前
3C0 807 717A  GRU	保桿飾條-左前外
3C0 807 718A  GRU	保桿飾條-右前外
3C0 807 889	保桿側固座-前左下
3C0 810 773	中控馬達-油箱蓋
3C0 819 031	暖排
3C0 820 411C	冷排
3C0 820 411C -	冷排
3C0 820 411C /	冷排
3C0 820 411E /	冷排
3C0 821 021   ZZ	葉子板-左前-瑕疵
3C0 823 031A	引擎蓋
3C0 823 301B	引擎蓋後鈕-左
3C0 823 301E	引擎蓋後鈕-左
3C0 823 302B	引擎蓋後鈕-右
3C0 823 302E	引擎蓋後鈕-右
3C0 823 359	撐桿-引擎蓋
3C0 823 359A ~	撐桿-引擎蓋
3C0 823 480	引擎蓋六角鎖-上
3C0 825 216B	後尾下護板
3C0 825 271A	底盤側護板-左
3C0 825 272A	底盤側護板-右
3C0 831 401C	車門後扭-前左上
3C0 831 411	車門後扭-前左下
3C0 831 411C	車門後扭-前左下
3C0 837 879  GRU	外把手鎖仁飾蓋-左
3C0 837 880  GRU	外把手鎖仁飾蓋-右
3C0 837 885G	內把手座-左前
3C0 837 886G	內把手座-右前
3C0 853 515A  2ZZ	車門飾條-左前-鉻
3C0 853 516A  2ZZ	車門飾條-右前-鉻
3C0 853 600A  MQH  ZZ	VW 標誌-前-瑕疵
3C0 853 651D  PWF	前柵
3C0 853 651F  PWF	前柵
3C0 853 651G  PWF ZZ	前柵-暇疵
3C0 853 671   9B9	通風網-中
3C0 853 671   9B9 *	通風網-中
3C0 853 753A  2ZZ	車門飾條-左後-鉻
3C0 853 754A  2ZZ	車門飾條-右後-鉻
3C0 853 855A  9B9	戶定飾條-左
3C0 853 856A  9B9	戶定飾條-右
3C0 854 855A  9B9	戶定飾板後端蓋-左
3C0 854 856A  9B9	戶定飾板後端蓋-右
3C0 854 939   9B9	車門下飾條-左前
3C0 854 940   9B9	車門下飾條-右前
3C0 854 949   9B9	車門下飾條-左後
3C0 854 950   9B9	車門下飾條-右後
3C0 857 511J  Y20	室內後視鏡-防眩
3C0 857 521	後視鏡片-左
3C0 857 521 ~	後視鏡片-左
3C0 857 521F	後視鏡片-左-防眩
3C0 857 522	後視鏡片-右
3C0 857 522 ~	後視鏡片-右
3C0 857 537A GRU ~	後視鏡外殼-左
3C0 858 407K  33N	置物盒
3C0 881 253A  4PK	座椅前後調整把手-左
3C0 881 254   9B9	座椅拉柄-前右
3C0 905 843R	引擎鎖開關/起動模組
3C0 905 861H	方向盤鎖
3C0 906 625	控制閥
3C0 907 511A ~	冷氣控制馬達
3C0 907 511B	冷氣控制馬達
3C0 907 511C	冷氣控制馬達
3C0 907 511C ~	冷氣控制馬達
3C0 907 511D	冷氣控制馬達
3C0 907 511R	冷氣控制馬達
3C0 907 511T	冷氣控制馬達
3C0 907 521B	鼓風機控制器
3C0 907 521F	鼓風機控制器
3C0 907 521G -	鼓風機控制器
3C0 907 521G ~	鼓風機控制器
3C0 907 530C	閘道控制電腦
3C0 919 050G	汽油泵
3C0 919 051AE	汽油泵/浮筒
3C0 919 051AF	汽油泵/浮筒
3C0 919 051AL	汽油泵/浮筒
3C0 919 237A  9B9	開關-右氣囊解除
3C0 919 275L  GRU	倒車雷達感知器
3C0 919 275R  2ZZ	倒車雷達感知器
3C0 927 225B  REH	手煞車開關
3C0 927 225B  REH ~	手煞車開關
3C0 937 049AL	電路系統控制單元
3C0 941 005J	大燈總成-左
3C0 941 005J *	大燈總成-左
3C0 941 006J	大燈總成-右
3C0 941 006J *	大燈總成-右
3C0 941 006M	大燈總成-右
3C0 941 699B ~	霧燈-左
3C0 941 700B ~	霧燈-右
3C0 947 291D  Y20	室內燈-後
3C0 951 221	喇叭-低音-L
3C0 951 223	喇叭-高音-H
3C0 951 223A	喇叭-高音-H
3C0 953 041C	方向燈-左前-黃
3C0 953 041E	方向燈-左前-白
3C0 953 041H	方向燈-左前-白
3C0 953 041L ~	方向燈-左前-白
3C0 953 042E	方向燈-右前-白
3C0 953 042H	方向燈-右前-白
3C0 953 042L ~	方向燈-右前-白
3C0 955 109A  GRU	大燈噴水器外蓋-左
3C0 955 453P ~	雨刷噴水筒
3C0 959 455F	風扇馬達-左
3C0 959 455F *	風扇馬達-左
3C0 959 455G	風扇馬達-右
3C0 959 455G *	風扇馬達-右
3C0 959 703   VW1	電窗馬達-左後
3C0 959 703   VW3	電窗馬達-左後
3C0 959 704   VW1	電窗馬達-右後
3C1 423 051L	動力方向機總成
3C1 820 015	鼓風機
3C1 820 015K	鼓風機
3C1 820 015K *	鼓風機
3C1 820 103	蒸發器
3C1 820 103B	蒸發器
3C1 823 535	引擎蓋拉線-後段
3C1 837 015A ~	六角鎖-左前門
3C1 837 461F	升降機-電動左前
3C1 837 462F	升降機-電動右前
3C1 857 705F  RAA	安全帶-左前/黑
3C1 857 705N  RAA	安全帶-左前/黑
3C1 857 706F  RAA	安全帶-右前/黑
3C1 857 706Q  RAA	安全帶-右前/黑
3C1 907 511	冷氣控制馬達
3C1 907 511A	冷氣控制馬達
3C1 907 511A ~	冷氣控制馬達
3C1 907 511F	冷氣控制馬達
3C1 907 511F ~	冷氣控制馬達
3C1 907 511H	冷氣控制馬達
3C1 955 023B	雨刷馬達總成-含支架
3C1 955 425B	雨刷片-左-軟式  600MM
3C1 955 425C	雨刷片-左-軟式
3C1 955 426B	雨刷片-右-軟式
3C1 998 002 -	雨刷片組-軟式
3C4 831 055C	車門總成-左前
3C4 831 056C	門總成-右前
3C4 837 085B	內把手拉線-前-L/R
3C4 837 431F  5AP ~	門框橡皮-左前
3C4 837 476   7Z7	外水切-右前
3C4 837 701B  5AP	防水橡皮-門邊-左前
3C4 837 702   5AP	門內邊膠條-右前
3C4 837 702B  5AP	防水橡皮-門邊-右前
3C4 839 015A ~	六角鎖-左後門
3C4 839 016A ~	六角鎖-右後門
3C5 807 375A	保桿側固定座-後左
3C5 807 376	保桿側固定座-後右
3C5 807 376A	保桿側固定座-後右
3C5 807 417A  GRU	保桿-後
3C5 807 417P  GRU	保桿-後
3C5 807 459A  2ZZ ~	保桿飾條-後左-鉻
3C5 807 460A  2ZZ ZZ	保桿飾條-後右-鉻
3C5 827 025C	後箱蓋
3C5 827 301A	後箱蓋支架-左
3C5 827 302A	後箱蓋支架-右
3C5 827 469C  ULM	後箱鎖
3C5 827 469D  ULM	後箱鎖
3C5 827 469J  ULM ZZ	後箱鎖-瑕疵
3C5 827 550B	撐桿-後箱蓋
3C5 833 055D	車門總成-左後
3C5 833 056D	車門總成-右後
3C5 839 432C  5AP	門框橡皮-右後
3C5 839 462G	升降機-電動右後
3C5 839 476   7Z7	外水切-右後
3C5 945 093C	尾燈-左內
3C5 945 094C	尾燈-右內
3C5 945 095C	尾燈-左外
3C5 945 096C	尾燈-右外
3C8 201 550C	油箱蓋
3C8 807 217D  GRU	保桿-前外
3C8 807 417   GRU	保桿-後
3C8 807 443   2ZZ	保桿飾條-後中-鉻
3C8 807 459   2ZZ	保桿飾條-後左-鉻
3C8 807 460   2ZZ	保桿飾條-後右-鉻
3C8 823 031A	引擎蓋
3C8 823 359	撐桿-引擎蓋
3C8 831 411A	車門後扭-前左下
3C8 831 411B	車門後扭-前左下
3C8 839 461K	升降機-電動左後
3C8 853 074  2ZZ	車門飾條-右後
3C8 853 074A  2ZZ	車門飾條-右後
3C8 857 507AP 9B9	後視鏡座-左電動/電折/記憶
3C8 857 507BE 9B9	後視鏡座-左電動/電折/記憶
3C8 857 508AR 9B9	後視鏡座-右電動/電折/記憶
3C8 857 508BN 9B9	後視鏡座-右電動/電折/記憶
3C8 857 537   GRU  ZZ	後視鏡外殼-左-烤漆
3C8 937 049AB	電路系統控制單元
3C8 937 049F	電路系統控制單元
3C8 941 431A  XHS ~	大燈開關-黑/鉻
3C8 945 093D	尾燈-左內
3C8 945 094D	尾燈-右內
3C8 945 095D	尾燈-左外
3C8 945 095F	尾燈-左外
3C8 945 096D	尾燈-右外
3C8 945 096F	尾燈-右外
3C8 945 105A	反光燈-左後
3C8 945 106A	反光燈-右後
3C8 955 453D	雨刷噴水筒-上
3C8 959 857  XSH ~	電窗開關總成-左
3C9 839 476B  7Z7	外水切-右後
3C9 945 095C	尾燈-左外
3D0 121 065BL	鐵水管
3D0 121 065CG	鐵水管
3D0 122 049K	水管-上/下
3D0 122 447DJ	水管
3D0 127 023A	汽油泵-高壓
3D0 129 620F	空氣芯
3D0 199 308Q	引擎腳支架-右
3D0 199 381Q	引擎腳-右
3D0 199 381T +	引擎腳-左/右
3D0 201 511	汽油杯
3D0 201 797C	活性碳罐
3D0 254 251AX	觸煤轉換器-前-1-3
3D0 254 251X	觸煤轉換器-前-4-6
3D0 254 400GX	觸煤轉換器-後-左
3D0 254 450NX	觸煤轉換器-後-右
3D0 411 317 /	平衡桿接頭-左/右
3D0 616 001K	氣壓彈簧避震器-左後
3D0 616 002K	氣壓彈簧避震器-右後
3D0 616 005L	空氣泵浦
3D0 616 005M	空氣泵浦
3D0 616 005P ~	空氣泵浦
3D0 616 013B	氣壓彈簧控制閥
3D0 616 039AD *	氣壓彈簧避震器-左前
3D0 616 040AD *	氣壓彈簧避震器-右前
3D0 807 049D	保桿側固定座-左前
3D0 807 050D	保桿側固定座-右前
3D0 809 957K  B41	擋泥板-左前內龜
3D0 820 511A ZZ	冷氣風向控制馬達-瑕疵
3D0 837 205C  GRU	外把手-前門
3D0 837 875  GRU	前門把手鎖仁外蓋
3D0 853 071A GRU ZZ	車門飾條-左前-暇疵
3D0 853 072A  GRU	車門飾條-右前
3D0 853 073A  GRU	車門飾條-左後
3D0 853 074A  GRU	車門飾條-右後
3D0 853 074C  GRU	車門飾條-右後
3D0 853 074C  GRU ZZ	車門飾條-右後-瑕疵
3D0 854 661B ZZ	通風網-左-缺件
3D0 854 939B  V7S	車門下飾條-左前
3D0 854 950B  V7S	車門下飾條-右後
3D0 857 521T	後視鏡片-左除霧-防眩
3D0 857 522AM	後視鏡片-右除霧-防眩
3D0 898 644 #	空調濾芯-活性碳
3D0 909 610E	控制電腦-後箱
3D0 919 087F	汽油泵-左
3D0 919 087G	汽油泵-右
3D0 941 038	後箱行程感知器
3D0 941 285D	車身水平感知器-前
3D0 941 286D	車身水平感知器-前
3D0 945 095D XX	尾燈-左外-中古
3D0 951 221B	喇叭-低音-L
3D0 951 223A	喇叭-高音-H
3D0 951 253A	繼電器-433
3D0 959 126B	冷氣壓力開關
3D0 959 453D	風扇馬達-左
3D0 959 453E	風扇馬達-右
3D0 959 453F ZZ	風扇馬達-左-中古
3D0 959 455G ZZ	風扇馬達-右-中古
3D0 959 831C  20H	後箱蓋鎖開關-黑
3D1 612 041BD	真空管
3D1 837 015	六角鎖-左前門
3D1 837 015A	六角鎖-左前門
3D1 837 015AB	六角鎖-左前門
3D1 837 015AP /	六角鎖-左前門
3D1 837 015AP ~	六角鎖-左前門
3D1 837 016	六角鎖-右前門
3D1 837 016A	六角鎖-右前門
3D1 837 016AA	六角鎖-右前門
3D1 837 016AC /	六角鎖-右前門
3D1 837 016AC ~	六角鎖-右前門
3D1 857 507CD 041	後視鏡座-左電動
3D1 857 508BQ 041	後視鏡座-右電動
3D1 955 425F	雨刷片-軟式-左
3D1 955 426	雨刷片-軟式-右
3D4 839 015H	六角鎖-左後門
3D4 839 016	六角鎖-右後門
3D4 839 016H	六角鎖-右後門
3D4 839 475G  PRP	外水切-左後
3D4 839 476G  PRP	外水切-右後
3D5 807 417AD GRU	保桿-後
3D5 807 417BB GRU	保桿-後
3D5 807 417Q  GRU	保桿-後
3D5 827 505E  01C	後箱六角鎖總成
3D7 853 073   GRU	車門飾條-左後
3D7 853 074   GRU	車門飾條-右後
3G0 598 611A	輪軸承修理包-後-代哈扶
3G0 805 588L	水箱架
3G0 805 911T	內龜擋泥板-左前-前端下
3G0 807 109F	保桿內鐵-前
3G0 807 305E	保桿內鐵-後
3G0 810 971F	內龜擋泥板-左後
3G0 820 535A	室外溫度感知器
3G0 821 021A	葉子板-左前
3G0 821 022A	葉子板-右前
3G0 823 031A	引擎蓋
3G0 823 359A	撐桿-引擎蓋
3G0 831 055AE	車門總成-左前
3G0 831 056AE	車門總成-右前
3G0 837 701B  5AP	防水橡皮-左前-車門
3G0 837 702B  5AP	防水橡皮-右前-車門
3G0 853 857D  GRU	戶定飾板-左-外
3G0 853 857E  GRU	戶定飾板-左-外
3G0 853 858D  GRU	戶定飾板-右-外
3G0 853 858E  GRU	戶定飾板-右-外
3G0 857 522  ZZ	後視鏡片-右-瑕疵
3G0 941 661E	霧燈/日行燈/方向燈-左
3G0 941 662E	霧燈/日行燈/方向燈-右
3G0 941 662E *	霧燈/日行燈/方向燈-右
3G0 941 662H	霧燈/方向燈-右
3G0 949 101	方向燈-後視鏡-左
3G0 949 102	方向燈-後視鏡-右
3G1 857 507DP 9B9	後視鏡座-左電動
3G1 857 507EM 9B9	後視鏡座-左電動
3G1 857 508DC 9B9	後視鏡座-右電動
3G1 857 508EP 9B9	後視鏡座-右電動
3G1 941 006B	大燈總成-右
3G1 941 773A	大燈總成-左-LED
3G1 941 774A	大燈總成-右-LED
3G5 945 207C	尾燈-左外-LED
3G8 823 509A	引擎蓋六角鎖-左
3G8 941 113D	大燈總成-左-LED
3G9 807 375	保桿側固定座-後左-外
3G9 807 376	保桿側固定座-後右-外
3G9 827 025	後箱蓋
3G9 833 056AD	車門總成-右後
3Q0 199 262C	引擎腳-右
3Q0 199 262C +	引擎腳-右
3Q0 199 262E	引擎腳-右
3Q0 199 262J	引擎腳-右
3Q0 199 315D	工字樑
3Q0 407 151E	三角架-左
3Q0 407 151N	三角架-左
3Q0 407 152E	三角架-右
3Q0 411 303H	平衡桿
3Q0 411 303J	平衡桿
3Q0 498 201	防塵套修包-內半軸
3Q0 505 311E	三角架-後下-左/右
3Q0 505 433G	後輪羊角/軸承座-左
3Q0 505 434F	後輪羊角/軸承座-右
3Q0 615 601	煞車盤-後
3Q0 615 601 !	煞車盤-後
3Q0 616 423 *	煞車分泵-後左
3Q0 698 451	來令片組-後
3Q0 698 451C	來令片組-後
3Q0 698 451C +	來令片組-後
3Q0 698 451E	來令片組-後
3Q0 698 601 !	煞車盤組-後-*2
3Q0 906 121B	燃油泵控制盒
3Q0 906 121C	燃油泵控制盒
3Q0 919 050G	柴油泵/代浮筒
3Q1 819 021C	鼓風機
3T0 809 958	內龜擋泥板-右前
3T0 823 531A	引擎蓋拉線
3T0 825 202F	底盤護板-右
3T0 837 462A ~	升降機-電動右前
3T1 857 508CC 9B9	後視鏡座-右電動
3T1 867 158  9B9	內把手飾蓋-右前-黑
3T1 941 017C ~	大燈總成-左
3T1 941 018C ~	大燈總成-右
3U5 853 754C  LB5	車門飾條-右後
3V0 807 905A	貼紙-後葉左
3V0 821 142	葉子板固定支架-右前
3V0 823 509B	引擎蓋六角鎖
3V0 927 225B  IHA	手煞車開關-電子式
3V5 807 521A  9B9	後下擾流板
3V5 810 970A	內龜擋泥板-右後
3V5 827 023B	後箱蓋
3V5 839 701C  5AP	防水橡皮-左後-車門上
3V5 839 702B  5AP	防水橡皮-右前-外
3V5 839 702C  5AP	防水橡皮-右後-車門上
3V9 807 863	後保中支架
3V9 827 023D	後箱蓋
3V9 827 023E	後箱蓋
3V9 833 052	車門總成-右後
3W0 698 151P -	來令片組-前
4 4190	前柵-蜂巢式
401 837 015 /	六角鎖-左前門
401 837 016 /	六角鎖-右前門
411 513 121 *	平衡桿接頭橡皮-下
411 513 121S	避震器橡皮墊修包組-前
420 260 401A	冷排-左/右
420 698 151D	來令片組-前
420 698 451B	來令片組-後
420 698 451B !	來令片組-後
420 698 451H	來令片組-後
420 810 171E	擋泥板-左後內龜
420 823 509A	引擎蓋六角鎖-下
431 121 273B	固定腳-進氣支管
431 407 272L	傳動軸-右
431 407 272L *	傳動軸-右
431 407 276G	傳動軸-左
431 407 276G *	傳動軸-左
431 412 175D #	避震器防塵套-前
431 419 831 #	方向機防塵套
431 422 371B	方向機油壺
431 498 099A *ME	外半軸修理包
431 498 103C	內半軸修理包
431 498 103C -	內半軸修理包
431 498 203C *	防塵套修包-外半軸
431 498 203C +	防塵套修包-外半軸
431 601 139A	輪胎螺絲
431 698 471B -	煞車分泵修理包-前
431 955 651 -	噴水馬達
431 955 651 /	噴水馬達
44-ES-7181	惰桿
441 121 055	水管-下
441 121 251J *	水箱
441 121 403	副水筒
441 201 511C -	汽油杯
441 201 511C .	汽油杯
441 201 511C /	汽油杯
441 407 151A *	三角架牛腿-左
441 498 203A	防塵套修包-外半軸
441 498 203A *	防塵套修包-外半軸
441 498 203A -	防塵套修包-外半軸
441 498 203A.	防塵套修包-外半軸
441 611 021B	煞車總泵
441 612 101B	煞車補助推進器
441 612 101B *	煞車補助推進器
441 615 301AA +	煞車盤-前
441 615 301AA -	煞車盤-前
441 698 151A *	來令片組-前
441 947 561D	室內燈開關-後門
441 959 455D	風扇馬達
443 121 251K *	水箱
443 121 321 *	水箱蓋
443 253 115A -	排氣管墊片
443 271 161A *	乾燥筒
443 407 357	墊片
443 407 625E *	前輪軸承
443 412 377	避震器上座
443 413 031E *	避震器芯-前
443 413 031E +	避震器芯-前
443 413 031E -GA	避震器芯-前
443 413 031G ~	避震器芯-前
443 419 811D /	和尚頭-惰桿左
443 498 099D /	外半軸修理包
443 501 615A *	煞車鼓
443 513 031N *GA	避震器-後
443 611 021 *	煞車總泵
443 611 775F -	煞車軟管-後
443 612 061H *	煞車鐵球(蓄壓器)
443 612 061H +	煞車鐵球(蓄壓器)
443 612 061H -	煞車鐵球(蓄壓器)
443 615 123F *	煞車分泵-前左
443 615 124F *	煞車分泵-前右
443 615 301 *	煞車盤-前
443 615 301B *	煞車盤-前
443 615 301B -	煞車盤-前
443 615 425A /	煞車分泵架-後
443 615 601	煞車盤-後
443 615 601 *	煞車盤-後
443 698 151F *	來令片組-前
443 698 151F +	來令片組-前
443 698 151F .	來令片組-前
443 698 451B *	來令片組-後
443 698 451B -	來令片組-後
443 698 451B /	來令片組-後
443 698 470	煞車分泵導管修理包-前
443 698 470 /	煞車導管修理包-前
443 698 525B *	來令片組-後
443 698 671B *	煞車分泵修理包-後
443 819 030 +	暖排
443 820 511A *	冷氣控制馬達
443 823 531A	引擎蓋拉線
443 837 205C -	外把手-左前門
443 837 397D *	升降機總成-左前電動
443 845 531A	玻璃固定擋橡皮-前擋
443 906 087BE	汽油泵
443 906 102D	插頭
443 907 379C *	ABS電腦
443 919 045T	汽油浮筒
443 919 045T -	汽油浮筒
443 919 578C -	繼電器-267
443 919 578H	繼電器-306
443 919 578J /	繼電器-305
443 945 217 !	尾燈-左外
443 945 217 -	尾燈-左外
443 945 218 !	尾燈-右外
443 945 515 /	煞車燈開關
443 951 253J	繼電器-213
443 951 253J *	繼電器-213
443 951 253K	繼電器-214
443 951 253K -	繼電器-214
443 951 253T	繼電器-201
443 951 253T -	繼電器-201
443 953 050E !	方向燈-右前
443 953 513L *	方向燈開關
443 955 465 ~	雨刷噴水馬達橡皮
443 955 532C *	繼電器-272
443 957 801L *	路碼錶線
443 959 257 +	繼電器-285
443 959 455K	風扇馬達
443 959 455K *	風扇馬達
443 959 455N	風扇馬達
443 959 455N >	風扇馬達
447 422 887 *	方向機油管-油壺>泵
447 615 601A *	煞車盤-後
447 615 601A -	煞車盤-後
447 857 909	按扣
45-248573	氣壓式彈簧避震器-前左/右
4A0 121 055C *	水管-下(水泵)
4A0 121 055C /	水管-下(水泵)
4A0 121 055D *	水管-下(水箱)
4A0 121 055H *	水管-下
4A0 121 101C *	水管-上
4A0 121 251C -	水箱
4A0 121 251C /	水箱
4A0 121 251H /	水箱
4A0 121 251M +	水箱
4A0 121 251M -	水箱
4A0 121 251R	水箱
4A0 121 251R #	水箱
4A0 121 251R *	水箱
4A0 121 251R +	水箱
4A0 121 251R -	水箱
4A0 121 302	風扇葉總成
4A0 131 089CX	觸煤轉換器
4A0 199 339A *	引擎減震橡皮-前
4A0 199 351B +	引擎腳-左
4A0 199 351B /	引擎腳-左
4A0 199 352A +	引擎腳-右
4A0 199 352A /	引擎腳-右
4A0 260 403AC -	冷排
4A0 260 805AD -	壓縮機總成
4A0 260 805AE	壓縮機總成
4A0 260 805AH	壓縮機總成-冷氣
4A0 260 805C	壓縮機
4A0 399 151E -	變速箱腳-後
4A0 399 151E /	變速箱腳-後
4A0 399 415B *	工字樑鐵套-前
4A0 399 419E +	工字樑鐵套-左後
4A0 399 420E +	工字樑鐵套-右後
4A0 399 420E /	工字樑鐵套-右後
4A0 407 151 !	三角架牛腿-左
4A0 407 151 +	三角架牛腿-左
4A0 407 151 -	三角架牛腿-左
4A0 407 152 !	三角架牛腿-右
4A0 407 152 +	三角架牛腿-右
4A0 407 152 -	三角架牛腿-右
4A0 407 181A +	三角架鐵套-外
4A0 407 271BD *	傳動軸-右
4A0 407 615B	哈扶-前
4A0 407 625 *	前輪軸承組
4A0 407 625 /	前輪軸承
4A0 412 377C +	避震器上座
4A0 413 031D	避震器芯-前
4A0 413 031D /	避震器芯-前
4A0 419 091	方向盤
4A0 419 802A !	惰桿-右
4A0 422 887F	方向機油管-油壺>泵
4A0 422 887G	方向機油管-油壺>泵
4A0 498 099J	外半軸修理包
4A0 498 099J *	外半軸修理包
4A0 498 099J /	外半軸修理包
4A0 498 203A +	防塵套修包-外半軸
4A0 498 625 +	前輪軸承組
4A0 512 129S *	避震器橡皮-後
4A0 513 031	避震器-後
4A0 513 031 *	避震器-後
4A0 513 031 *GAS	避震器-後
4A0 513 031 +	避震器-後
4A0 513 031 /	避震器-後
4A0 611 021D +	煞車總泵
4A0 611 021D /	煞車總泵
4A0 611 021E /	煞車總泵
4A0 611 707 #	煞車軟管-前
4A0 611 707 /	煞車軟管-前
4A0 611 775B -	煞車軟管-後
4A0 615 123A -	煞車分泵-前左
4A0 615 301B -	煞車盤-前
4A0 615 301B /	煞車盤-前
4A0 615 301C	煞車盤-前
4A0 615 301C !	煞車盤-前
4A0 615 301C *	煞車盤-前
4A0 615 301C +	煞車盤-前
4A0 615 601A -	煞車盤-後
4A0 615 601A ~	煞車盤-後
4A0 698 151	來令片組-前
4A0 698 151 *	來令片組-前
4A0 698 151 -	來令片組-前
4A0 698 151 /	來令片組-前
4A0 698 151C !	來令片組-前
4A0 698 151C #	來令片組-前
4A0 698 151C +	來令片組-前
4A0 698 151C -	來令片組-前
4A0 698 451 /	來令片組-後
4A0 698 451A	來令片組-後
4A0 698 451A .	來令片組-後
4A0 698 601A !	煞車盤組-後-*2
4A0 721 261 *FA	離合器分泵
4A0 721 261 -	離合器分泵
4A0 721 261 /	離合器分泵
4A0 807 103DA *	保桿-前
4A0 807 345J *	通風網-左
4A0 807 345J /	通風網-左
4A0 807 346  /	通風網-右
4A0 807 346 *	通風網-右
4A0 819 373S	熱水管-出
4A0 820 511 *	冷氣控制馬達
4A0 820 539	溫度感知器-室外
4A0 823 029C -	引擎蓋
4A0 823 359C *	撐桿-引擎蓋
4A0 823 359C /	撐桿-引擎蓋
4A0 837 063F	鎖仁-左外把手
4A0 837 064F	鎖仁-右外把手
4A0 837 461AS *	升降機總成-電動左前
4A0 837 461BS -	升降機總成-電動帶馬達-左前
4A0 837 462BS -	升降機總成-電動帶馬達-右前
4A0 839 015F	六角鎖-左後門
4A0 853 983  3ZF	後葉飾條-左
4A0 862 257H	中控控制盒
4A0 905 849	引擎鎖開關
4A0 905 849 .	引擎鎖開關
4A0 905 849A	引擎鎖開關
4A0 905 849B *	引擎鎖開關
4A0 905 849B ~	引擎鎖開關
4A0 905 851G	引擎鎖座
4A0 905 851K -	引擎鎖座
4A0 907 440	控制盒-折疊後視鏡-361
4A0 907 473D	引擎電腦
4A0 907 473H	引擎電腦
4A0 907 473H *	引擎電腦
4A0 941 295 *	大燈調整馬達
4A0 941 699 /	霧燈-左
4A0 941 700 /	霧燈-右
4A0 945 223A *	尾燈-左內
4A0 945 223B *	尾燈-左內
4A0 945 223D *	尾燈-左內
4A0 945 224 *	尾燈-右內
4A0 945 224B *	尾燈-右內
4A0 945 224D *	尾燈-右內
4A0 945 224E *	尾燈-右內
4A0 953 049 *	方向燈-左前
4A0 953 049C	方向燈-左前
4A0 953 049C *	方向燈-左前
4A0 953 049D -	方向燈-左前
4A0 953 050 *	方向燈-右前
4A0 953 050C *	方向燈-右前
4A0 953 050D -	方向燈-右前
4A0 953 053A	燈泡座-前方向燈
4A0 955 651 /	噴水馬達
4A0 955 651B +	噴水馬達
4A0 959 101A *	鼓風機
4A0 959 101A .	鼓風機
4A0 959 101A /	鼓風機
4A0 959 101A >	鼓風機
4A0 959 455B *	風扇馬達
4A0 959 455B -	風扇馬達
4A0 959 455C *	風扇馬達
4A0 959 455C +	風扇馬達
4A0 959 493A .	連續電阻
4A0 959 855A  01C ~	電窗開關-前-L/R
4A0 959 855A *	電窗開關
4A1 422 065	動力方向機
4A1 422 065 -	動力方向機
4A1 422 065A	動力方向機
4A1 422 065A XX	動力方向機
4A1 422 066X >	動力方向機舊品回收
4A1 820 367 #	空調濾芯-活性碳
4A1 820 367 *	空調濾芯
4A1 820 367 /	空調濾芯
4A5 807 305BAGRU	保桿-後
4A5 809 614	後尾鈑側鈑-右
4A5 827 505B 01C	六角鎖-後箱
4A5 827 552 /	撐桿-後箱
4A5 862 055B	後箱鎖
4A5 945 217B *X	尾燈-左外
4A5 945 217B -	尾燈-左外
4A5 945 218B -	尾燈-右外
4A9 513 031B	避震器-後
4B0 091 800	空調濾芯-活性碳
4B0 091 800 *	空調濾芯
4B0 121 055C	水管-下
4B0 121 101D	水管-上
4B0 121 101J	水管-上
4B0 121 101R ~	水管-上
4B0 121 107	水管-副水筒>鐵管
4B0 121 251L	水箱
4B0 121 251R .	水箱
4B0 121 283F	集風板-左
4B0 121 284D	集風板-右
4B0 145 155T /	方向機泵
4B0 145 156 -	方向機泵
4B0 145 156X	方向機泵
4B0 145 832	通風管-渦輪泠卻
4B0 145 838 /	空氣管-冷卻器
4B0 199 351B	引擎腳支架-左下
4B0 199 351B .	引擎腳支架-左下
4B0 199 351B XX	引擎腳支架-左下-中古
4B0 199 352B	引擎腳支架-右下
4B0 199 352B .	引擎腳支架-右下
4B0 199 352B XX	引擎腳支架-右下-中古
4B0 199 379F	引擎腳
4B0 201 541E	汽油管
4B0 201 541E /	汽油管
4B0 201 803C	活性碳罐
4B0 260 403J	冷排
4B0 260 403N *	冷排
4B0 260 403T -	冷排
4B0 399 151L	變速箱腳
4B0 399 151M +	變速箱腳
4B0 407 271AS /	傳動軸-左/右
4B0 407 271F /	傳動軸-左
4B0 407 271P /	傳動軸-右
4B0 407 271R /	傳動軸-左
4B0 407 272F /	傳動軸-右
4B0 407 613	哈扶-前
4B0 407 625A *	前輪軸承
4B0 412 031CA *	避震器-前
4B0 419 801E *	惰桿總成
4B0 419 801M *	惰桿總成
4B0 419 811B	和尚頭-惰桿
4B0 419 811B -	和尚頭-惰桿
4B0 419 811E #	和尚頭-惰桿
4B0 419 811E *	和尚頭-惰桿
4B0 419 811E +	和尚頭-惰桿
4B0 419 811E /	和尚頭-惰桿
4B0 419 811G	和尚頭-惰桿
4B0 419 821E	惰桿
4B0 419 821E *	惰桿
4B0 419 821E -	惰桿
4B0 419 821E /	惰桿
4B0 422 569	方向機油壺護蓋
4B0 422 887E	方向機油管-油壺>泵
4B0 422 891B /	方向機油管-壺>冷卻管
4B0 422 893A	方向機油管-泵>方機
4B0 422 893A /	方向機油管-泵>方機
4B0 422 893A ~	方向機油管-泵>方機
4B0 498 625 /	前輪軸承組
4B0 498 625A /	前輪軸承組
4B0 501 559	後軸支架護蓋
4B0 501 559A XX	後軸支架護蓋-中古
4B0 601 170 7ZJ	輪圈蓋-鋁圈
4B0 611 931N	真空管
4B0 615 123  XX	煞車分泵-前左-代架-中古
4B0 615 301A +	煞車盤-前
4B0 615 301A -	煞車盤-前
4B0 615 301B -	煞車盤-前
4B0 615 601B *	煞車盤-後
4B0 698 151A	來令片組-前
4B0 698 151AB	來令片組-前
4B0 698 151AC  *	來令片組-前
4B0 698 151B	來令片組-前
4B0 698 151B .	來令片組-前
4B0 698 151B /	來令片組-前
4B0 698 151J !	來令片組-前
4B0 698 151JZ	來令片組-前
4B0 698 151K .	來令片組-前
4B0 698 151N	來令片組-前
4B0 698 151N !	來令片組-前
4B0 698 151N *	來令片組-前
4B0 698 451A .	來令片組-後
4B0 698 451B	來令片組-後
4B0 698 451B !	來令片組-後
4B0 698 451E #	來令片組-後
4B0 698 451E +	來令片組-後
4B0 698 601B !	煞車盤組-後-*2
4B0 713 243	排擋燈
4B0 805 588A	水箱架
4B0 805 588D	水箱架
4B0 807 103AFGRU	保桿-前
4B0 807 103BBGRU	保桿-前
4B0 807 103BKGRU	保桿-前
4B0 807 103BLGRU	保桿-前
4B0 807 173  *	大燈下飾板-左-鉻
4B0 807 313	保桿-後內鐵
4B0 807 682AA01C	通風網-右
4B0 807 682H /	通風網-右
4B0 819 181A	通風口-後葉子板下
4B0 819 181B	通風口-後葉子板下
4B0 819 353B /	蒸發器
4B0 819 371C ~	熱水管-進
4B0 819 371F	熱水管-進
4B0 819 371L ~	熱水管-進
4B0 819 373A	熱水管-出
4B0 819 373H	熱水管-出
4B0 819 373K ~	熱水管-出
4B0 819 439A #	空調濾芯-活性碳
4B0 819 439C !	空調濾芯-活性碳
4B0 819 439C #	空調濾芯-活性碳
4B0 819 439C .	空調濾芯-活性碳
4B0 820 177	毛細管
4B0 820 177 *	毛細管-黃
4B0 820 177 -	毛細管
4B0 821 106A +	葉子板-右前
4B0 821 135A	葉子板固定支架-左前
4B0 821 171A	擋泥板-左前內龜
4B0 821 172B	擋泥板-右前內龜
4B0 823 301C	引擎蓋後鈕-左
4B0 823 359B	撐桿-引擎蓋
4B0 823 359B #	撐桿-引擎蓋
4B0 823 359B *	撐桿-引擎蓋
4B0 823 359B /	撐桿-引擎蓋
4B0 823 359C #	撐桿-引擎蓋
4B0 831 051	門總成-左前
4B0 831 052	門總成-右前
4B0 831 411	車門後扭-左前下
4B0 837 462C ZZ	升降機-電動右前-瑕疵
4B0 837 463A	升降機滑扣-電動
4B0 839 015B	六角鎖-左後門
4B0 839 015D	六角鎖-左後門
4B0 839 016B	六角鎖-右後門
4B0 839 016D	六角鎖-右後門
4B0 839 016G ~	六角鎖-右後門
4B0 853 284  2ZZ	外水切飾條-右前
4B0 853 651A  3FZ ~	前柵
4B0 853 764J  1ZZ	外水切飾條-左後
4B0 853 959  7DL	車門下飾條-左前
4B0 853 960  7DL	車門下飾條-右前
4B0 857 535B -	後視鏡片-左除霧廣角
4B0 864 245Q  45G	中央扶手蓋
4B0 885 995A 4PK	置杯架
4B0 905 851B -	引擎鎖座
4B0 905 851C	引擎鎖座
4B0 906 087B	汽油泵
4B0 906 087B *	汽油泵
4B0 906 087P	汽油泵
4B0 906 087Q	汽油泵
4B0 907 503	車身水平感知器
4B0 919 051E *	汽油泵-代浮筒
4B0 919 051E -	汽油泵
4B0 919 279	倒車雷達警告器
4B0 919 305   01C	點煙器
4B0 919 305A 01C	點煙器-後
4B0 927 803 /	ABS速度感知器-前
4B0 941 029 *	大燈總成-左
4B0 941 030 *	大燈總成-右
4B0 941 509C  B98	故障燈開關
4B0 941 509D /	故障燈開關
4B0 941 509D B98	故障燈開關
4B0 941 509E B98	故障燈開關
4B0 941 509F  B98	故障燈開關
4B0 941 699 -	霧燈-左
4B0 941 699 /	霧燈-左
4B0 941 700 -	霧燈-右
4B0 941 700 /	霧燈-右
4B0 947 411	車門警示燈
4B0 951 221	喇叭-低音-L
4B0 951 223A	喇叭-高音-H
4B0 953 503E  01C ~	雨刷開關
4B0 953 503E *	雨刷開關
4B0 955 453C -	雨刷噴水筒
4B0 955 531A ~	繼電器-603/377
4B0 959 501D	風扇控制盒
4B0 959 591H	天窗馬達
4B0 959 613B 6PS	天窗電位計
4B0 959 765  01C	座椅調整開關-前後/左
4B0 959 766  01C	座椅調整開關-前後-右
4B0 959 851  01C	電窗開關
4B0 959 855  01C	電窗開關-後
4B0 971 832	插頭
4B0 998 002 *	雨刷片組-軟式  119-323
4B1 422 052DX	動力方向機
4B1 422 052EX	動力方向機
4B1 422 052F	動力方向機
4B1 422 052FX	動力方向機
4B1 422 052FX >	動力方向機舊品回收
4B1 422 052RX	動力方向機
4B1 422 052X	動力方向機
4B1 422 066J	動力方向機
4B1 422 891G /	方向機油管-主機>冷卻管
4B1 422 893Q	方向機油管-泵>方機
4B1 823 029	引擎蓋
4B1 837 015B	六角鎖-左前門
4B1 837 015G ~	六角鎖-左前門
4B1 837 016B	六角鎖-右前門
4B1 837 016E	六角鎖-右前門
4B1 857 536C -	後視鏡片-右除霧
4B1 858 532BJ3FZ	後視鏡座-右電動
4B1 955 425A	雨刷片-軟式
4B1 955 425B	雨刷片-軟式
4B1 962 107  B98	中控控制開關
4B3 12 1321	水箱蓋
4B3 199 379B	引擎腳-左
4B3 199 379C	引擎腳-右
4B3 199 379L	引擎腳-右
4B3 407 151C -	三角架-前下
4B3 407 151D /	三角架-前下
4B3 407 253D	羊角-左前輪
4B3 407 254D	羊角-右前輪
4B3 611 021 *	煞車總泵
4B3 615 601	煞車盤-後.通風 (269 * 22MM)
4B3 698 151A +	來令片組-前
4B3 698 451	來令片組-後
4B5 807 301AFGRU	保桿-後
4B5 807 301BJGRU	保桿-後
4B5 807 454A	保桿側固定座-右後
4B5 827 552F	撐桿-後箱
4B5 827 552F /	撐桿-後箱
4B5 839 439T	門框橡皮-左後
4B5 945 095 ~	尾燈-左
4B5 945 096 ~	尾燈-右
4B5 945 096B .	尾燈-右
4B5 945 217 *	尾燈-左
4B5 945 217 /	尾燈-左
4B5 945 218 *	尾燈-右
4B5 945 218 /	尾燈-右
4B5 962 115B	中控馬達-後箱
4B9 945 095F	尾燈-左
4B9 945 096F	尾燈-右
4C0 823 359A *	撐桿-引擎蓋
4D0 121 251C	水箱
4D0 121 251F *	水箱
4D0 121 403A	副水筒
4D0 145 155F	方向機泵
4D0 145 155K	方向機泵
4D0 260 749A	O形環-冷氣管
4D0 260 805B	壓縮機總成
4D0 407 151E	三角架-前下
4D0 407 151E #	三角架-前下
4D0 407 151E -	三角架-前下
4D0 407 151E /	三角架-前下
4D0 407 151G *	三角架-前下
4D0 407 151P #	三角架-前下
4D0 407 151P .	三角架-前下
4D0 407 181F	三角架鐵套
4D0 407 181H +	三角架鐵套-下前外
4D0 407 181H /	三角架鐵套-下前外
4D0 407 182E	三角架鐵套
4D0 407 182E *	三角架鐵套-下前內
4D0 407 182E +	三角架鐵套-下前內
4D0 407 183AB ~	三角架鐵套-下後
4D0 407 183AC +	三角架鐵套-下後
4D0 407 183M	三角架鐵套
4D0 407 183Q *	三角架鐵套-下後
4D0 407 305 *	外半軸-無防塵套
4D0 407 311 *	外半軸
4D0 407 505D	羊角連桿
4D0 407 505H /	三角架-上前-左/右
4D0 407 509D #	三角架-上左後
4D0 407 509D *	三角架-上左後
4D0 407 509D +	三角架-上左後
4D0 407 509D -	三角架-上左後
4D0 407 509D .	三角架-上左後
4D0 407 509G	三角架-上左後
4D0 407 509G /	三角架-上左後
4D0 407 509J	三角架-上左後
4D0 407 509K *	三角架-上左後
4D0 407 510D *	三角架-上右後
4D0 407 510D +	三角架-上右後
4D0 407 510D -	三角架-上右後
4D0 407 510D .	三角架-上右後
4D0 407 510G	三角架-上右後
4D0 407 510G -	三角架-上右後
4D0 407 510J	三角架-上右後
4D0 407 515C -	三角架鐵套-上/前後
4D0 407 625D *	前輪軸承-代座
4D0 407 625E -	前輪軸承
4D0 407 625H *	前輪軸承
4D0 407 693E	三角架-下左後
4D0 407 693M	三角架-下左後
4D0 407 693N #	三角架-下左後
4D0 407 694E	三角架-下右後
4D0 407 694M	三角架-下右後
4D0 407 694M -	三角架-下右後
4D0 407 694N #	三角架-下右後
4D0 407 694N *	三角架-下右後
4D0 411 327G *	平衡桿橡皮
4D0 411 327G +	平衡桿橡皮
4D0 411 336D	平衡桿橡皮固定座
4D0 412 137B	避震器防塵套-前
4D0 412 369A	避震器墊片-前
4D0 412 377D	避震器上座
4D0 412 377F /	避震器上座
4D0 412 392C XX	避震器/上支臂固定座-右-中古件
4D0 413 031AB	避震器-前
4D0 413 031AP	避震器-前
4D0 413 031BL	避震器-前
4D0 419 801B -	惰桿總成
4D0 498 099 -	外半軸修理包
4D0 498 099 /	外半軸修理包
4D0 498 099X	外半軸修理包
4D0 611 021A +	煞車總泵
4D0 611 021A /	煞車總泵
4D0 611 021B *	煞車總泵
4D0 611 021B +	煞車總泵
4D0 615 423B	煞車分泵-後左
4D0 615 423B /	煞車分泵-後左
4D0 615 424B /	煞車分泵-後右
4D0 698 151E	來令片組-前
4D0 698 151E -	來令片組-前
4D0 698 151R .	來令片組-前
4D0 698 451A	來令片組-後
4D0 698 451A #	來令片組-後
4D0 698 451B	來令片組-後
4D0 819 439	空調濾芯
4D0 819 439 *	空調濾芯
4D0 823 359F *	撐桿-引擎蓋
4D0 827 551A	撐桿-後箱
4D0 837 231A 01C	搖控器
4D0 837 231D  01C	搖控器
4D0 853 737  2ZZ	QUATTRO標誌
4D0 905 855E	引擎鎖仁
4D0 906 087C	汽油泵
4D0 907 275	輪胎感知器
4D0 907 275C	胎壓感知器
4D0 907 476B *	放電器
4D0 945 218	尾燈-右外
4D0 945 223A -	尾燈-左內
4D0 945 224 -	尾燈-右內
4D0 949 127B -	側燈-黃/方
4D0 949 127D *	側燈-白/方
4D0 949 127D -	側燈-白/方
4D0 951 253 -	繼電器-372
4D0 951 253 ~	繼電器-208/372
4D0 959 455A *	風扇馬達
4D0 997 551LX >	引擎電腦舊品繳回
4D1 837 015A	六角鎖-左前門
4D1 837 016A	六角鎖-右前門
4E0 121 103H	水管-副水筒
4E0 129 620C .	空氣芯
4E0 145 155K *	方向機泵
4E0 199 381BT	引擎腳-左
4E0 199 381CQ	引擎腳-左
4E0 199 381EE	引擎腳-左
4E0 199 381EH	引擎腳-左
4E0 199 381EJ	引擎腳-右
4E0 199 381EP	引擎腳-右
4E0 199 381FD	引擎腳-左
4E0 260 403N	冷排
4E0 260 805AH	壓縮機總成
4E0 399 151CA	變速箱腳-左
4E0 399 151CB	變速箱腳-右
4E0 407 151G	三角架-前下
4E0 407 151G *	三角架-前下
4E0 407 253N	羊角-左前輪
4E0 407 505B	三角架-上左前
4E0 407 505E ~	三角架-上左前
4E0 407 506E ~	三角架-上左後
4E0 407 509B	三角架-上左後
4E0 407 625E *	前輪軸承
4E0 407 693F	三角架-下左後
4E0 407 694E	三角架-下右後
4E0 407 694F	三角架-下右後
4E0 411 305T	平衡桿
4E0 411 317D	平衡桿接頭-左/右
4E0 411 317E	平衡桿接頭-左/右
4E0 411 317E *	平衡桿接頭-左/右
4E0 411 317E -	平衡桿接頭-左/右
4E0 419 811D *	和尚頭-惰桿
4E0 498 201	防塵套修包-內半軸
4E0 498 203	防塵套修包-外半軸
4E0 501 529D *	三角架拉桿-後-L/R
4E0 505 547A *	後平均小拉桿-左
4E0 505 548A *	後平均小拉桿-右
4E0 616 002E	氣壓彈簧避震器-右後
4E0 616 007	空氣泵浦
4E0 616 007B	空氣泵浦
4E0 616 039AH	氣壓式彈簧避震器-前左
4E0 616 040AH	氣壓式彈簧避震器-前右
4E0 698 151	來令片組-前
4E0 698 151J +	來令片組-前
4E0 698 151J -	來令片組-前
4E0 698 151K !	來令片組-前
4E0 698 151M *	來令片組-前
4E0 698 601K !	煞車盤組-後-*2
4E0 807 105A  GRU	保桿-前
4E0 807 223AB GRU	保桿飾條-彎角-左前
4E0 807 284A	保桿側固定座-右前
4E0 807 303A  GRU	保桿-後
4E0 819 181A	通風口-後葉子板下
4E0 819 439A .	空調濾芯
4E0 821 105H	葉子板-左前
4E0 821 106H	葉子板-右前
4E0 821 171H	擋泥板-左前內龜
4E0 821 172H	擋泥板-右前內龜
4E0 823 359C	撐桿-引擎蓋
4E0 827 520A  01C	六角鎖套-後箱
4E0 827 552B	撐桿-後箱蓋-右
4E0 827 852G	後箱蓋驅動馬達-右
4E0 853 651A  3EZ	前柵
4E0 853 651AE 1QP	前柵
4E0 857 273E	多功能顯示器固定座
4E0 927 803D	ABS速度感知器-左
4E0 927 804D	ABS速度感知器-右
4E0 947 415	指示燈
4E0 951 223	喇叭-高音-H
4E0 953 503C  4PK	雨刷開關
4E0 953 513A  4PK	方向燈開關/大燈
4E0 955 559C	雨滴感知器
4E0 959 101	鼓風機
4E1 927 225	手煞車開關-電子式駐車
4E1 955 119B	雨刷馬達
4E1 955 425C	雨刷片-軟式-左
4E1 955 426C	雨刷片-軟式-右
4ED 407 505	三角架-上左前
4ED 407 506	三角架-上右前
4ED 407 509	三角架-上左後
4ED 407 510	三角架-上右後
4F0  399 151AN -	變速箱腳含架
4F0 121 055F ~	水管-下
4F0 121 107M	水管
4F0 121 251AA	水箱
4F0 121 251AE *	水箱
4F0 121 251AF *	水箱
4F0 121 251M	水箱
4F0 121 251R	水箱
4F0 121 403B	副水筒
4F0 121 403C	副水筒
4F0 133 843A .	空氣芯
4F0 145 155 *	方向機泵
4F0 145 155E	方向機泵
4F0 145 155H *	方向機泵
4F0 145 155P *	方向機泵
4F0 145 737E	通氣管-渦輪
4F0 145 805E	渦輪增壓散熱器
4F0 199 379C	引擎腳-左
4F0 199 379K	引擎腳-左
4F0 199 382	引擎腳-右
4F0 199 382AQ	引擎腳-右
4F0 199 382H	引擎腳-左
4F0 201 511B	汽油杯
4F0 201 511B ~1	燃油濾清器-汽油
4F0 201 511C	汽油杯
4F0 201 511C ~	汽油杯
4F0 201 511C ~1	燃油芯-汽油
4F0 201 550G	油箱蓋-柴油
4F0 260 403P +	冷排
4F0 260 403P /	冷排
4F0 260 805H	壓縮機總成
4F0 260 805L	壓縮機總成
4F0 260 805R	壓縮機總成
4F0 260 805T	壓縮機總成
4F0 399 151AN +	變速箱腳含架
4F0 399 151AN -	變速箱腳含架
4F0 407 151	三角架-前下
4F0 407 183A	三角架鐵套-下後
4F0 407 183C *	三角架鐵套-下後
4F0 407 693C	三角架-下左後
4F0 407 693C -	三角架-下左後
4F0 407 693G	三角架-下左後
4F0 407 693H ~	三角架-下左後
4F0 407 694H ~	三角架-下右後
4F0 412 377B	避震器上座
4F0 412 377D +	避震器上座
4F0 413 031AL	避震器-前
4F0 419 811E	和尚頭-惰桿
4F0 513 353D +	後避上座
4F0 513 353D /	後避上座
4F0 614 517K	ABS控制主體
4F0 615 404A /ZZ	煞車分泵-左後
4F0 698 301D !	煞車盤組-前-*2
4F0 698 451A	來令片組-後
4F0 807 329	後保固定座
4F0 807 441G  GRU  ZZ	拖車鉤蓋-前-瑕疵
4F0 819 375B ~	熱水管-出
4F0 819 378B ~	熱水管
4F0 819 439	空調濾芯
4F0 819 439A	空調濾芯-活性碳
4F0 819 439A *	空調濾芯-活性碳
4F0 819 439A .	空調濾芯-活性碳
4F0 820 521A /	風量控制盒
4F0 821 135	葉子板固定支架-左前
4F0 823 029A	引擎蓋
4F0 823 359A	撐桿-引擎蓋
4F0 825 429	栓扣
4F0 837 060	升降機馬達-右前
4F0 837 911	防水橡皮-前門-LR
4F0 839 015 ~	六角鎖-左後門
4F0 853 065   2ZZ ~	保桿飾條-左前-鉻
4F0 853 066   2ZZ ~	保桿飾條-右前-鉻
4F0 853 651   1QP *	前柵
4F0 853 959E  GRU	車門下飾條-左前
4F0 853 960E  GRU	車門下飾條-右前
4F0 853 970G  GRU	車門下飾條-右後
4F0 853 970H  GRU	車門下飾條-右後
4F0 857 535AF ~	後視鏡片-左-除霧
4F0 857 536AE ~	後視鏡片-右-除霧
4F0 863 821E	引擎下護板
4F0 898 173   1DH	中央扶手修理包-灰
4F0 898 173B  6PS	中央扶手修理包-黑
4F0 898 438A	空調濾芯-活性碳-*2
4F0 898 438B	空調濾芯-活性碳-*2
4F0 910 131N	引擎鎖開關
4F0 910 131Q	引擎鎖開關
4F0 915 105B	電瓶-80AH/380A
4F0 919 088M	汽油泵
4F0 941 029AK	大燈總成-左-氙氣
4F0 941 029CP *	大燈總成-左-氙氣
4F0 941 029EA	大燈總成-左-氙氣
4F0 941 030AK	大燈總成-右-氙氣
4F0 941 329B	控制盒-大燈
4F0 941 669	燈泡座
4F0 941 699 ~	霧燈-左
4F0 955 101 ~	大燈噴水器-左
4F0 959 126B	冷氣壓力開關
4F0 959 501A	風扇控制盒
4F0 959 565A 5PR ~	後視鏡調整開關
4F0 959 851D  5PR	電窗開關-左前
4F0 959 855   5PR	電窗開關-右
4F0 973 703	插頭座
4F1 422 893AJ	方向機油管-方機>泵
4F1 422 893BE	方向機油管-方機>泵
4F1 819 371K ~	熱水管-進
4F1 837 015 ~	六角鎖-左前門
4F1 837 016 ~	六角鎖-右前門
4F1 927 225A	電子式手煞車開關
4F1 955 119B	雨刷馬達
4F1 955 425D	雨刷片-軟式-L/R
4F1 955 425E	雨刷片-軟式-L/R
4F1 955 426B	雨刷片-軟式-R
4F1 959 617A	暖水閥
4F5 827 301	後箱蓋支架-左
4F5 827 302	後箱蓋支架-右
4F5 827 505D  XX	六角鎖-後箱-中古
4F5 827 505D ~	六角鎖-後箱
4F5 945 093E	尾燈-左內-LED
4F5 945 093E -	尾燈-左內-LED
4F5 945 095F	尾燈-左-LED
4F5 945 095J	尾燈-左外-LED
4F5 945 095J *	尾燈-左外-LED
4F5 945 096AB	尾燈-右外-LED
4F5 945 096D	尾燈-右
4F5 945 096F	尾燈-右-LED
4F5 945 096J	尾燈-右外-LED
4F5 945 096J *	尾燈-右外-LED
4F5 945 096N -	尾燈-右-LED
4F5 945 221	燈泡座-左尾燈
4F5 945 222	燈泡座-右尾燈
4F9 827 383B	後箱蓋鎖-帶馬達
4F9 827 383D	後箱蓋鎖-帶馬達
4F9 827 383E	後箱蓋鎖-帶馬達
4F9 827 383G ZZ	後箱蓋鎖-帶馬達-瑕疵
4F9 827 505	六角鎖-後箱
4G0 121 081EP ~	水管-副水筒-前
4G0 121 403AC	副水筒
4G0 121 403D	副水筒
4G0 121 403G	副水筒
4G0 122 061A	水管
4G0 127 400C	燃油芯-柴油
4G0 145 804	渦輪增壓散熱器-前中
4G0 199 307	引擎腳支架-左
4G0 199 308C	引擎腳支架-右
4G0 199 381D	引擎腳-左
4G0 199 381E	引擎腳-右
4G0 199 381KN	引擎腳-左
4G0 199 381KP	引擎腳-右
4G0 199 381KT	引擎腳-左
4G0 199 381LA	引擎腳-右
4G0 199 381NT +	引擎腳-左
4G0 201 317A	燃油芯/上蓋
4G0 201 550L	油箱蓋
4G0 260 403A	冷排
4G0 260 403A *	冷排
4G0 260 403N	冷排
4G0 317 021K	冷卻器-ATF
4G0 399 153S	變速箱腳
4G0 399 153T	變速箱腳
4G0 407 183A	三角架鐵套
4G0 407 693D	三角架-下後左
4G0 407 693J	三角架-下後左
4G0 407 694D	三角架-下後右
4G0 407 694J	三角架-下後右
4G0 521 101F	傳動軸-遞軸
4G0 615 301	煞車盤-前
4G0 615 301A	煞車盤-前
4G0 615 301E	煞車盤-前
4G0 615 301K	煞車盤-前
4G0 615 301M	煞車盤-前
4G0 615 301Q -	煞車盤-前
4G0 616 031L	避震器-後
4G0 698 151AA	來令片組-前
4G0 698 151AA -	來令片組-前
4G0 698 151AB	來令片組-前
4G0 698 151AB -	來令片組-前
4G0 698 151AC	來令片組-前
4G0 698 151B	來令片組-前
4G0 698 151D	來令片組-前
4G0 698 151D !	來令片組-前
4G0 698 151F	來令片組-前
4G0 698 151J	來令片組-前
4G0 698 151M	來令片組-前
4G0 698 151S	來令片組-前
4G0 698 301A !	煞車盤組-前-*2
4G0 698 451	來令片組-後
4G0 698 451 +	來令片組-後
4G0 698 451A	來令片組-後
4G0 698 451A *	來令片組-後
4G0 698 451B	來令片組-後
4G0 698 451B -	來令片組-後
4G0 698 451H	來令片組-後
4G0 698 451H -	來令片組-後
4G0 698 451J	來令片組-後
4G0 698 451K	來令片組-後
4G0 807 065R  GRU	保桿-前
4G0 823 029	引擎蓋
4G0 823 186	引擎蓋上鎖
4G0 823 509C	引擎蓋六角鎖-下
4G0 825 201	底盤護板-左
4G0 837 911C	防水橡皮-前門-左/右
4G0 839 718A	防水橡皮-右後門下
4G0 863 822C	引擎下護板-後
4G0 907 397F	放電器
4G0 907 397P	放電器
4G0 907 468G	中控電腦
4G0 919 051C	汽油泵/浮筒
4G0 919 051F	汽油泵/浮筒
4G0 941 043	大燈總成-氙氣-左
4G0 941 043C	大燈總成-左-氙氣
4G0 941 043F	大燈總成-左-氙氣
4G0 941 043J	大燈總成-左-氙氣
4G0 941 044	大燈總成-氙氣-右
4G0 941 044C	大燈總成-右-氙氣
4G0 941 044F	大燈總成-右-氙氣
4G0 941 754	大燈總成-右-氙氣
4G0 941 773	大燈總成-左-LED
4G0 943 021	牌照燈-左/右-LED
4G0 955 101B ~	大燈噴水器-左
4G0 955 102B ~	大燈噴水器-右
4G0 955 275B  GRU ZZ	大燈噴水器外蓋-左-瑕疵
4G1 423 055AK	動力方向機
4G1 611 021A	煞車總泵
4G1 819 350AS	熱水管-輔助水泵>水管接頭/塑鋼
4G1 857 409AE  01C	後視鏡座-左電動
4G1 857 409L  01C	後視鏡座-左電動
4G1 857 410AE  01C	後視鏡座-右電動
4G5 819 161	通風口-後葉子板下
4G5 863 471B  4PK	後箱內飾板
4G5 907 468F	中控電腦
4G5 945 095A	尾燈-左外-LED
4G5 945 096A	尾燈-右外-LED
4G5 949 101	方向燈-後視鏡-左
4G5 949 101A	方向燈-後視鏡-左
4G5 949 102A	方向燈-後視鏡-右
4G8 615 601	煞車盤-後
4G8 807 065T  GRU	保桿-前
4G8 807 067A  GRU	保桿-後
4G8 807 453	保桿側固定座-左後下
4G8 807 611	前保桿上蓋板
4G8 823 029A	引擎蓋
4G8 823 301C	引擎蓋後鈕-左
4G8 823 301D	引擎蓋後鈕-左
4G8 823 302C	引擎蓋後鈕-右
4G8 823 302D	引擎蓋後鈕-右
4G8 839 912A	防水橡皮-右後門
4G8 858 531AD GRU	後視鏡座-左電動
4G8 858 532AD GRU	後視鏡座-右電動
4G8 941 029AD	大燈總成-左-氙氣
4G8 941 030AD	大燈總成-右-氙氣
4G8 941 773J	大燈總成-左-LED
4G8 955 101	大燈噴水器-左
4G8 955 102	大燈噴水器-右
4G8 955 453B	雨刷噴水筒
4G8 955 987	噴水頭-左
4G9 819 181B	通風口-後葉子板下
4H0 121 403G	副水筒
4H0 121 403H	副水筒
4H0 121 671D /	輔助水泵
4H0 129 620F	空氣芯
4H0 199 255AA	引擎腳-左
4H0 199 255T	引擎腳-左
4H0 199 256AA	引擎腳-右
4H0 199 256T	引擎腳-右
4H0 260 403D	冷排
4H0 298 403 #	乾燥包
4H0 317 021H	冷卻器-ATF
4H0 317 021T *	冷卻器-ATF
4H0 399 152AT	變速箱腳-右
4H0 407 151B	三角架-前下-左
4H0 407 151C *	三角架-前下-左
4H0 407 152B	三角架-前下-右
4H0 407 152C *	三角架-前下-右
4H0 407 182B	三角架鐵套-下前內
4H0 407 183B	三角架鐵套-下後
4H0 407 183C *	三角架鐵套-下後
4H0 407 505E	三角架-上前左
4H0 407 506E	三角架-上前右
4H0 407 509E	三角架-上後左
4H0 407 510E	三角架-上後右
4H0 407 694F	三角架-下右後
4H0 498 625	前輪軸承修包
4H0 498 625 -	前輪軸承修包
4H0 498 625A	前輪軸承修包
4H0 615 121J	來令片感應線-前
4H0 615 121J *	來令片感應線-前
4H0 615 121J -	來令片感應線-前
4H0 615 121P	來令片感應線-前
4H0 615 301AB	煞車盤-前
4H0 615 301K	煞車盤-前
4H0 615 301L	煞車盤-前
4H0 615 301R	煞車盤-前
4H0 615 301T	煞車盤-前
4H0 615 601F	煞車盤-後
4H0 615 601H	煞車盤-後
4H0 615 601K	煞車盤-後
4H0 615 601L	煞車盤-後
4H0 616 005C	空氣泵浦
4H0 616 005D *	空氣泵浦
4H0 616 013B	控制閥-空氣泵
4H0 616 013C	氣壓彈簧控制閥
4H0 616 039AK	氣壓式彈簧避震器-前左/右
4H0 616 039AP	氣壓式彈簧避震器-前左/右
4H0 616 039AP +	氣壓彈簧避震器-前左/右
4H0 616 039AP -	氣壓彈簧避震器-前左/右
4H0 698 151F	來令片組-前
4H0 698 151G	來令片組-前
4H0 698 151H	來令片組-前
4H0 698 151J	來令片組-前
4H0 698 451A	來令片組-後
4H0 698 451D	來令片組-後
4H0 698 451D !	來令片組-後
4H0 810 773F	中控馬達-油箱蓋
4H0 819 439 #	空調濾芯-活性碳
4H0 819 439 /	空調濾芯-活性碳
4H0 820 511E	冷氣控制馬達
4H0 821 135E	葉子板固定支架-左前
4H0 821 136E	葉子板固定支架-右前
4H0 821 259B	葉子板支架-左前
4H0 823 029D	引擎蓋
4H0 823 509C	引擎蓋六角鎖-下
4H0 837 099A	內把手拉線
4H0 837 205B GRU  ZZ	外把手-前門-左-烤過漆
4H0 837 880A  GRU	外把手飾蓋
4H0 853 986B	戶定飾條-右
4H0 906 262G	含氧感知器-前
4H0 906 262H	含氧感知器-前
4H0 941 029AE	大燈總成-左-氙氣
4H0 941 043	大燈總成-左-氙氣
4H0 941 044	大燈總成-右-氙氣
4H0 949 101	方向燈-後視鏡-左
4H0 949 102	方向燈-後視鏡-右
4H0 953 568H  Z00 XX	方向盤回正感知器-插銷已拔
4H0 955 101C	大燈噴水器-左
4H0 955 102C	大燈噴水器-右
4H0 955 557	撞擊感知器-前門
4H0 959 126	冷氣壓力開關
4H0 959 126A	冷氣壓力開關
4H0 959 126A *	冷氣壓力開關
4H0 959 126A /	冷氣壓力開關
4H0 959 455AA	風扇馬達-右
4H0 959 455AD /	風扇馬達-左
4H0 959 455AE /	風扇馬達-右
4H0 959 455T	風扇馬達-左
4H1 820 021B	鼓風機
4H4 131 984D	尿素導管-前
4K0 407 151	三角架-前下-左
4K0 407 183	三角架鐵套
4K0 413 333	避震器上座
4K0 698 151E	來令片組-前
4K0 807 787	大燈噴水器座-左
4K0 823 509	引擎蓋六角鎖-下-左/右
4K0 837 912A	防水橡皮-右前門
4L0 145 738B	渦輪增壓器進氣管-右下
4L0 698 151B -	來令片組-前
4L0 805 594	水箱架
4L0 807 134A	保桿支架-右前
4L0 807 283	保桿側固定座-左前
4L0 807 283A	保桿側固定座-左前
4L0 807 284	保桿側固定座-右前
4L0 807 303A  GRU	保桿-後外
4L0 807 303D  GRU XX	保桿-後外-中古
4L0 807 333	保桿固定架-左前
4L0 807 334	保桿固定架-右前
4L0 823 029	引擎蓋
4L0 827 550F -	撐桿-後箱
4L0 827 552C	撐桿-後箱
4L0 827 705E	防水橡皮-後箱
4L0 831 051	車門總成-左前
4L0 831 052	車門總成-右前
4L0 831 052 ZZ	車門總成-右前-瑕疵
4L0 837 205B  GRU ZZ	外把手-前門-左/右-烤過漆
4L0 839 461A	升降機-電動左後
4L0 839 462A	升降機-電動右後
4L0 839 886A	外把手座-右後
4L0 853 763C  2ZZ	外水切飾條-左後-鉻
4L0 853 908F	車門上緣飾條-右前-鉻
4L0 862 153D	中控馬達-油箱蓋
4L0 877 307B	遮陽簾-車頂-前
4L0 877 307D  T38	遮陽簾拉柄-天窗前
4L0 941 613A	大燈固定架-左
4L0 941 699A *	霧燈-左
4L0 945 093 *  ZZ	尾燈-左-瑕疵
4L0 945 095 -	尾燈-左-霧燈/倒車燈
4L0 945 096 -	尾燈-右-霧燈/倒車燈
4L0 945 221 -	線組-尾燈
4L0 949 101A	方向燈-後視鏡-左
4L0 949 102A	方向燈-後視鏡-右
4L0 955 462	加油管
4L0 959 561C	電窗開關-控制天窗
4L1 820 021A	鼓風機
4L1 857 410E  01C	後視鏡座-右
4L1 955 023D	雨刷馬達總成-含支架
4L1 998 002 *	雨刷片組-軟式  119-422
4M0 121 321J	水箱蓋
4M0 121 321K	水箱蓋
4M0 121 403D	副水筒
4M0 127 434B	燃油芯-柴油
4M0 133 843C /	空氣芯
4M0 199 371B	引擎腳-左-電動
4M0 199 371ET	引擎腳-左-電動
4M0 199 371FG	引擎腳-左
4M0 199 372B	引擎腳-右-電動
4M0 199 372FG	引擎腳-右
4M0 199 372FM	引擎腳-右-電動
4M0 199 372FS	引擎腳-右-電動
4M0 399 153L	變速箱腳
4M0 399 153Q	變速箱腳
4M0 407 693E	三角架-下左後
4M0 411 317	平衡桿接頭-左/右
4M0 615 121P	來令片感應線-後
4M0 615 601J	煞車盤-後
4M0 698 151AA	來令片組-前
4M0 698 151AA -	來令片組-前
4M0 698 151AJ	來令片組-前
4M0 698 151BD	來令片組-前
4M0 698 151BD -	來令片組-前
4M0 698 451G	來令片組-後
4M0 807 283A	保桿側固定座-左前
4M0 807 611	前保桿下蓋板
4M0 819 439A	空調濾芯-活性碳
4M0 819 439B /	空調濾芯-抗過敏
4M0 825 235L	引擎下護板-前
4M0 839 718A	防水橡皮-右後門
4M0 862 153	中控分泵-油箱蓋
4M0 907 129KS	綜合開關-雨刷/方向燈/定速
4M1 857 410L  9B9	後視鏡座-右電動
4M1 927 225A	手煞車開關-電子式駐車
4N0 133 246	廢氣風門伺服馬達
4S0 698 451J	來令片組-後
4S0 698 451L	來令片組-後
4Z7 121 251B *	水箱
4Z7 121 251B +	水箱
4Z7 121 251B -	水箱
4Z7 407 451AX	傳動軸-左
4Z7 407 452AX	傳動軸-右
4Z7 616 051B	氣壓彈簧-前
4Z7 941 285	車身水平感知器-前左
510 807 049A	保桿側固定座-左前
510 807 050A	保桿側固定座-右前
510 831 055Q	車門總成-左前
510 831 056Q	車門總成-右前
510 833 055N	車門總成-左後
510 833 056N	車門總成-右後
510 837 205D  GRU	外把手-後門-左
510 837 205G  GRU	外把手-前門-左
510 837 206G  GRU	外把手-前門-右
510 945 095R	尾燈-左外
510 945 095S	尾燈-左外
510 945 096R	尾燈-右外
510 945 096S	尾燈-右外
510 945 257	燈泡座-左外尾燈
510 945 258	燈泡座-右外尾燈
530 0069 09	正時惰輪組-*2
530 0070 09	正時惰輪組/調整器-2
530 0089 09	正時惰輪組-4
530 0161 09	正時惰輪組-2
530 0170 09	正時惰輪組-2
530 0180 09	正時惰輪組-2
530 0201 09	正時惰輪組
530 0344 09	正時惰輪組-2
530 0374 09	正時惰輪組-3
530 0405 09	正時惰輪組-3
530 0503 09	正時惰輪組-4
530 0546 09	正時惰輪組
530006909	正時惰輪組
530008909	正時惰輪組-4
535 121 051C	水管-下
535 121 109	水管-副水筒>鐵管
535 121 251C *	水箱
535 121 251C +	水箱
535 121 251E *	水箱
535 121 251E +	水箱
535 121 251E /	水箱
535 145 157	方向機泵
535 199 262 *	引擎腳-右後
535 199 262 /	引擎腳-右後
535 411 315	平衡桿接頭
535 419 951A	轉向接桿
535 611 701 -	煞車軟管-前
535 614 111	ABS總泵總成
535 615 301 #	煞車盤-前-劃線
535 615 301 /	煞車盤-前
535 615 423	煞車分泵-後左
535 615 423 /	煞車分泵-後左
535 615 424	煞車分泵-後右
535 615 424 /	煞車分泵-後右
535 615 426	煞車分泵架-後右
535 698 671 *	煞車分泵修理包-後
535 863 447A	後板橡皮吊帶
556 293	避震器-前
556 295	避震器-後
561 035 497	天線總成-車頂
561 407 151A	三角架-左
561 407 152A	三角架-右
575 833 051H	車門總成-左後
575 837 912C  9B9	防水橡皮-前-右
575 839 911C  9B9	防水橡皮-後-左
575 867 366L  9B9	防水橡皮-前-右
575 867 368G  9B9	防水橡皮-後-右
57A 805 588D	水箱架
57A 823 031A	引擎蓋
57A 823 186	引擎蓋上鎖
57A 827 851A	後箱蓋驅動撐桿-左
57A 827 852A	後箱蓋驅動撐桿-右
57A 854 816	內龜擋泥板-右前-前端
57A 955 110   GRU	大燈噴水器外蓋-右
5C0 407 152B	三角架-右
5C0 825 237C	引擎下護板
5C0 951 221B +	喇叭-低音-L
5C0 951 223C +	喇叭-高音-H
5C1 819 015	鼓風機
5C1 823 509A	引擎蓋六角鎖
5C5 807 217K  GRU	保桿-前外
5C5 807 393C	保桿側固定座-後左
5C5 807 394D	保桿側固定座-後右
5C5 807 394F	保桿側固定座-後右
5C5 807 417D  GRU	保桿-後
5C5 807 773B	前保固定支架-左
5C5 807 774B	前保固定支架-右
5C5 810 969	內龜擋泥板-左後
5C5 810 970	內龜擋泥板-右後
5C5 821 021	葉子板-左前
5C5 821 021C	葉子板-左前
5C5 821 022B	葉子板-右前
5C5 821 022C	葉子板-右前
5C5 821 703B	貼紙-左後葉
5C5 821 714	貼紙-右後葉下
5C5 823 301	引擎蓋後鈕-左
5C5 823 302	引擎蓋後鈕-右
5C5 837 461B	升降機-電動左
5C5 837 461C	升降機-電動左
5C5 837 462C	升降機-電動右
5C5 857 507C  9B9	後視鏡座-左電動
5C5 857 508C  9B9	後視鏡座-右電動
5C5 941 053A	大燈底座-左
5C5 941 054A	大燈底座-右
5C5 959 857A  ICX	電窗開關-左前
5C6 805 588D	水箱架
5C6 807 217   GRU	保桿-前外
5C6 807 394	保桿側固定座-後右
5C6 810 773H	中控馬達-油箱蓋
5C6 823 031C	引擎蓋
5C6 823 031D	引擎蓋
5C6 823 301	引擎蓋後鈕-左
5C6 823 302	引擎蓋後鈕-右
5C6 827 025	後箱蓋
5C6 827 505G	六角鎖-後箱
5C6 831 055B	車門總成-左前
5C6 833 055A	車門總成-左後
5C6 833 055E	車門總成-左後
5C6 833 056A	車門總成-右後
5C6 833 056E	車門總成-右後
5C6 837 461E	升降機-電動左前
5C6 837 462E	升降機-電動右前
5C6 853 630E  ULM	VW 標誌-後
5C7 941 005A	大燈總成-左
5C7 941 006A	大燈總成-右
5C7 955 425A	雨刷片-左-軟式
5C7 959 565D  REH	後視鏡調整開關
5DA 006 623-331	點火晶體
5DV 007 760-01	放電器
5E0 810 970B	內龜擋泥板-右後
5E0 820 951A  ZLL	冷氣出風口-中
5E0 827 239A	緩衝橡皮-後廂門
5E0 831 051B	車門總成-左前
5E0 831 052B	車門總成-右前
5E0 837 461	升降機-電動左前
5E0 945 104A	反光燈-中後
5E3 807 109	保桿內鐵-前
5E9 827 023C	後箱蓋
5E9 945 111A *	尾燈-左
5E9 955 425	雨刷片-後
5G0 121 283B	集風板-左
5G0 121 283P	集風板-左
5G0 805 275A	水箱架上橫樑
5G0 805 588L	水箱架
5G0 805 588Q	水箱架
5G0 805 911G	內龜擋泥板-左前-前端下
5G0 805 911P	內龜擋泥板-左前-前端下
5G0 805 911T	內龜擋泥板-左前-前端下
5G0 805 912C	內龜擋泥板-右前-前端下
5G0 805 912H	內龜擋泥板-右前-前端下
5G0 805 912J	內龜擋泥板-右前-前端下
5G0 805 969C	內龜擋泥板-左前-後端上
5G0 805 969G	內龜擋泥板-左前-後端上
5G0 805 970C	內龜擋泥板-右前-後端上
5G0 805 970G	內龜擋泥板-右前-後端上
5G0 807 109B	保桿內鐵-前
5G0 807 109C	保桿內鐵-前
5G0 807 109H	保桿內鐵-前
5G0 807 109J	保桿內鐵-前
5G0 807 217AD GRU ZZ	保桿-前-擦傷
5G0 807 305B	保桿內鐵-後
5G0 821 105	葉子板-左前
5G0 821 106	葉子板-右前
5G0 821 112A	前葉後擋泥板-右前
5G0 823 186A	引擎蓋上鎖
5G0 823 301A	引擎蓋後鈕-左
5G0 823 302A	引擎蓋後鈕-右
5G0 823 359	撐桿-引擎蓋
5G0 823 723B	引擎蓋防水橡皮-後
5G0 827 505D  9B9	六角鎖-後箱
5G0 827 517D	後箱六角鎖扣
5G0 837 205Q  GRU	外把手-左-前/後
5G0 837 206Q  GRU	外把手-右-前
5G0 837 249C	車門止擋器-前-左/右
5G0 853 651B  BTU	前柵
5G0 853 688D  FOD	R-MODELL標誌-左前葉
5G0 853 688E  FOD	R-MODELL標誌-右前葉
5G0 853 688L  JZQ	GTI標誌-左前葉
5G0 853 688M  JZQ	GTI標誌-右前葉
5G0 857 521 ~	後視鏡片-左
5G0 919 397B  GRU	倒車雷達座-後-外/左
5G0 919 398B  GRU	倒車雷達座-後-外/右
5G0 941 661	霧燈/方向燈-左
5G0 941 662	霧燈/方向燈-右
5G0 945 093M	尾燈-左內
5G0 945 094M	尾燈-右內
5G0 945 094P	尾燈-右內-暗紅
5G0 945 095	尾燈-左外
5G0 945 095H	尾燈-左外-暗紅
5G0 945 095P  ZZ	尾燈-左外-暗紅-瑕疵
5G0 945 096	尾燈-右外
5G0 945 096H	尾燈-右外-暗紅
5G0 949 101	方向燈-後視鏡-左
5G0 955 453H	雨刷噴水筒
5G0 955 453M	雨刷噴水筒
5G0 959 857B  WHS	電窗開關總成
5G0 959 857C  WZU	電窗開關總成
5G0 965 567	輔助水泵-右
5G0 965 567A	輔助水泵
5G0 965 567A ~	輔助水泵
5G0 971 095E	線組-前保桿
5G1 819 403A  9B9	拖比蓋板-左
5G1 819 404A  9B9	拖比蓋板-右
5G1 823 509B	引擎蓋六角鎖-下
5G1 823 509C	引擎蓋六角鎖-下
5G1 837 879   GRU	外把手鎖仁飾蓋-左前
5G1 857 507AF 9B9	後視鏡座-左電動
5G1 857 507AM 9B9	後視鏡座-左電動
5G1 857 507CL  9B9	後視鏡座-左電動
5G1 857 507DA 9B9	後視鏡座-左電動
5G1 857 507DG 9B9	後視鏡座-左電動
5G1 857 508AM 9B9	後視鏡座-右電動
5G1 857 508BC 9B9	後視鏡座-右電動
5G1 857 508EP  9B9	後視鏡座-右電動
5G1 941 005	大燈總成-左
5G1 941 006	大燈總成-右
5G1 941 753B	大燈總成-左-氙氣-LED
5G1 941 754B	大燈總成-右-氙氣-LED
5G1 959 839A  3Q7	起動開關
5G1 998 002A	雨刷片組-軟式
5G4 831 055AM	車門總成-左前
5G4 831 055AN	車門總成-左前
5G4 831 055AP	車門總成-左前
5G4 831 055AQ	車門總成-左前
5G4 831 055AR	車門總成-左前
5G4 831 056AM	車門總成-右前
5G4 831 056AN	車門總成-右前
5G4 831 056AP	車門總成-右前
5G4 831 056AQ	車門總成-右前
5G4 831 056AR	車門總成-右前
5G4 831 056AR ZZ	車門總成-右前
5G4 833 055AB	車門總成-左後
5G4 833 056AB	車門總成-右後
5G4 833 056AC	車門總成-右後
5G4 837 477B  5AP	外水切-左前
5G4 837 652A	防水橡皮-右前下
5G4 837 890A  041	B柱外蓋-右
5G4 881 671  82V	椅背調整扭
5G6 807 417E  GRU	保桿-後
5G6 807 417K  GRU	保桿-後
5G6 807 568B  9B9 XX	後保下巴排氣管蓋板-中古
5G6 807 863A	後保中支架
5G6 827 025H	後箱蓋
5G6 827 025K	後箱蓋
5G6 827 025Q	後箱蓋
5G6 827 025S	後箱蓋
5G6 827 025T	後箱蓋
5G6 827 301A	後箱蓋支架-左/右
5G6 827 505   9B9	六角鎖-後箱
5G6 827 550C	撐桿-後箱蓋
5G6 827 936A  GRU	後擾流板
5G6 839 431H  5AP	門框橡皮-左後
5G6 839 432E  5AP	門框橡皮-右後
5G6 839 477C  5AP	外水切-左後
5G6 839 478C  5AP	外水切-右後
5G6 955 427	雨刷片-後-軟式
5G6 955 427B	雨刷片-後-軟式
5G6 955 427C	雨刷片-後-軟式
5G6 955 427D	雨刷片-後-軟式
5G9 807 393A	保桿側固定座-後左
5G9 813 304	後圍板
5G9 857 607A  RM5	車內頂把手
5G9 945 095C	尾燈-左外
5G9 945 096C	尾燈-右外
5G9 945 258	燈泡座-右外尾燈
5G9 955 707	雨刷臂-後
5H0 805 915F  9B9	前下擾流板接板
5H0 806 930A	水箱架固定支架-右前
5H0 853 688   JSP	GTI標誌-左前葉
5H0 853 688A  JSP	GTI標誌-右前葉
5H0 857 537B  GRU	後視鏡外殼-左
5H0 941 700B	霧燈-右-LED
5H4 833 055J	車門總成-左後
5H9 833 056F	車門總成-右後
5J0 853 607A	前柵飾條-下-鍍鉻
5J0 853 633A	前柵飾條-上
5J6 831 051	車門總成-左前
5J6 853 753  9B9	車門飾條-左後
5J6 945 097   47H	第三煞車燈
5J6 945 112 *	尾燈-右
5JA 809 957B	內龜擋泥板-左前
5JA 809 958A	內龜擋泥板-右前
5JA 823 363	撐桿-引擎蓋
5JA 827 023A	後箱蓋
5JA 827 249C	緩衝橡皮-後廂門
5JA 837 461	升降機-電動左前
5JA 837 462	升降機-電動右前
5JH 945 111 *	尾燈-左
5JH 945 112 *	尾燈-右
5K0 121 251AB	水箱
5K0 121 251F	水箱
5K0 121 251H	水箱
5K0 121 251J	水箱
5K0 121 253C	水箱
5K0 121 253D	水箱
5K0 698 451	來令片組-後
5K0 698 451B	來令片組-後
5K0 698 451C -	來令片組-後
5K0 698 671	煞車分泵修理包-後
5K0 698 671A	煞車分泵修理包-後
5K0 805 588E ~	水箱架
5K0 805 911E	擋泥板-左前內龜前下
5K0 805 912C	擋泥板-右前內龜前下
5K0 807 109N ZZ	保桿內鐵-前-受損
5K0 807 217BE GRU	保桿-前外
5K0 807 217BM GRU *	保桿-前外
5K0 807 217CD GRU	保桿-前外
5K0 807 217K  GRU	保桿-前外
5K0 807 221A  GRU	保桿-前外
5K0 807 571H	保桿側固定座-左
5K0 807 571J ZZ	保桿側固定座-左
5K0 807 572H	保桿側固定座-右
5K0 807 651C	保桿支架-前-下
5K0 823 031G ZZ	引擎蓋-瑕疵
5K0 823 301B	引擎蓋後鈕-左
5K0 823 302B	引擎蓋後鈕-右
5K0 823 359D	撐桿-引擎蓋
5K0 827 505A	六角鎖-後箱
5K0 827 505A  9B9	六角鎖-後箱
5K0 827 505A  9B9 ~	六角鎖-後箱
5K0 837 461B	升降機-電動左前
5K0 837 462B	升降機-電動右前
5K0 845 011K NVB	前擋玻璃
5K0 853 601E  ULM	VW標誌-前
5K0 853 651AG ZLL	前柵
5K0 853 651AM ZLL ZZ	前柵-瑕疵
5K0 853 651AS ATK	前柵
5K0 853 855B  9B9	戶定飾板-左-黑
5K0 854 661   RYP	通風網-左
5K0 854 662   RYP	通風網-右
5K0 857 521 ~	後視鏡片-左除霧廣角
5K0 857 522 ~	後視鏡片-右除霧
5K0 857 537   GRU  ZZ	後視鏡外殼-左-已烤漆
5K0 857 538   GRU ZZ	後視鏡外殼-右-已烤漆
5K0 863 831C	吸音棉-引擎蓋
5K0 941 055	日行燈-左-LED
5K0 941 056	日行燈-右-LED
5K0 941 109A	大燈燈泡插座-左/右
5K0 941 109E	大燈燈泡插座-左/右
5K0 941 699	霧燈-左
5K0 941 699 *	霧燈-左
5K0 941 699C	霧燈-左
5K0 941 700	霧燈-右
5K0 941 700 *	霧燈-右
5K0 941 700C	霧燈-右
5K0 945 087B	第三煞車燈
5K0 945 087D	第三煞車燈
5K0 945 093F	尾燈-左內
5K0 945 093J	尾燈-左內-右駕
5K0 945 093L	尾燈-左內-右駕
5K0 945 094J	尾燈-右內-右駕
5K0 945 094T	尾燈-右內-右駕
5K0 945 095M ZZ	尾燈-左外-暗紅-瑕疵
5K0 945 095Q ~	尾燈-左外-LED
5K0 945 106C	反光燈-右後
5K0 945 106J	反光燈-右後
5K0 953 569H	方向盤感知控制器
5K0 955 993B	噴水頭-後
5K0 959 126	冷氣壓力開關
5K0 959 839A  L88	起動開關
5K1 823 509	引擎蓋六角鎖-下
5K1 837 015B	六角鎖-左前門
5K1 837 015B ~	六角鎖-左前門
5K1 837 015D	六角鎖-左前門
5K1 837 015E	六角鎖-左前門
5K1 837 016B	六角鎖-右前門
5K1 837 016D	六角鎖-右前門
5K1 837 016E	六角鎖-右前門
5K1 837 016E ~	六角鎖-右前門
5K1 863 353E	吸音棉-防火牆
5K1 880 841C	安全氣曩-膝部
5K1 941 005L	大燈總成-左
5K1 941 005M	大燈總成-左
5K1 941 005P	大燈總成-左
5K1 941 005P -ZZ	大燈總成-左
5K1 941 005P XX	大燈總成-左-中古件
5K1 941 005Q	大燈總成-左
5K1 941 006L	大燈總成-右
5K1 941 006M	大燈總成-右
5K1 941 006P	大燈總成-右
5K1 941 006P XX	大燈總成-右-中古件
5K1 941 006Q	大燈總成-右
5K4 831 055G	車門總成-左前
5K4 831 056G	車門總成-右前
5K4 837 477C  5AP	外水切-左前
5K4 839 015F	六角鎖-後門-左
5K4 839 015F ~	六角鎖-後門-左
5K4 839 015H	六角鎖-後門-左
5K4 839 015Q	六角鎖-後門-左
5K4 839 016F	六角鎖-後門-右
5K4 839 016H	六角鎖-後門-右
5K4 839 016Q	六角鎖-後門-右
5K4 839 016R	六角鎖-後門-右
5K4 867 911A  9B9	防水橡皮-車門-前-L/R
5K4 959 857   XSH	電窗開關總成-黑/鉻
5K6 807 521M  9B9 XX	後下擾流板-中古
5K6 821 021A	葉子板-左前
5K6 821 021B  ZZ	葉子板-左前-瑕疵
5K6 821 022A	葉子板-右前
5K6 827 025H	後箱蓋
5K6 833 055J	車門總成-後-左
5K6 833 056J	車門總成-後-右
5K6 867 913A  9B9	防水橡皮-內-後-L/R
5K6 945 087B	第三煞車燈
5K6 955 711A	雨刷馬達-後
5L0 807 241B  GRU	拖車鉤蓋-前
5L0 831 051	車門總成-左前
5L0 839 479	外水切-左後
5L0 839 480	外水切-右後
5L0 853 515  9B9	車門飾條-左前
5L0 853 767A  GRU	保桿飾條-左前
5L0 945 111 *	尾燈-左
5L0 945 112 *	尾燈-右
5L6 827 505C	六角鎖-後箱
5L6 827 505E ZZ	六角鎖-後箱-瑕疵
5L6 827 550	撐桿-後箱門
5M0 805 588	水箱架
5M0 805 588A	水箱架
5M0 805 588B	水箱架
5M0 805 588C	水箱架
5M0 805 588E	水箱架
5M0 807 217   GRU	保桿-前外
5M0 807 217AD GRU	保桿-前外
5M0 807 863	後保中支架
5M0 809 857B  GRU	油箱口蓋板
5M0 810 971D	擋泥板-左後內龜
5M0 810 972A	擋泥板-右後內龜
5M0 819 403B	拖比蓋板-左
5M0 819 404B	拖比蓋板-右
5M0 823 031A	引擎蓋
5M0 823 031D	引擎蓋
5M0 823 363B	撐桿-引擎蓋
5M0 827 025E	後箱蓋
5M0 827 505B  9B9	六角鎖-後箱
5M0 827 505E  9B9	六角鎖-後箱
5M0 827 505F	六角鎖-後箱
5M0 827 505H ~	六角鎖-後箱
5M0 831 299B	車門固定板-左前
5M0 831 300B	車門固定板-右前
5M0 831 301M	車門-左前
5M0 831 302M	車門-右前
5M0 831 302N	車門-右前
5M0 831 307A	車門側邊蓋板-左前
5M0 831 308A	車門側邊蓋板-右前
5M0 833 307C	車門側邊蓋板-左後
5M0 833 308C	車門側邊蓋板-右後
5M0 837 085B	內把手拉線
5M0 837 381B  9B9	車門側邊接條-左後
5M0 837 382B  9B9	車門側邊接條-右後
5M0 837 477A  5AP	外水切-左前
5M0 837 478A  5AP	外水切-右前
5M0 837 701A  9B9	防水橡皮-外-左前
5M0 839 702A  9B9	防水橡皮-外-右後
5M0 853 601   FDY	VW 標誌-前
5M0 853 675F  739	PLUS標誌-後
5M0 854 327B  5AP	前擋飾條-左
5M0 854 328B  5AP	前擋飾條-右
5M0 857 522F *	後視鏡片-右除霧
5M0 862 533C  71N	置杯架-後-黑
5M0 862 533D  71N	置杯架-後-黑
5M0 862 533D  82V	置杯架-後-黑
5M0 867 233B  6K8	A柱飾板-左
5M0 945 093H	尾燈-左內
5M0 945 093H *	尾燈-左內
5M0 945 093J	尾燈-左內
5M0 945 094H	尾燈-右內
5M0 945 094H *	尾燈-右內
5M0 945 094J	尾燈-右內
5M0 945 095K	尾燈-左外
5M0 945 095K *	尾燈-左外
5M0 945 095L	尾燈-左外
5M0 945 096K	尾燈-右外
5M0 945 096K *	尾燈-右外
5M0 945 096L	尾燈-右外
5M0 945 105	反射燈-左後
5M0 945 106	反射燈-右後
5M0 953 509A	故障燈開關
5M0 955 023C	雨刷馬達總成-左-含支架
5M0 955 023E	雨刷馬達總成-左-含支架
5M0 955 024E	雨刷馬達總成-右-含支架
5M0 955 024F	雨刷馬達總成-右-含支架
5M0 955 409A  03C	雨刷臂-左
5M0 955 410A  03C	雨刷臂-右
5M0 955 425A  03C	雨刷片-左-軟式
5M0 955 426A  03C	雨刷片-右-軟式
5M0 955 427A	雨刷片-後
5M0 955 427C	雨刷片-後
5M0 955 427D	雨刷片-後
5M0 955 601	雨刷桿支架-左
5M0 955 602	雨刷桿支架-右
5M0 955 602A	雨刷桿支架-右
5M0 955 985C  9B9 ~	噴水頭
5M0 955 986C  9B9	噴水頭
5M1 823 509	引擎蓋六角鎖扣-下
5M1 823 531	引擎蓋拉線-前段
5M1 857 507AH 9B9	後視鏡座-左電動-代燈
5M1 857 705B  RAA	安全帶-左前
5M1 941 005B -	大燈總成-左
5M1 941 005D	大燈總成-左
5M1 941 006B -	大燈總成-右
5M1 941 006D	大燈總成-右
5N0 121 051F	水管-下
5N0 121 070G	鐵水管
5N0 121 109B	水管-副水筒
5N0 121 253L	水箱
5N0 121 253P	水箱
5N0 121 341A  ZZ	集風板-下-瑕疵
5N0 122 051Q	水管-下
5N0 130 307J	汽油管
5N0 145 770E	通氣管-渦輪
5N0 145 828D	通氣管-渦輪
5N0 145 832D	通氣管-渦輪
5N0 145 834A	通氣管-渦輪
5N0 145 840C	通氣管-渦輪
5N0 199 262L /	引擎腳-右
5N0 199 555L *	引擎腳-左
5N0 201 801 ~	活性碳罐
5N0 317 019C ~	冷卻器-ATF
5N0 407 764JX	傳動軸-右
5N0 413 031AH	避震器-前
5N0 505 235L	工字樑-後
5N0 601 025   8Z8	鋁圈
5N0 612 041L	真空管
5N0 615 405E *	煞車分泵總成-左後
5N0 615 406E *	煞車分泵總成-右後
5N0 698 151	來令片組-前
5N0 698 151 +	來令片組-前
5N0 698 451	來令片組-後
5N0 698 451 +	來令片組-後
5N0 805 588D	水箱架
5N0 805 588F  ZZ	水箱架-瑕疵
5N0 807 184	保桿側固定座-右前
5N0 807 217   GRU ZZ	保桿-前外-受損
5N0 807 393B	保桿側固定座-後左
5N0 807 394B	保桿側固定座-後右
5N0 807 421   GRU  ZZ	保桿-後外-瑕疵
5N0 807 521  9B9 ZZ	後下擾流板-新車拆件
5N0 810 773E	中控馬達-油箱蓋
5N0 820 411E /	冷排
5N0 820 721N -	冷氣管-冷>壓
5N0 821 105	葉子板-左前
5N0 821 106	葉子板-右前
5N0 823 031A	引擎蓋
5N0 823 031D ZZ	引擎蓋-受損
5N0 823 509A	引擎蓋六角鎖-下
5N0 823 509B	引擎蓋六角鎖-下
5N0 823 531	引擎蓋拉線-前段
5N0 825 237	引擎下護板
5N0 827 025D	後箱蓋
5N0 827 025F	後箱蓋
5N0 827 550	撐桿-後箱蓋
5N0 827 566T ~	後箱蓋開關
5N0 837 017C	內把手拉線-前-左/右
5N0 837 211B  9B9	外把手墊片-大
5N0 839 015A	六角鎖-左後門
5N0 839 015G	六角鎖-左後門
5N0 839 016J	六角鎖-右後門
5N0 853 651A  2ZZ	前柵
5N0 853 651C  2ZZ ZZ	前柵-新車拆件
5N0 853 651H  9B9	前柵
5N0 854 732B  9B9 ~	輪弧-右前
5N0 857 521 ~	後視鏡片-左-除霧廣角
5N0 857 522 ~	後視鏡片-右-除霧
5N0 857 538   GRU *	後視鏡外殼-右
5N0 857 755D  QVZ	安全帶扣-左前
5N0 867 601A  82V	後箱內飾板-下-黑
5N0 867 911   9B9	防水橡皮-前門-左/右
5N0 907 801E	手煞車控制電腦-電子駐車
5N0 919 087F	汽油泵
5N0 919 087G	汽油泵
5N0 919 109C	燃油濾清器/含外殼-汽油
5N0 919 109E	燃油芯/含外殼-汽油
5N0 919 673F	汽油浮筒-左
5N0 927 225   XSJ	手煞車開關-電子式駐車
5N0 927 225A  XSJ	手煞車開關-電子式駐車
5N0 941 119 *	大燈外圍橡皮-左
5N0 941 607 *	大燈後蓋-左/右
5N0 943 021	牌照燈
5N0 945 095H	尾燈-左外
5N0 945 095H ZZ	尾燈-左外-瑕疵
5N0 945 096H	尾燈-右外
5N0 945 096H ZZ *	尾燈-右外-瑕疵
5N0 945 191D	尾燈墊片
5N0 945 257C *	燈泡座-左外尾燈
5N0 949 101C ~	方向燈-後視鏡-左
5N0 949 102B ~	方向燈-後視鏡-右
5N0 949 102C ~	方向燈-後視鏡-右
5N0 951 182B	支架-喇叭-右-低音
5N0 955 453A	雨刷噴水筒
5N0 955 453G ~	雨刷噴水筒
5N0 965 561 *	輔助水泵
5N1 423 058AX	動力方向機
5N1 423 062X	動力方向機
5N1 614 106A	煞車真空輔助泵
5N1 713 025HS	排檔線接頭
5N1 723 503	油門踏板總成-電子式
5N1 837 015C	六角鎖-左前門
5N1 837 015E	六角鎖-左前門
5N1 837 015F	六角鎖-左前門
5N1 837 016C	六角鎖-右前門
5N1 837 016F	六角鎖-右前門
5N1 857 508S  9B9 ZZ	後視鏡座-右電動-瑕疵
5N1 941 005	大燈總成-左
5N1 941 005 XX	大燈總成-左-中古件
5N1 941 005B	大燈總成-左
5N1 941 006	大燈總成-右
5N1 941 006 *ZZ	大燈總成-右-瑕疵
5N1 941 006 XX	大燈總成-右-中古件
5N1 941 006B	大燈總成-右
5N1 941 031R	大燈總成-左
5N1 941 032R	大燈總成-右
5N1 955 023A	雨刷馬達總成-含支架
5N1 955 023D	雨刷馬達總成-含支架
5N1 955 425	雨刷片-左-軟式
5N1 973 206	插頭座
5NA 805 911AB	內龜擋泥板-左前
5NA 805 912AD	內龜擋泥板-右前
5NA 807 109E	保桿內鐵-前
5NA 807 248K  ZZ	前保桿保麗龍
5NA 810 972B	內龜擋泥板-右後
5NA 810 972C	內龜擋泥板-右後
5NA 821 105	葉子板-左前
5NA 821 106	葉子板-右前
5NA 823 031H	引擎蓋
5NA 823 359	撐桿-引擎蓋
5NA 823 359A	撐桿-引擎蓋
5NA 827 025L	後箱蓋
5NA 831 055K	車門總成-左前
5NA 831 055M	車門總成-左前
5NA 831 056K	車門總成-右前
5NA 831 056M  ZZ	車門總成-右前-瑕疵
5NA 833 055J	車門總成-左後
5NA 833 056J	車門總成-右後
5NA 839 015C	六角鎖-左後門
5NA 839 016C	六角鎖-右後門
5NA 839 701   5AP	防水橡皮-外-左後
5NA 853 651   ZLL	前柵
5NA 854 327C  5AP	前擋飾條-左
5NA 854 328C  5AP	前擋飾條-右
5NA 854 819G  9B9	輪弧-左後
5NA 854 820G  9B9	輪弧-右後
5NA 854 939M  GRU	車門下飾條-左前
5NA 854 939P  RYP	車門下飾條-左前
5NA 854 940L  RYP	車門下飾條-右前
5NA 854 940P  RYP	車門下飾條-右前
5NA 854 949M  GRU	車門下飾條-左後
5NA 854 950L  RYP	車門下飾條-右後
5NA 854 950M  GRU	車門下飾條-右後
5NA 854 950P  RYP	車門下飾條-右後
5NA 857 643B  RM5	車頂把手-灰
5NA 868 437   RM5	飾板-室內後視鏡
5NA 941 699B	霧燈-左-黑色
5NA 941 700B	霧燈-右-黑色
5NA 945 095C	尾燈-左外-LED
5NA 945 096C	尾燈-右外-LED
5NA 945 096D	尾燈-右外-LED
5NA 945 105A  ZZ	反光燈-左內-瑕疵
5NA 945 207C	尾燈-左外-LED
5NA 945 207G	尾燈-左外-LED
5NA 945 207J	尾燈-左外-LED
5NA 945 208C	尾燈-右外-LED
5NA 945 208G	尾燈-右外-LED
5NA 945 208J	尾燈-右外-LED
5NA 949 102	方向燈-後視鏡-右
5NA 955 427A	雨刷片-後
5NA 959 109B	撞擊感知器
5NB 837 015C	六角鎖-左前門
5NB 837 016A	六角鎖-右前門
5NB 857 507AD 9B9	後視鏡座-左電動
5NB 857 507AS 9B9	後視鏡座-左電動
5NB 857 508S  9B9	後視鏡座-右電動
5NB 857 705A  RAA	安全帶-左前
5NB 857 706A  RAA	安全帶-右前
5NB 941 113A	大燈總成-左-LED
5NB 941 113C	大燈總成-左-LED
5NB 941 114A	大燈總成-右-LED
5NB 941 114C	大燈總成-右-LED
5NB 941 114D	大燈總成-右-LED
5NB 941 773D	大燈總成-左-LED
5NB 941 774D	大燈總成-右-LED
5NB 959 839   3Q7	起動開關
5NG 853 689C  HXQ	標誌-左前葉-4 MOTION
5NL 854 949J  RYP	車門下飾條-左後
5NN 833 056A	車門總成-右後
5NN 854 940A  GRU	車門下飾條-右前
5Q0 121 051D	水管-輔助水箱>水管接頭
5Q0 121 101H	水管-輔助水箱>鐵水管
5Q0 121 203AA	風扇總成
5Q0 121 203BK	風扇總成
5Q0 121 203DA	風扇總成
5Q0 121 203DD ~	風扇總成
5Q0 121 203T	風扇總成
5Q0 121 251EB	水箱
5Q0 121 251EJ	輔助水箱
5Q0 121 251EM	水箱
5Q0 121 251EM -	水箱
5Q0 121 251EP	水箱
5Q0 121 251EP *	水箱
5Q0 121 251GF	輔助水箱
5Q0 121 251GN	水箱
5Q0 121 321	水箱蓋
5Q0 121 367D	水箱固定橡皮-上
5Q0 121 407A	副水筒
5Q0 121 407D	副水筒
5Q0 121 407F	副水筒
5Q0 121 407G	副水筒
5Q0 121 407G ~	副水筒
5Q0 122 051AF	水管-下
5Q0 122 051CP	水管-下
5Q0 122 058E	水管
5Q0 122 291AL	快拆接頭-水管
5Q0 127 177 *	燃油芯-柴油
5Q0 127 177 +	燃油芯-柴油
5Q0 127 177 .	燃油芯-柴油
5Q0 127 177B	燃油芯-柴油
5Q0 127 177B +	燃油芯-柴油
5Q0 129 254B	集風罩
5Q0 129 607AG	空氣芯總成
5Q0 129 618B	進氣管
5Q0 129 620D	空氣芯
5Q0 129 620E	空氣芯
5Q0 129 621D	集風板
5Q0 129 635R	進氣管接管
5Q0 129 654AE	進氣管
5Q0 129 654P	進氣管
5Q0 129 747	進氣導管
5Q0 129 954	集風罩蓋板
5Q0 130 307BJ	汽油管
5Q0 145 770A	通氣管-渦輪
5Q0 145 803AB	渦輪增壓散熱器
5Q0 145 803K	渦輪增壓散熱器
5Q0 145 803N	渦輪增壓散熱器
5Q0 145 832	通氣管-渦輪散卻器-左
5Q0 145 838	通氣管-渦輪
5Q0 198 037B	工字樑上襯套組
5Q0 199 262BE	引擎腳-右
5Q0 199 262BE +	引擎腳-右
5Q0 199 262BF	引擎腳-右
5Q0 199 262BF *	引擎腳-右
5Q0 199 262BF -	引擎腳-右
5Q0 199 262BH	引擎腳-右
5Q0 199 262BH *	引擎腳-右
5Q0 199 262BH -	引擎腳-右
5Q0 199 262BJ	引擎腳-右
5Q0 199 262BJ *	引擎腳-右
5Q0 199 262BK	引擎腳-右
5Q0 199 262BK +	引擎腳-右
5Q0 199 262CK	引擎腳-右
5Q0 199 315Q	工字樑
5Q0 199 369G	工字樑
5Q0 199 555AS	引擎腳-左
5Q0 199 555R	引擎腳-左
5Q0 199 555S	引擎腳-左
5Q0 199 555T	引擎腳-左
5Q0 199 555T *	引擎腳-左
5Q0 199 855AB	引擎腳-後
5Q0 199 855C	引擎腳-後
5Q0 201 550H	油箱蓋-汽油
5Q0 201 550J	油箱蓋
5Q0 253 725C	固定夾-排氣管
5Q0 298 403	乾燥筒
5Q0 407 151J	三角架-左
5Q0 407 151R	三角架-左
5Q0 407 152J	三角架-右
5Q0 407 152R	三角架-右
5Q0 407 182 -	三角架鐵套-前
5Q0 407 255N	羊角-左前輪
5Q0 407 255Q	羊角-左前輪
5Q0 407 255R	羊角-左前輪
5Q0 407 256N	羊角-右前輪
5Q0 407 256Q	羊角-右前輪
5Q0 407 272CC *	傳動軸-右
5Q0 407 621E	輪軸承修理包-前-代哈扶
5Q0 411 303M	平衡桿
5Q0 411 303N	平衡桿
5Q0 411 315A	平衡桿接頭
5Q0 411 315B	平衡桿接頭
5Q0 412 249E /	避震器軸承
5Q0 412 331D	避震器上座-前
5Q0 498 201C	防塵套修包-內半軸
5Q0 501 529C	三角架拉桿-後-L/R
5Q0 505 235J	工字樑-後
5Q0 505 311D	三角架-後下-左/右
5Q0 512 149A	避震器彈簧橡皮-後上
5Q0 512 297B	避震器彈簧橡皮-後下
5Q0 513 353G ~	後避上座
5Q0 611 701C +	煞車軟管-前
5Q0 611 775G	煞車軟管-後
5Q0 612 041AK	真空管
5Q0 612 041M	真空管
5Q0 698 151C	來令片組-前
5Q0 698 151C +	來令片組-前
5Q0 698 151K	來令片組-前
5Q0 698 151L	來令片組-前
5Q0 698 451	來令片組-後
5Q0 698 451A !	來令片組-後
5Q0 698 451N -	來令片組-後
5Q0 698 451P	來令片組-後
5Q0 698 451Q	來令片組-後
5Q0 721 261	離合器分泵
5Q0 721 261 *	離合器分泵
5Q0 721 261 /	離合器分泵
5Q0 816 411AJ	冷排
5Q0 816 411AK	冷排
5Q0 816 411AM	冷排
5Q0 816 411AN	冷排
5Q0 816 411AN /	冷排
5Q0 816 411BC	冷排
5Q0 816 411M	冷排
5Q0 819 031	暖排
5Q0 819 644A /	空調濾芯
5Q0 819 653 #	空調濾芯-活性碳
5Q0 819 653 -	空調濾芯-活性碳
5Q0 820 679B	膨脹閥
5Q0 820 679C	膨脹閥
5Q0 820 741	冷氣管-冷>分離點
5Q0 825 201L	底盤護板-左
5Q0 825 235A	引擎下護板
5Q0 825 235C	引擎下護板
5Q0 825 236M	引擎下護板
5Q0 825 236P	引擎下護板
5Q0 825 236Q	引擎下護板
5Q0 906 121M	燃油泵控制盒
5Q0 906 207A	壓力感知器
5Q0 907 275B	胎壓感知器
5Q0 907 511A	冷氣控制馬達
5Q0 907 511H	冷氣控制馬達
5Q0 907 511K	冷氣控制馬達-暖氣
5Q0 907 511L	冷氣控制馬達
5Q0 907 521C	鼓風機控制器
5Q0 907 643C	感知器-空氣品質
5Q0 919 050P	柴油泵/代浮筒
5Q0 919 051BC	汽油泵-代浮筒
5Q0 919 275   GRU	倒車雷達
5Q0 919 275A  GRU	倒車雷達
5Q0 919 673AH	汽油浮筒
5Q0 919 673F	汽油浮筒-右
5Q0 919 673H	汽油浮筒-左
5Q0 959 126A	冷氣壓力開關
5Q0 959 455AM	風扇馬達-左
5Q0 959 651	氣囊感應開關
5Q0 959 651B /	氣囊感應開關
5Q1 419 502AC	方向機柱
5Q1 423 055E *	動力方向機
5Q1 611 301	煞車油壺
5Q1 816 100A	蒸發器-含膨脹閥
5Q1 816 100A -	蒸發器-含膨脹閥
5Q1 819 021B -	鼓風機
5Q1 819 021E	鼓風機
5Q1 819 021G	鼓風機
5Q1 820 127	冷氣排水管
5QA 129 621	集風板
5QA 129 621C	集風板
5QA 199 555G	引擎腳-左
5QF 825 201	底盤護板-左
5QF 825 236C	引擎下護板
5TA 805 911D	內龜擋泥板-左前
5TA 805 912C	內龜擋泥板-右前
5TA 821 713C	貼紙-左後葉下
5TA 821 714C	貼紙-右後葉下
5TA 823 359C	撐桿-引擎蓋
5TA 823 823E	釋放裝置-引擎蓋後鈕
5TA 823 823F	釋放裝置-引擎蓋後鈕
5TA 827 025P	後箱蓋
5TA 827 506C	六角鎖-後
5TA 831 055AE	車門總成-左前
5TA 831 056AE	車門總成-右前
5TA 837 206D  GRU	外把手-前門-右
5TA 839 016E	六角鎖-右後門
5TA 839 016L	六角鎖-右後門
5TA 839 702C  5AP	防水橡皮-右後
5TA 853 630   DPJ	VW 標誌-後
5TA 853 651H  LDB	前柵
5TA 853 651J  LDB	前柵
5TA 867 911C  9B9	防水橡皮-左前
5TA 945 095A	尾燈-左外
5TA 945 096A	尾燈-右外
5TA 945 207A XX	尾燈-左外-LED-中古
5TA 945 257	燈泡座-左外尾燈
5TA 945 258	燈泡座-右外尾燈
5TA 955 427A	雨刷片-後-軟式
5TB 837 015A	六角鎖-左前門
5TB 837 015C	六角鎖-左前門
5TB 837 016A	六角鎖-右前門
5TB 837 016C	六角鎖-右前門
5TB 941 113A	大燈總成-左-LED
5TB 941 114A	大燈總成-右-LED
5X0 121 407	副水筒
5X0 121 407A	副水筒
5X0 260 849A	皮帶-綜合
5X0 422 065	動力方向機
5X0 422 804	惰桿總成-右
5X0 500 051A  CTR	工字樑-後
5X0 612 105	煞車真空輔助泵
5X0 711 118  VNQ	排擋頭
5X0 807 217B	保桿-前外
5X0 819 021	鼓風機
5X0 837 249A	車門止擋器
5X4 837 013AE	六角鎖-左門
5X7 807 417  TGN	保桿-後
5X7 945 111	尾燈-左
5X7 945 111E Z	尾燈-左
600-1597-50	煞車盤-前-打洞
600-1599-50	煞車盤-後-打洞
600-1601-50	煞車盤-前-打洞
600-1606-50	煞車盤-前-打洞
600-3202-50	煞車盤-前-打洞
600-3205.50	煞車盤-前-打洞
600-3207-50	煞車盤-前-打洞
600-3212-50	煞車盤-前-打洞
600-3213-50	煞車盤-後-打洞
654 807 651	保桿支架-前-下
654 823 363A	撐桿-引擎蓋
657 805 932	水箱架上支架-右
657 807 184	保桿側固定座-右前
657 807 248	前保桿保麗龍
657 823 031	引擎蓋
657 827 023A	後箱蓋
657 833 052D	車門總成-右後
657 853 761   2ZZ	前柵外框-鍍鉻
658 823 031	引擎蓋
658 853 761   2ZZ	前柵外框-鍍鉻
6C0 411 315	平衡桿接頭
6C0 423 812A /	和尚頭-惰桿右
6C0 498 201A	防塵套修包-內半軸
6C0 498 203	防塵套修包-外半軸
6C0 698 151B	來令片組-前
6E0 823 359C	撐桿-引擎蓋
6E0 827 550C	撐桿-後箱蓋
6E0 827 550C /	撐桿-後箱蓋
6E0 831 401B	車門後扭-前左上
6E0 831 402B	車門後扭-前右上
6E0 837 249B	車門止擋器-前/L/R
6E0 837 461	升降機-電動左
6E0 955 985	噴水頭
6E0 955 986A	噴水頭
6E0 973 702	接頭座
6E1 941 754B *	大燈總成-右-氙氣
6H0 941 700A *ZZ	霧燈-右
6K0 512 131	避震器橡皮-後
6K0 827 505A	後箱六角鎖
6K0 941 016	大燈總成-右
6K0 945 515	煞車燈開關
6K0 953 049A	方向燈-左前
6K0 953 049A /	方向燈-左前
6K0 953 050A	方向燈-右前
6K0 953 050A /	方向燈-右前
6K0 959 455F	風扇馬達
6K0 959 455F -	風扇馬達
6K0 959 855A	電窗開關
6K1 721 335C	離合器線
6K1 941 531A	大燈開關
6K4 837 477	外水切-左前門
6K5 945 111	尾燈-左外
6K5 945 112	尾燈-右外
6K5 945 257	燈泡座-尾燈
6K5 953 049A	方向燈-左前
6K5 953 049C	方向燈-左前
6K5 953 050A	方向燈-右前
6K5 953 050C	方向燈-右前
6K6 809 905B	油箱口鈑金
6K6 827 550A	撐桿-後箱
6K6 945 257	燈泡座-左尾燈
6K6 945 258	燈泡座-右尾燈
6N0 121 051C	水管-下
6N0 121 058B	水管-三通
6N0 121 058F	水管-三通
6N0 121 101G	水管-上
6N0 121 101P *	水管-上
6N0 121 109L	水管-副水筒>水管座
6N0 121 209	風扇架
6N0 121 209C	風扇架
6N0 121 407A*	副水筒
6N0 128 741E	進氣管
6N0 145 157	方向機泵
6N0 199 262A	引擎腳-右
6N0 199 262B	引擎腳-右
6N0 199 315B	工字樑
6N0 199 555AA *	引擎腳-左
6N0 199 555D	引擎腳-左
6N0 199 555E	引擎腳-左
6N0 199 555F	引擎腳-左
6N0 199 555G	引擎腳-左
6N0 199 555G -	引擎腳-左
6N0 199 555L *	引擎腳-左
6N0 199 555L +	引擎腳-左
6N0 199 851	引擎腳-後
6N0 199 851AG *	引擎腳-後
6N0 199 851AG /	引擎腳-後
6N0 199 851J	引擎腳-後
6N0 199 851R	引擎腳-後
6N0 201 511A -	汽油杯
6N0 201 801C	活性碳罐
6N0 253 058CX	觸煤轉換器
6N0 253 058KX	觸煤轉換器
6N0 253 058X -	觸煤轉換器
6N0 407 151A	三角架
6N0 407 151A -	三角架
6N0 407 181 -	三角架鐵套-紅
6N0 407 365 -	和尚頭-三角架左
6N0 407 365A -	和尚頭-三角架右
6N0 407 613  +	哈扶-前
6N0 411 309	平衡桿
6N0 411 315	平衡桿接頭
6N0 411 315 *	平衡桿接頭
6N0 411 315 +	平衡桿接頭
6N0 412 249C	避震器軸承
6N0 412 249D	避震器軸承
6N0 412 331A /	避震器上座
6N0 413 031K *	避震器-前
6N0 413 031K +	避震器-前
6N0 413 031K -GA	避震器-前
6N0 413 031K /	避震器-前
6N0 413 031K GA	避震器-前
6N0 413 031K GAS	避震器-前
6N0 422 154D -	方向機泵
6N0 422 801	惰桿
6N0 422 803A /	惰桿總成-左
6N0 422 803C /	惰桿總成-左
6N0 422 804A /	惰桿總成-右
6N0 422 804C /	惰桿總成-右
6N0 422 811 !	和尚頭-惰桿左
6N0 422 811 -	和尚頭-惰桿左
6N0 498 099 +	外半軸修理包
6N0 498 099 -	外半軸修理包
6N0 498 103 /	內半軸修包
6N0 498 201 /	防塵套修包-內半軸
6N0 498 201A *	防塵套修包-內半軸
6N0 498 201A /	防塵套修包-內半軸
6N0 498 203 /	防塵套修包-外半軸
6N0 498 625	前輪軸承組
6N0 498 625 -	前輪軸承組
6N0 501 541D *	後軸鐵套
6N0 512 131A *	避震器橡皮-後
6N0 512 131A -	避震器橡皮-後
6N0 513 031E	避震器-後
6N0 513 031E *	避震器-後
6N0 513 031E +	避震器-後
6N0 513 031E -GA	避震器-後
6N0 513 031E /	避震器-後
6N0 513 031E GA	避震器-後
6N0 513 031L	避震器-後
6N0 609 721E	手煞車線
6N0 609 721E *	手煞車線
6N0 609 721E -	手煞車線
6N0 609 721M -	手煞車線
6N0 611 053 -	煞車分泵-後
6N0 615 123A	煞車分泵-前左
6N0 615 301C !	煞車盤-前
6N0 698 151	來令片組-前
6N0 698 151 *	來令片組-前
6N0 698 151 +	來令片組-前
6N0 698 151 -	來令片組-前
6N0 698 151 /	來令片組-前
6N0 698 151C !	來令片組-前
6N0 698 301C !	煞車盤組-前-*2
6N0 698 301D !	煞車盤組-前-*2
6N0 698 601A !	煞車盤組-後-*2
6N0 713 059	排擋桿座-自排
6N0 713 265B	排擋線-自排
6N0 805 592	下巴
6N0 805 594E -	水箱架
6N0 805 903B B41	前下擾流板
6N0 807 221D *TW	保桿-前外
6N0 807 221D -	保桿-前外
6N0 807 221H GRU	保桿-前外
6N0 807 311	保桿-後內鐵
6N0 807 311A /	保桿-後內鐵
6N0 809 966A	按扣
6N0 819 371F	熱水管-出
6N0 820 413B *	冷排
6N0 820 413B -	冷排
6N0 820 679C	膨脹閥
6N0 820 679C *	膨脹閥
6N0 820 803A  XX	壓縮機總成
6N0 820 803A -	壓縮機總成
6N0 820 803B	壓縮機總成
6N0 820 803B -	壓縮機總成
6N0 820 803B XX	壓縮機總成-翻修件
6N0 820 803C -	壓縮機總成
6N0 823 031D +	引擎蓋
6N0 823 031G	引擎蓋
6N0 827 550A #	撐桿-後箱蓋
6N0 827 550A /	撐桿-後箱蓋
6N0 831 401D	車門後扭-前左上
6N0 831 401E	車門後扭-前左下
6N0 837 207A	外把手-右前
6N0 853 661C *	前中巴
6N0 853 661C -	前中巴
6N0 853 675D GQF	GTI標誌-後箱
6N0 862 160	中控分泵-油箱蓋
6N0 905 104 +	發火線圈(含晶體)
6N0 905 104 -	發火線圈(含晶體)
6N0 905 104 .	發火線圈(含晶體)
6N0 905 855C	引擎鎖仁
6N0 905 855C *	引擎鎖仁
6N0 905 865 .	引擎鎖開關
6N0 906 383	繼電器-410
6N0 919 051E	汽油泵/浮筒
6N0 919 051J	汽油泵/浮筒
6N0 919 081A	方向機油壓力開關
6N0 919 081A *	方向機油壓力開關
6N0 919 087F -	汽油泵
6N0 927 807A +	ABS速度感知器-後
6N0 927 807A -	ABS速度感知器-後
6N0 927 807A /	ABS速度感知器-後
6N0 927 807A ~	ABS速度感知器-後
6N0 951 101H	喇叭-單音
6N0 951 221	喇叭-低音-L
6N0 951 221A	喇叭-低音-L
6N0 951 223	喇叭-高音-H
6N0 953 041N * ZZ	方向燈-左前-瑕疵
6N0 953 042N ZZ *	方向燈-右前-瑕疵
6N0 953 049C *	方向燈-左前
6N0 953 257V	鑰匙辨識控制電腦
6N0 953 513 /	方向燈開關
6N0 955 435A	雨刷臂蓋-後
6N0 959 453P /	風扇馬達
6N0 959 455L	風扇馬達
6N0 959 455L -	風扇馬達
6N1 422 061	動力方向機
6N1 422 061CX	動力方向機
6N1 422 061CX *	動力方向機
6N1 422 061EX	動力方向機
6N1 422 061X	動力方向機
6N1 422 893	方向機油管-泵>方機
6N1 713 204  2ZZ	排擋桿面板-自排
6N1 721 335D	離合器線
6N1 721 335D -	離合器線
6N1 721 555E	油門線-手排
6N1 721 555E -	油門線-手排
6N1 854 341E  B41 ZZ	拖比蓋板飾條-瑕疵
6N1 857 508E 01C	後視鏡座-右電動
6N1 857 521J X	後視鏡片-左除霧
6N1 857 522 -	後視鏡片-右手動
6N1 857 522A *	後視鏡片-右除霧
6N1 955 326	雨刷連桿-右
6N3 837 461A	升降機-電動左
6N3 959 801B	電窗馬達-左
6N3 959 802B	電窗馬達-右
6N3 998 802C	電窗馬達-右前
6N4 831 055C	門總成-左
6N4 837 461S *	升降機總成-電動左前
6N4 837 477	外水切-左前
6N4 837 478	外水切-右前
6N4 839 205A 3FA	外把手-後門
6N4 839 205B  3FA	外把手-後門
6N4 959 801	電窗馬達-右前
6N4 959 802	電窗馬達-左前
6PK 1105	皮帶-綜合
6Q0 121 065D	水管接頭-暖排
6Q0 121 156L	水管-接頭>ATF冷卻>暖排
6Q0 121 207L  9B9	集風罩
6Q0 121 253Q	水箱
6Q0 121 253R #	水箱
6Q0 121 253R /	水箱
6Q0 121 407	副水筒
6Q0 121 407A	副水筒
6Q0 121 407B	副水筒
6Q0 121 407B /	副水筒
6Q0 199 167BN	引擎腳-右
6Q0 199 167BN *	引擎腳-右
6Q0 199 167BN +	引擎腳-右
6Q0 199 167CL	引擎腳-右
6Q0 199 294D	三角架支架-右
6Q0 199 294D /	三角架支架-右
6Q0 199 555AD	引擎腳-左
6Q0 199 555AD *	引擎腳-左
6Q0 199 555AE	引擎腳-左
6Q0 199 851AL +	引擎腳-後
6Q0 199 851AM	引擎腳-後
6Q0 199 851S	引擎腳-後
6Q0 200 059B	汽油管組-底盤三條
6Q0 201 051B	汽油杯-含壓力調節閥
6Q0 201 051B ~	汽油杯-含壓力調節閥
6Q0 201 051C	汽油杯
6Q0 201 051C +	燃油濾清器-汽油-4BAR
6Q0 201 051C ~	汽油杯-含壓力調節閥
6Q0 201 051C ~1	燃油芯-汽油-4BAR
6Q0 201 051J /	燃油芯-汽油-4BAR
6Q0 201 797B	活性碳罐
6Q0 260 849A	皮帶-綜合
6Q0 260 849C	皮帶-綜合
6Q0 407 151E	三角架
6Q0 407 151E .	三角架
6Q0 407 183A	三角架鐵套-後
6Q0 407 183A *	三角架鐵套-後
6Q0 407 255R	羊角-左前輪
6Q0 407 255RS	羊角-左前輪/代哈扶軸承
6Q0 407 255S	羊角-左前輪
6Q0 407 256R	羊角-右前輪
6Q0 407 256RS	羊角-右前輪/代哈扶軸承
6Q0 407 256S	羊角-右前輪
6Q0 407 272BA	傳動軸-右
6Q0 407 365A .	和尚頭-三角架-左
6Q0 407 366A .	和尚頭-三角架-右
6Q0 407 451SX	傳動軸-左
6Q0 407 621AJ	哈扶-前-L/R
6Q0 407 621AJ *	哈扶-前-L/R
6Q0 407 621BR	前輪軸承-代哈扶-L/R
6Q0 411 314L	平衡桿固定橡皮
6Q0 411 315C	平衡桿接頭
6Q0 411 315C -	平衡桿接頭
6Q0 411 315G	平衡桿接頭
6Q0 411 315G *	平衡桿接頭
6Q0 411 315N	平衡桿接頭
6Q0 411 315N *	平衡桿接頭
6Q0 411 315Q	平衡桿接頭
6Q0 423 155AE /	方向機泵-電動
6Q0 423 156M	方向機泵-電動
6Q0 423 803B	惰桿總成-左
6Q0 423 804B	惰桿總成-右
6Q0 423 811	和尚頭-惰桿左
6Q0 423 812	和尚頭-惰桿右
6Q0 498 099EX	外半軸修理包
6Q0 498 201B	防塵套修包-內半軸
6Q0 498 203A	防塵套修包-外半軸
6Q0 598 611 *	後輪軸承-代哈扶
6Q0 615 425A	煞車分泵架-後左
6Q0 698 117A	ABS控制主體
6Q0 721 261D	離合器分泵
6Q0 721 261F ~	離合器分泵
6Q0 805 588F	水箱架
6Q0 805 588S Z	水箱架
6Q0 807 109B	保桿-前內鐵
6Q0 807 217  GRU ~	保桿-前外
6Q0 807 217E  GRU *	保桿-前外
6Q0 807 305	保桿-後內鐵
6Q0 809 857C GRU	油箱口蓋板
6Q0 809 957	擋泥板-左前內龜
6Q0 809 958	擋泥板-右前內龜
6Q0 810 971	擋泥板-左後內龜
6Q0 810 972	擋泥板-右後內龜
6Q0 819 653	空調濾芯-活性碳
6Q0 819 653 .	空調濾芯-活性碳
6Q0 819 653B -	空調濾芯-活性碳
6Q0 820 045E	冷氣開關總成
6Q0 820 045G	冷氣開關總成
6Q0 820 103	蒸發器
6Q0 820 103 *	蒸發器
6Q0 820 103 /	蒸發器
6Q0 820 103B !	蒸發器
6Q0 820 103F -	蒸發器-不代膨脹閥
6Q0 820 103F /	蒸發器
6Q0 820 193B +	乾燥筒
6Q0 820 367	空調濾芯
6Q0 820 367 /	空調濾芯
6Q0 820 367B /	空調濾芯
6Q0 820 411B	冷排
6Q0 820 411B -	冷排
6Q0 820 411B /	冷排
6Q0 820 679A	膨脹閥
6Q0 820 679A *	膨脹閥
6Q0 820 741A	冷氣管-冷>膨/前段(冷)
6Q0 820 741A /	冷氣管-冷>膨/前段(冷)
6Q0 823 031D	引擎蓋
6Q0 823 031H	引擎蓋
6Q0 823 359	撐桿-引擎蓋
6Q0 825 201D	底盤護板-中
6Q0 825 201F	底盤護板-中
6Q0 825 235E	引擎下護板
6Q0 825 235E ~	引擎下護板
6Q0 825 237R	引擎下護板
6Q0 825 237T	引擎下護板
6Q0 831 401A	車門後扭-前左上
6Q0 831 411	車門後扭-前左下
6Q0 831 412	車門後扭-前右下
6Q0 837 885	內把手座-左前
6Q0 837 886	內把手座-右前
6Q0 853 651C 01C	前柵
6Q0 853 653E  9B9 *	前柵
6Q0 853 665A B41	通風網-左
6Q0 853 665E  9B9 *	通風網-左
6Q0 853 666C B41	通風網-右
6Q0 853 666H  9B9 *	通風網-右
6Q0 857 522C ~	後視鏡片-右除霧
6Q0 857 522K ~	後視鏡片-右除霧
6Q0 858 069L  1QA	冷氣面板
6Q0 858 602E  1QA	置杯架-前
6Q0 858 602F  1QA	置杯架-前
6Q0 858 602F  1QB	置杯架-前
6Q0 906 517A	電磁閥
6Q0 906 625	控制閥
6Q0 907 543A	溫度感應器-冷氣
6Q0 907 543D	溫度感應器-冷氣
6Q0 909 601E 002	安全氣囊電腦
6Q0 909 601E 00G	安全氣囊電腦
6Q0 909 605A  02M	安全氣囊電腦
6Q0 927 803B	ABS速度感知器-左前
6Q0 927 803B -	ABS速度感知器-左前
6Q0 927 803B /	ABS速度感知器-左前
6Q0 927 804B -	ABS速度感知器-右前
6Q0 927 804B /	ABS速度感知器-右前
6Q0 927 807B	ABS速度感知器-左後
6Q0 927 807B -	ABS速度感知器-左後
6Q0 927 808B	ABS速度感知器-右後
6Q0 927 808B -	ABS速度感知器-右後
6Q0 941 531B  20H	大燈開關
6Q0 941 531C  20H	大燈開關
6Q0 941 531M  20H	大燈開關
6Q0 941 531N  20H	大燈開關
6Q0 941 607A	大燈後蓋
6Q0 947 105C Y20	室內燈-前
6Q0 947 106A  Y20	室內燈-前-灰
6Q0 951 221F	喇叭-低音-L
6Q0 951 223D	喇叭-高音-H
6Q0 953 513F  01C	方向燈開關-定速
6Q0 953 513G  9B9 ~	方向燈/雨刷開關-定速
6Q0 955 453N	雨刷噴水筒
6Q0 959 263	連續電阻
6Q0 959 455AD	風扇馬達
6Q0 959 455AD *	風扇馬達
6Q0 959 455AD -	風扇馬達
6Q0 959 455AD S~	風扇馬達總成-含架
6Q0 959 455AD ~	風扇馬達
6Q0 959 455AE	風扇馬達
6Q0 959 455AE /	風扇馬達
6Q0 959 455AE S	風扇馬達-代架
6Q0 959 455AE ~	風扇馬達
6Q0 959 455H	風扇馬達
6Q0 959 455Q	風扇馬達
6Q0 959 621   01C	除霧開關
6Q0 959 653	安全氣曩線圈
6Q0 959 654B	方向燈回正感知器
6Q0 989 625	葉子板修理包-前
6Q0 998 455AE *	風扇馬達總成-代架
6Q1 423 055AA	動力方向機-帶惰桿
6Q1 423 055G	動力方向機-帶惰桿
6Q1 423 061MX	動力方向機
6Q1 423 061SX	動力方向機
6Q1 423 893F	方向機油管-泵>方機
6Q1 614 106R	煞車真空輔助泵
6Q1 723 503K	油門踏板-電子式
6Q1 819 415B B41	拖比蓋板
6Q1 819 453A *	冷氣控制馬達
6Q1 857 507AJ 9B9	後視鏡座-左電動除霧
6Q1 857 507G ~	後視鏡座-左電動除霧
6Q1 857 508AJ 9B9	後視鏡座-右電動除霧
6Q1 941 007AN	大燈總成-左
6Q1 941 007AQ	大燈總成-左
6Q1 941 007AT *	大燈總成-左
6Q1 941 007M	大燈總成-左
6Q1 941 008AK	大燈總成-右  VALEO
6Q1 941 008AN	大燈總成-右
6Q1 941 008AR	大燈總成-右
6Q1 941 008AT *	大燈總成-右
6Q1 941 008M *	大燈總成-右
6Q1 955 425	雨刷片-左-軟式
6Q1 955 425A	雨刷片-右-軟式
6Q1 955 425C	雨刷片-左-軟式
6Q1 955 426A	雨刷片-右-軟式
6Q1 955 601B ~	雨刷桿支架
6Q2 959 802F  VW5	電窗馬達-左前
6Q4 831 055D	門總成-左前
6Q4 831 056D	門總成-右前
6Q4 837 461	升降機-電動左前
6Q4 837 461J /	升降機-電動左前
6Q4 837 461J ~1	升降機-電動左前
6Q4 837 462	升降機-電動右前
6Q4 837 462G	升降機-電動右前
6Q4 837 462J /	升降機-電動右前
6Q4 837 701F  9B9	防水橡皮-外-左前
6Q4 837 702F  9B9	防水橡皮-外-右前
6Q4 839 461	升降機-電動左後
6Q4 839 462	升降機-電動右後
6Q4 857 705F HCP	安全帶-左前
6Q6 809 857D GRU	油箱口蓋板
6Q6 809 986B	油箱口蓋板頂桿
6Q6 810 773A	中控馬達-油箱蓋
6Q6 810 773B	中控馬達-油箱蓋
6Q6 813 334C	後圍板-右側鈑
6Q6 827 025J	後箱蓋
6Q6 827 550 *	撐桿-後箱蓋
6Q6 827 550C	撐桿-後箱蓋
6Q6 827 550C ~	撐桿-後箱蓋
6Q6 827 705A	防水橡皮-後箱
6Q6 833 055B	門總成-左後
6Q6 833 056B	門總成-右後
6Q6 839 477B B41	外水切-左後
6Q6 839 478B B41	外水切-右後
6Q6 839 701E  9B9	防水橡皮-外-左後
6Q6 839 702E  9B9	防水橡皮-外-右後
6Q6 945 095AB *	尾燈-左
6Q6 945 095AB * ZZ	尾燈-左-瑕疵
6Q6 945 095B	尾燈-左
6Q6 945 095M	尾燈-左
6Q6 945 095M *	尾燈-左
6Q6 945 096B	尾燈-右
6Q6 945 096M	尾燈-右
6Q6 945 096M *	尾燈-右
6Q6 955 425A *	雨刷片-後-軟式
6Q6 955 435A	雨刷臂蓋-後
6Q6 955 435B	雨刷臂蓋-後
6Q6 955 707A	雨刷臂-後-軟式
6QD 145 276	惰輪-綜合皮帶
6QE 721 261	離合器分泵
6QE 827 025E	後箱蓋
6R0 035 501F	天線底座
6R0 121 207F	風扇架
6R0 121 253 +	水箱
6R0 121 253A *	水箱
6R0 121 253D	水箱
6R0 121 253G	水箱
6R0 121 253H	水箱
6R0 129 620A -	空氣芯
6R0 200 059C  ZZ	汽油管組-底盤三條
6R0 407 181B *	三角架鐵套
6R0 407 365	和尚頭-三角架-左
6R0 407 366	和尚頭-三角架-右
6R0 407 621A	前輪軸承-代哈扶-L/R
6R0 407 621E *	前輪軸承-代哈扶-L/R
6R0 411 315A	平衡桿接頭
6R0 423 156B	方向機泵-電動
6R0 513 353B	後避上座
6R0 609 721C /	手煞車線
6R0 615 301	煞車盤-前
6R0 615 301A	煞車盤-前
6R0 615 301B	煞車盤-前
6R0 615 301C !	煞車盤-前
6R0 615 301D !	煞車盤-前
6R0 698 151A	來令片組-前
6R0 805 588AA	水箱架
6R0 805 588K	水箱架
6R0 805 588N	水箱架
6R0 807 109C	保桿-前內鐵
6R0 809 958C	擋泥板-右前內龜
6R0 810 773F	中控馬達-油箱蓋
6R0 819 447B	拖比蓋板側蓋-左
6R0 819 447B  9B9	拖比蓋板側蓋-左
6R0 819 448B  9B9	拖比蓋板側蓋-右
6R0 819 465A	通風口-左/右-後葉子板下
6R0 819 465B	通風口-左/右-後葉子板下
6R0 819 653 #	空調濾芯-活性碳
6R0 820 367 -	空調濾芯
6R0 820 411AC	冷排
6R0 820 411D	冷排
6R0 820 411D -	冷排
6R0 820 411G	冷排
6R0 820 411Q	冷排
6R0 820 411T	冷排
6R0 821 105A	葉子板-左前
6R0 821 105F	葉子板-左前
6R0 821 105G	葉子板-左前
6R0 821 106A	葉子板-右前
6R0 821 106F	葉子板-右前
6R0 821 106G	葉子板-右前
6R0 821 106J	葉子板-右前
6R0 823 031A	引擎蓋
6R0 823 031D	引擎蓋
6R0 823 031E	引擎蓋
6R0 823 301A	引擎蓋後鈕-左
6R0 823 302A	引擎蓋後鈕-右
6R0 827 469  ULM	後箱鎖
6R0 827 469  ULM ~	後箱鎖
6R0 827 505B  9B9	六角鎖-後箱
6R0 827 505D  9B9	六角鎖-後箱
6R0 853 687A  739	POLO 標誌
6R0 857 561  Y20	遮陽板扣
6R0 857 601A  9B9	後視鏡座飾框-左
6R0 857 602A  9B9	後視鏡座飾框-右
6R0 905 851B	引擎鎖座
6R0 905 851F	引擎鎖座
6R0 905 865	引擎鎖開關
6R0 919 051	汽油泵-代浮筒
6R0 937 548C	保險絲盒
6R0 945 095AF	尾燈-左
6R0 945 095L	尾燈-左
6R0 945 095N	尾燈-左
6R0 945 096L	尾燈-右
6R0 945 096N	尾燈-右
6R0 959 455C	風扇馬達
6R0 959 801AG  Z01	電窗馬達-左前
6R0 998 226	大燈調整螺絲包-右
6R1 823 509A	引擎蓋六角鎖
6R1 823 533   82V	引擎蓋拉柄-黑
6R4 837 461D	升降機-電動左前
6R4 837 461G	升降機-電動左前
6R4 837 461L	升降機-電動左前
6R4 837 462D	升降機-電動右前
6R4 837 462J	升降機-電動右前
6R4 837 462L	升降機-電動右前
6R6 807 863A	後保中支架
6R6 827 025B	後箱蓋
6R6 827 550A	撐桿-後箱蓋
6RA 905 865A	引擎鎖開關
6RF 199 262L	引擎腳-右
6RF 407 255B	羊角-左前輪
6RF 407 256B	羊角-右前輪
6RF 407 615	哈扶-前
6RF 413 031C	避震器-前
6RF 820 103 /	蒸發器
6RF 839 015	六角鎖-左後門
6RF 853 651 9B9  ZZ	前柵
6RF 919 051B	汽油泵-代浮筒
6RG 805 588J	水箱架
6RG 805 588L ~	水箱架
6RG 807 109C	保桿-前內鐵
6RG 807 217A  GRU	保桿-前外
6RG 807 251	保桿緩衝墊-後左
6RG 810 972A	內龜擋泥板-右後
6RG 821 105C	葉子板-左前
6RG 821 106C	葉子板-右前
6RG 821 106H	葉子板-右前
6RG 833 056D ZZ	車門總成-右後-瑕疵
6RG 853 651B  RYP	前柵
6RG 857 507AH  9B9	後視鏡座-左電動
6RG 867 911E  5AP	防水橡皮-內-前-左
6RU 611 053A /	煞車分泵-後
6RU 698 151A	來令片組-前
6RU 698 151A /	來令片組-前
6RU 807 221   GRU /	保桿-前外
6RU 807 251	保桿緩衝墊-後
6RU 807 251A	後保桿保麗龍
6RU 813 301	後圍板-內
6RU 821 105B	葉子板-左前
6RU 821 105C	葉子板-左前
6RU 821 106B	葉子板-右前
6RU 821 106C	葉子板-右前
6RU 821 106J	葉子板-右前
6RU 823 031B	引擎蓋
6RU 945 087C	第三煞車燈
6RU 959 801	電窗馬達-左前
6RU 959 858B  9B9	電窗開關-左前
6V0 837 461	升降機-電動左前
6V0 837 461B	升降機-電動左前
6V0 837 462	升降機-電動右前
6V0 837 462B	升降機-電動右前
6V0 839 016A	六角鎖-右後門
6V0 857 701A  RAA	安全帶-左前
6V0 905 217   WHS ~	起動點火開關
6V0 949 101	方向燈-後視鏡-左
6V0 949 102	方向燈-後視鏡-右
6V0 955 485	雨刷噴水筒蓋
6V1 837 015A	六角鎖-左前門
6V6 827 023G	後箱蓋
6V9 807 394	保桿側固定座-後右
6V9 827 550B	撐桿-後門
6V9 827 705C	防水橡皮-後箱
6V9 833 052A	車門總成-右後
6X0 201 511B *	汽油杯
6X0 201 511B .	汽油杯
6X0 253 609BX	消音器-後段
6X0 422 154X	方向機泵
6X0 422 371	方向機油壺
6X0 422 803 /	惰桿總成-左
6X0 422 804 /	惰桿總成-右
6X0 422 807 *	惰桿
6X0 422 807 /	惰桿
6X0 422 881J	方向機油管(油壺>泵)
6X0 501 477	哈扶-後
6X0 501 477 +	哈扶-後
6X0 513 025B *	避震器-後
6X0 513 025B +	避震器-後
6X0 513 025B /	避震器-後
6X0 598 477 +	哈扶-後
6X0 601 173B  01C	鋁圈螺絲頭蓋(黑)
6X0 609 721F	手煞車線
6X0 611 775 -	煞車軟管-後
6X0 698 451	來令片組-後
6X0 698 451A	來令片組-後
6X0 805 594E	水箱架
6X0 807 421B GRU	保桿-後
6X0 807 421B X	保桿-後
6X0 809 857C GRU	油箱口蓋板
6X0 809 962B	擋泥板-右前內龜
6X0 819 465C	通風口-後葉子板下
6X0 820 413A -	冷排
6X0 821 021E +	葉子板-左前
6X0 821 022E +	葉子板-右前
6X0 823 301A	引擎蓋後鈕-左
6X0 823 302A	引擎蓋後鈕-右
6X0 823 359A	撐桿-引擎蓋
6X0 823 359A *	撐桿-引擎蓋
6X0 823 707A	引擎蓋橡皮-前
6X0 827 025C  ZZ	後箱蓋-中古
6X0 827 439A	撐桿固定座
6X0 827 499A	後廂蓋緩衝橡皮
6X0 827 499B	緩衝橡皮-後箱蓋/引擎蓋
6X0 837 249D	車門止擋器-前/L/R
6X0 837 461A  ZZ	升降機-電動左-瑕疵
6X0 837 461B	升降機-電動左
6X0 837 461BS ZZ	升降機總成-電動左-中古
6X0 837 462B	升降機-電動右
6X0 853 653A GRU	前柵
6X0 857 558   01C ZZ	置杯架/置物盒-瑕疵
6X0 867 172A  48Z	內把手拉柄飾蓋-右前-黑
6X0 919 673B	汽油浮筒
6X0 945 096F	尾燈-右-黑
6X0 953 049F	方向燈-左前
6X0 953 050F	方向燈-右前
6X0 953 257V	鑰匙辨識控制電腦
6X0 959 455	風扇馬達
6X0 959 455 -	風扇馬達
6X0 959 455 /	風扇馬達
6X0 959 455A	風扇馬達
6X0 959 455A -	風扇馬達
6X0 959 455A /	風扇馬達
6X0 959 455A >	風扇馬達
6X0 959 455C !	風扇馬達
6X0 959 455C *	風扇馬達
6X0 959 455C +	風扇馬達
6X0 959 455C >	風扇馬達
6X0 959 455C ~	風扇馬達
6X0 959 455F ~	風扇馬達
6X0 959 502A	電瓶固定片
6X0 959 801	電窗馬達-左前
6X0 959 802	電窗馬達-左前
6X1 422 891G	方向機油管-方機>壺
6X1 614 019A *	煞車總泵
6X1 721 335 -	離合器線
6X1 721 388 -	離合器總泵
6X1 819 415B B41	拖比蓋板
6X1 837 013A	六角鎖-左前門
6X1 837 014A	六角鎖-右前門
6X1 857 507G  ZZ	後視鏡座-左電動-中古
6X1 857 507G 01C	後視鏡座-左電動
6X1 857 508B *	後視鏡總成-右手動
6X1 857 508G 01C	後視鏡座-右電動
6X1 941 751H	大燈總成-左
6X1 941 752H	大燈總成-右
6X1 955 409A	雨刷臂-左-軟式
6X1 955 410A	雨刷臂-右-軟式
6X1 955 425B	雨刷片-左-軟式
6X1 955 425C	雨刷片-右-軟式
6X1 971 273A	燈泡座-側燈
6X3 831 051AK ZZ	門總成-左-中古
6X3 831 051Q	門總成-左
6X3 831 052AC	門總成-右
6XU 005 621-811	尾燈組-紅/黑
6Y2 959 801   VW2	電窗馬達-右前
6Y2 959 802A  VW1	電窗馬達-左前
7.21548.53	油壓調節器
701 010 002A	貼紙-水箱架
701 010 690B	貼紙-水箱架
701 121 206	風扇架
701 121 207B	風扇集風罩
701 121 209C	風扇架
701 121 253F	水箱
701 121 253F *	水箱
701 121 253F -	水箱
701 121 253M #	水箱
701 121 253M /	水箱
701 121 283E	集風罩
701 121 407B	副水筒
701 121 407B -	副水筒
701 199 201C	引擎腳-L/R
701 199 201C *	引擎腳-L/R
701 199 201H *	引擎腳
701 199 201H +	引擎腳
701 201 801	活性碳罐
701 399 201AD	變速箱腳
701 399 201AD *	變速箱腳
701 399 201AD -	變速箱腳
701 399 201AE	變速箱腳
701 399 201AE *	變速箱腳
701 399 201AG +	變速箱腳
701 399 201AH *	變速箱腳
701 399 201AH +	變速箱腳
701 407 077	三角架鐵套-上前
701 407 077A +	三角架鐵套-上前
701 407 187B !	和尚頭-三角架上
701 407 187B #	和尚頭-三角架上
701 407 187B +	和尚頭-三角架上
701 407 625 /	前輪軸承
701 411 041 -	平衡桿橡皮
701 411 049	平衡桿接頭
701 411 049 +	平衡桿接頭
701 413 031 -	避震器-前
701 413 031G +	避震器-前
701 413 031G /	避震器-前
701 413 031G /GA	避震器-前
701 413 031G GAS	避震器-前
701 419 081A /	方向機固定鐵套
701 419 801	惰桿
701 419 803E	惰桿總成-左
701 419 803E /	惰桿總成-左
701 419 804C	惰桿總成-右
701 419 804D +	惰桿總成-右
701 419 804E +	惰桿總成-右
701 419 804F /	惰桿總成-右
701 419 811C #	和尚頭-惰桿左
701 419 811E /	和尚頭-惰桿左
701 419 812A /	和尚頭-惰桿右
701 419 812B /	和尚頭-惰桿右
701 419 812D /	和尚頭-惰桿右
701 419 821E	惰桿
701 419 821E #	惰桿
701 419 821E *	惰桿
701 419 821F	惰桿
701 422 055	動力方向機
701 422 061B	動力方向機
701 422 061J	動力方向機
701 498 020	方向機修理包
701 498 099B *	外半軸修理包
701 498 099B +	外半軸修理包
701 498 099C +	外半軸修理包
701 498 103 /	內半軸修包
701 498 103A /	內半軸修包
701 498 203 *	防塵套修包-外半軸
701 513 031G +	避震器-後
701 513 031G /GA	避震器-後
701 513 031G GAS	避震器-後
701 513 031N	避震器-後
701 611 701 -	煞車軟管-前
701 611 701A	煞車軟管-前
701 611 701A #	煞車軟管-前
701 612 105B	煞車真空輔助泵
701 612 105C	煞車真空輔助泵
701 612 503A	煞車平衡器
701 615 301A *	煞車盤-前
701 615 301A +	煞車盤-前
701 615 301A -	煞車盤-前
701 615 301D !	煞車盤-前
701 615 301F +	煞車盤-前
701 615 301F -	煞車盤-前
701 615 601A	煞車盤-後
701 615 601A +	煞車盤-後
701 615 601A -	煞車盤-後
701 698 151F	來令片組-前
701 698 151F #	來令片組-前
701 698 151G !	來令片組-前
701 698 151G #	來令片組-前
701 698 151G +	來令片組-前
701 698 151G -	來令片組-前
701 698 151G /	來令片組-前
701 698 151G \	來令片組-前
701 698 525A +	來令片組-後
701 698 525A /	來令片組-後
701 698 525B *	來令片組-後
701 711 131	排擋桿橡皮
701 711 203	排擋桿釋放桿
701 713 575 *	駐車鎖拉線-自排
701 721 335B	離合器線
701 721 401 #	離合器總泵
701 721 401B *	離合器總泵
701 807 307A	保桿支架-左後
701 807 308	保桿支架-右後
701 807 311  2BC	保桿-後
701 819 809G	熱水閥
701 819 876	T 型接管
701 820 031 *	暖排
701 820 031 +	暖排
701 820 103 *	蒸發器
701 820 103A -	蒸發器
701 820 677	真空閥-冷暖器
701 823 509A	引擎蓋六角鎖
701 827 537A	六角鎖扣-後門
701 829 105AN	後箱門
701 829 211B	後箱六角鎖-外
701 829 331S	撐桿-後箱門
701 829 331S #	撐桿-後箱門
701 829 721A	後廂門導座
701 837 402A	升降機總成-右前電動
701 837 501A	升降機總成-左前電動
701 837 501E	升降機總成-左前電動
701 843 336A *	滑門滑輪-右中
701 843 405B *	滑門滑輪-左下
701 843 406A	滑門滑輪支架-右下
701 843 406B *	滑門滑輪-右下
701 843 791E 01C	防水橡皮-中門
701 843 883A  01C	滑軌尾端制止墊-左側
701 843 884A  01C	滑軌尾端制止墊-右側
701 853 601B WV9	VW 標誌-後
701 867 299   1YX	門內板固定扣-灰
701 919 183A	汽油浮筒-柴油
701 919 369B	水溫開關-溫度錶
701 919 369B /	水溫開關-溫度錶
701 919 369C /	水溫開關-溫度錶
701 919 369C ~	水溫開關-溫度錶
701 919 369D /	水溫開關-溫度錶
701 919 369D ~	水溫開關-溫度錶
701 919 369E -	水溫開關-冷氣
701 919 369E ~	水溫開關-冷氣
701 919 505 *	繼電器-98
701 919 506A -	控制盒-冷氣風扇
701 927 807A	ABS速度感知器-前
701 927 807F /	ABS速度感知器-前
701 941 009K	大燈總成-左
701 941 017 /	大燈總成-左
701 941 018 /	大燈總成-右
701 941 535  01C	霧燈開關
701 953 513 *	方向燈開關
701 953 513 /	方向燈開關
701 955 325  Z	雨刷連桿
701 955 453	雨刷噴水筒
701 957 085  01C	蓋子
701 959 141A -	繼電器-114
701 959 141B   Z	繼電器-140
701 959 141B -	繼電器-140
701 959 263A -	連續電阻-鼓風機
701 959 481C .	水溫開關-散熱馬達
701 959 481C /	水溫開關-散熱馬達
701 959 533	冷氣開關總成
701 998 031A	高壓線組
702 419 803B +	惰桿總成-左
702 419 803C !	惰桿總成-左
702 419 803C -	惰桿總成-左
702 419 803C /	惰桿總成-左
702 419 803D /	惰桿總成-左
702 419 804C	惰桿總成-右
703 819 989	空調濾芯
703 819 989 -	空調濾芯
703 820 121	蒸發器-後
703 829 239E   X	後箱六角鎖-內
705 807 311  GRU	保桿-後
705 807 321C GRU	保桿彎角-左後
705 858 089  01C	中央控制面板
70B 121 058C	水管-冷卻器-
70B 121 063A	水管-水泵>鐵水管
70B 121 073AC	水管-側水接頭>暖排
70B 121 633	水箱固定接桿座-左
70B 121 634	水箱固定接桿座-右
70B 129 620	空氣芯
70B 131 701	觸煤轉換器
70B 201 799	活性碳罐
70B 253 609CB	消音器-後段
70B 407 271H	傳動軸
70B 407 271H /	傳動軸
70B 409 905K	變速箱支架-右
70B 413 031G	避震器-前
70B 612 105C	煞車真空輔助泵
70B 713 139B  01C	排擋頭-自排
70B 798 000 *	排擋桿修理包
70B 807 101A *	保桿-前
70B 807 322B GRU	保桿彎角-右後
70B 829 451	撐桿固定座
70B 837 501B	升降機總成-電動左前
70B 837 502B	升降機總成-電動右前
70B 843 883  01C	滑軌尾端制止墊-左側
70B 843 884  01C	滑軌尾端制止墊-右側
70B 857 511   01C	室內後視鏡
70B 915 105G	電瓶
70B 945 701	後霧燈
70B 947 101	滑門踏板燈總成
70B 947 301	室內燈-手套箱
70B 955 409   03C	雨刷臂-左
70B 955 410   03C	雨刷臂-右
70B 959 455G *	風扇馬達
70B 959 455G /	風扇馬達
70B 959 455G >	風扇馬達
70B 959 455K	風扇馬達
70B 959 455K -	風扇馬達
70B 959 565  01C	後視鏡調整開關
70B 959 781A	中控馬達-前門
70B 959 781AA	中控馬達-前門
70B 959 787B	中控馬達-後箱
70B 971 063A	線束-方向燈/雨刷
70B 971 072CP	線束-引擎電腦
70B 971 228	正極線
70B 971 349AA	負極線- 接發電機
711307329118	放電器
721 611 047 -	後煞車分泵
721 843 654C	六角鎖-內-右中門
742244SP	避震器-前
742247SP	避震器-前
742248SP	避震器-前
742257SP	避震器-前
7B0 829 103E	後箱門
7D0 121 049B	水管-雙管
7D0 121 049L	水管
7D0 121 253 !	水箱
7D0 199 132C	引擎腳-R
7D0 199 132D *	引擎腳-R
7D0 199 132D +	引擎腳-R
7D0 199 132E +	引擎腳-R
7D0 201 551C ZZ	油箱蓋-瑕疵
7D0 399 107AL +	變速箱腳
7D0 399 107S	變速箱腳
7D0 399 207 B	變速箱腳-正廠
7D0 399 207B *	變速箱腳
7D0 407 140	三角架鐵套-下後
7D0 407 140 *	三角架鐵套-下後
7D0 407 140A -	三角架鐵套-下後
7D0 407 140A /	三角架鐵套-下後
7D0 407 361 +	和尚頭-三角架下
7D0 407 361 -	和尚頭-三角架下
7D0 411 049 /	平衡桿接頭
7D0 411 049 ~	平衡桿接頭
7D0 422 155	方向機泵
7D0 422 155  -	方向機泵
7D0 422 155 /	方向機泵
7D0 422 155A /	方向機泵
7D0 422 155D	方向機泵
7D0 609 701 -	手煞車線
7D0 609 701E -	手煞車線
7D0 611 019	煞車總泵
7D0 611 019 *	煞車總泵
7D0 611 019A +	煞車總泵
7D0 611 019A /	煞車總泵
7D0 611 019B +	煞車總泵
7D0 611 349	煞車油壺蓋
7D0 611 701E /	煞車軟管-前
7D0 615 601 !	煞車盤-後
7D0 615 601C *	煞車盤-後-打洞
7D0 698 151	來令片組-前
7D0 698 151 !	來令片組-前
7D0 698 151 #	來令片組-前
7D0 698 151 *	來令片組-前
7D0 698 151 .	來令片組-前
7D0 698 151 /	來令片組-前
7D0 698 301C !	煞車盤組-前-*2
7D0 698 451	來令片組-後
7D0 698 451 !	來令片組-後
7D0 698 451 #	來令片組-後
7D0 698 451 -	來令片組-後
7D0 698 451 .	來令片組-後
7D0 698 451 /	來令片組-後
7D0 698 451E *	來令片組-後
7D0 698 451F *	來令片組-後
7D0 698 451F /	來令片組-後
7D0 698 451G !	來令片組-後
7D0 698 451G .	來令片組-後
7D0 698 601 !	煞車盤組-後*2
7D0 698 601C !	煞車盤組-後*2
7D0 711 202    Z	排檔轉接桿
7D0 819 989 #	空調濾芯
7D0 819 989 .	空調濾芯
7D0 823 509	引擎蓋六角鎖
7D0 829 621   01C	後箱蓋拉柄
7D0 837 911  01C	防水橡皮-左前門
7D0 837 912  01C	防水橡皮-右前門
7D0 853 651 01C *	前柵
7D0 937 550F	保險絲盒
7D0 951 221	喇叭-低音-L
7D0 951 223	喇叭-高音-H
7D0 953 513  01C	方向燈開關
7D0 953 513B #	方向燈開關
7D0 953 513B *	方向燈開關
7D0 959 139B	冷氣壓力開關
7D0 959 455K -	風扇馬達
7D1 422 893	方向機油管-泵>方機
7D1 422 893K	方向機油管-泵>方機
7D1 611 931A	真空管
7D1 611 931G	真空管
7D1 721 335 *	離合器線
7DB 121 073AC	水管-輔助泵>水管接頭
7DB 201 799A	活性碳罐
7DB 601 151  01C	輪圈蓋-內
7DB 698 450 -	來令片組-後
7DB 819 989  *	空調濾芯-活性碳
7DB 820 045	冷氣開關總成
7DB 857 513E  01C	後視鏡總成-左手動
7DB 903 023R	發電機
7DB 903 025P	發電機
7DB 903 025R	發電機
7DB 941 699JA	霧燈-左
7DB 941 700JA	霧燈-右
7DB 953 041H	方向燈-左前
7DB 953 042K	方向燈-右前
7DB 953 042K *	方向燈-右前
7DB 959 455J	風扇馬達
7DB 959 455J *	風扇馬達
7DB 959 455K	風扇馬達
7DB 959 455K *	風扇馬達
7DB 959 855  01C	電窗開關
7DB 971 349GA	正極線
7DB 971 774L	線束-變速箱
7E0 121 050A	鐵水管
7E0 121 101B	水管-上
7E0 121 157B	水管
7E0 121 205B	風扇馬達
7E0 121 205D	風扇馬達總成-帶架
7E0 121 205F	風扇馬達總成-帶架
7E0 121 212B ZZ	輔助水箱
7E0 121 253E	水箱
7E0 121 407B	副水筒
7E0 122 058D	水管-
7E0 145 709A	通氣管-渦輪
7E0 145 709C #	通氣管-渦輪
7E0 145 804A	渦輪增壓散熱器
7E0 145 804A #	渦輪增壓散熱器
7E0 298 403 /	乾燥筒
7E0 407 151B	三角架-左
7E0 407 271R -	傳動軸-左
7E0 407 611E *	前輪軸承-代哈扶
7E0 412 249 /	避震器軸承-前
7E0 412 249A	避震器軸承-前
7E0 412 249A /	避震器軸承-前
7E0 412 331	避震器上座-前
7E0 422 154	方向機泵
7E0 422 154E	方向機泵
7E0 498 103AX	內半軸修理包-左
7E0 498 201	防塵套修包-內半軸-左
7E0 498 203A	防塵套修包-外半軸
7E0 498 203B	防塵套修包-外半軸
7E0 499 029F	工字樑
7E0 513 029D	避震器-後
7E0 609 701E	手煞車線-L/R
7E0 611 019A	煞車總泵
7E0 611 019C	煞車總泵
7E0 611 301E	煞車油壺
7E0 615 301C	煞車盤-前
7E0 615 301C !	煞車盤-前
7E0 698 151	來令片組-前
7E0 698 151B	來令片組-前
7E0 698 151B !	來令片組-前
7E0 698 151B +	來令片組-前
7E0 698 151B -	來令片組-前
7E0 698 151C	來令片組-前
7E0 698 151D !	來令片組-前
7E0 698 301C !	煞車盤組-前-*2
7E0 698 451	來令片組-後
7E0 698 451B	來令片組-後
7E0 698 451B /	來令片組-後
7E0 711 144G	排擋頭標誌-手排
7E0 721 261	離合器分泵
7E0 721 261 *	離合器分泵
7E0 721 261A	離合器分泵
7E0 805 594L	水箱架
7E0 805 594Q	水箱架
7E0 805 687	引擎下護板
7E0 805 962A	集風板
7E0 807 393A	保桿側固定座-後左
7E0 807 393B	保桿側固定座-後左
7E0 807 394A	保桿側固定座-後右
7E0 807 394B	保桿側固定座-後右
7E0 807 417E  9B9  ZZ	保桿-後-瘕疵
7E0 809 905A	油箱口板金
7E0 809 961	擋泥板-左前內龜
7E0 809 962	擋泥板-右前內龜
7E0 810 971A	內龜擋泥板-左後
7E0 810 972A	內龜擋泥板-右後
7E0 819 403   9B9	拖比蓋板
7E0 820 411B	冷排
7E0 820 411C	冷排
7E0 820 411D *	冷排
7E0 820 411F	冷排
7E0 821 101	葉子板-右前
7E0 821 101A	葉子板-右前
7E0 821 102	葉子板-右前
7E0 821 102A	葉子板-右前
7E0 823 033C	引擎蓋
7E0 823 033D	引擎蓋
7E0 823 033D ZZ	引擎蓋-瑕疵
7E0 823 033E	引擎蓋
7E0 823 033F ZZ	引擎蓋-瑕疵
7E0 823 033G	引擎蓋
7E0 823 301A	引擎蓋後鈕-左
7E0 823 302A	引擎蓋後鈕-右
7E0 823 480C	引擎蓋六角鎖-上
7E0 823 480E	引擎蓋六角鎖-上
7E0 823 499	引擎蓋緩衝橡皮
7E0 823 509D	引擎蓋六角鎖-下
7E0 825 207F	底盤護板-中左
7E0 827 025B	後箱門
7E0 827 505B	六角鎖-後箱-左
7E0 831 055C	車門總成-左前
7E0 831 055D	車門總成-左前
7E0 831 055H	車門總成-左前
7E0 831 056C	車門總成-右前
7E0 831 056D	車門總成-右前
7E0 831 411	車門後鈕-前-左下
7E0 831 411B	車門後鈕-前-左下
7E0 831 412	車門後鈕-前-右下
7E0 831 412B	車門後鈕-前-右下
7E0 837 703	外水切-左前
7E0 837 704	外水切-前-右
7E0 837 753A	升降機-電動-前-左
7E0 837 753D	升降機-電動-前-左
7E0 837 754A	升降機-電動-前-右
7E0 837 754D	升降機-電動-前-右
7E0 837 761C	膠條-車門邊緣-左前上
7E0 837 762G	膠條-車門邊緣-右前
7E0 837 762J	膠條-車門邊緣-右前
7E0 837 885	內把手座-左
7E0 837 886	內把手座-右
7E0 837 911B	防水橡皮-左前門-車身
7E0 837 912B	防水橡皮-右前門-車身
7E0 843 108AH	車門總成-右滑門
7E0 843 108AM	車門總成-右滑門
7E0 843 108AR	車門總成-右滑門
7E0 843 108P	車門總成-右滑門
7E0 843 108Q	車門總成-右滑門
7E0 843 108T	車門總成-右滑門
7E0 843 336	滑門滑輪-右中
7E0 843 336 +	滑門滑輪-右中
7E0 843 398D	滑軌滾輪-右中-下
7E0 843 398F	滑軌滾輪-右中-下
7E0 843 648B	車門止擋器-右中
7E0 843 648C	車門止擋器-右中
7E0 843 654AE	六角鎖-內-右中門
7E0 843 654AH	六角鎖-內-右中門
7E0 843 654AR	六角鎖-內-右中門
7E0 843 654BD	六角鎖-內-右中門
7E0 843 654BG	六角鎖-內-右中門
7E0 843 791D	防水橡皮-中門
7E0 843 792	防水橡皮-右中門
7E0 941 661A	霧燈/方向燈-左
7E0 941 661B	霧燈/方向燈-左
7E0 941 662A	霧燈/方向燈-右
7E0 941 699A	霧燈-左
7E0 941 700A	霧燈-右
7E0 945 087C	第三煞車燈
7E0 945 087E	第三煞車燈
7E0 945 095R	尾燈-左
7E0 945 096R	尾燈-右
7E0 945 097	第三煞車燈
7E0 945 097A	第三煞車燈
7E0 945 105	後反射燈-左
7E0 945 105D	反光燈-左後
7E0 945 106	後反射燈-右
7E0 945 106D	反光燈-右後
7E0 945 207	尾燈-左-LED
7E0 945 208	尾燈-右-LED
7E0 945 208E	尾燈-右-LED
7E0 945 208G  ZZ	尾燈-右-LED-瑕疵
7E0 949 101A	側燈-前葉-左-鉻
7E0 949 102A	側燈-前葉-右-鉻
7E0 949 117	側燈
7E0 959 263	連續電阻
7E0 959 855   9B9	電窗開關-右前
7E0 959 855A  9B9	電窗開關-左前
7E0 959 855C  9B9	電窗開關-右前
7E0 962 125   9B9	中控開關-左前
7E0 963 417A	輔助水泵
7E0 965 561F /	輔助水泵
7E1 422 061D *	動力方向機
7E1 611 931AC	真空管
7E1 857 407Q  9B9	後視鏡座-左電動
7E1 857 408Q  9B9	後視鏡座-右電動
7E1 857 507CA 9B9	後視鏡座-左電動
7E1 857 507CP 9B9	後視鏡座-左電動
7E1 857 508DA 9B9	後視鏡座-右電動
7E1 857 521J	後視鏡片-左
7E1 857 522A	後視鏡片-右除霧
7E1 857 522J	後視鏡片-右
7E1 857 527F  9B9	後視鏡外殼-左
7E1 857 527G  GRU	後視鏡外殼-右
7E1 857 527J  GRU	後視鏡外殼-左
7E1 857 528F  9B9	後視鏡外殼-右
7E1 857 528G  GRU	後視鏡外殼-右
7E1 857 528G  GRU ZZ	後視鏡外殼-右-受損
7E1 857 528J  GRU	後視鏡外殼-右
7E1 858 553A  GRU	後視鏡片飾框-左
7E1 858 553B  9B9	後視鏡片飾框-左
7E1 858 554A  GRU	後視鏡片飾框-右
7E1 941 005A	大燈總成-右
7E1 941 005E	大燈總成-左
7E1 941 005F	大燈總成-左
7E1 941 006A	大燈總成-右
7E1 941 006E	大燈總成-右
7E1 941 006F	大燈總成-右
7E1 941 015H	大燈總成-左
7E1 941 015J	大燈總成-左
7E1 941 015K	大燈總成-左
7E1 941 015Q	大燈總成-左
7E1 941 016H	大燈總成-右
7E1 941 016J	大燈總成-右
7E1 955 113	雨刷馬達
7E1 955 113A	雨刷馬達
7E1 955 113B	雨刷馬達
7E1 955 113B +	雨刷馬達
7E1 955 113D	雨刷馬達
7E1 998 002	雨刷片組-軟式
7E5 413 031A	避震器-前
7E5 413 031C	避震器-前
7E5 807 217   GRU	保桿-前
7E5 807 417A  GRU	保桿-後
7E5 807 417C  GRU	保桿-後
7E5 807 417E  GRU	保桿-後
7E5 807 489A  GRU	通風網-左前
7E5 807 490A  GRU	通風網-前右
7E5 807 819A  GRU	保桿飾板-前-左
7E5 807 820A  GRU	保桿飾板-前-右
7E5 827 505A	六角鎖-後箱
7E5 827 505C	六角鎖-後箱
7E5 827 505C ~	六角鎖-後箱
7E5 827 505D	六角鎖-後箱
7E5 831 055A	車門總成-左前
7E5 831 055B	車門總成-左前
7E5 831 055E	車門總成-左前
7E5 831 055E  XX	車門總成-左前-中古
7E5 831 055F	車門總成-左前
7E5 831 056B	車門總成-左前
7E5 831 056E	車門總成-右前
7E5 831 056F	車門總成-右前
7E5 853 651   NPU	前柵
7E5 853 651A  NPU	前柵
7E5 853 651C  041	前柵
7E5 868 433  30T	內飾板蓋板-左後-灰
7E5 945 096C	尾燈-右
7E5 947 415C  72A	踏板燈
7E8 407 151A	三角架-左
7E8 413 031	避震器-前
7F0 837 885	內把手座-左/右
7H0 121 065C	水管-下-朔鋼
7H0 121 065G	鐵水管
7H0 121 086E	水管
7H0 121 275B	水箱固定橡皮-下
7H0 121 275B -	水箱固定橡皮-下
7H0 121 276C	水箱固定橡皮-上
7H0 121 407B	副水筒
7H0 121 407C  ZZ	副水筒-瑕疵
7H0 121 447A	水管-副水筒>接頭
7H0 121 447D	水管-副水筒>ATF冷卻器
7H0 122 058C	水管-機油冷卻器>鐵管
7H0 122 447F	水管-副水筒
7H0 122 447G	水管-副水筒
7H0 127 401A	汽油杯-柴油
7H0 127 401B #	燃油濾清器-柴油
7H0 127 401B *	燃油芯-柴油
7H0 127 401B ~	燃油芯-柴油
7H0 127 401D	燃油濾清器-柴油
7H0 127 401D *	燃油芯-柴油
7H0 129 620 +	空氣芯
7H0 129 620 -	空氣芯
7H0 129 620 .	空氣芯
7H0 129 620 /	空氣芯
7H0 129 620A /	空氣芯
7H0 145 708	通氣管-渦輪
7H0 145 708H /	通氣管-渦輪
7H0 145 709B /	通氣管-渦輪
7H0 145 790A	通氣管-渦輪
7H0 145 804B	渦輪增壓散熱器
7H0 145 980F /	通氣管-渦輪
7H0 145 980Q #	通氣管
7H0 199 256	引擎腳-右
7H0 199 256B	引擎腳-右
7H0 199 256E	引擎腳-右
7H0 199 256H	引擎腳-右
7H0 199 848D +	引擎腳-前
7H0 199 848G +	引擎腳-前
7H0 253 141F	排氣管接管-後
7H0 253 609AJ	消音器-尾段
7H0 317 019 *	冷卻器-ATF
7H0 407 151E	三角架-左
7H0 407 152E	三角架-右
7H0 407 181	傳動軸吊架-右
7H0 407 181B	傳動軸吊架-右
7H0 407 257E	羊角-左前輪
7H0 407 258E	羊角-右前輪
7H0 407 361	和尚頭-三角架
7H0 407 361 *	和尚頭-三角架
7H0 407 361A	和尚頭-三角架
7H0 412 249A	避震器軸承-前
7H0 412 303A	避震器橡皮-前
7H0 412 341	避振器彈簧上座-前
7H0 413 031N	避震器-前
7H0 413 031N -	避震器-前
7H0 419 803D	惰桿總成-左
7H0 419 804D	惰桿總成-右
7H0 422 153A	方向機泵
7H0 422 153H /	方向機泵
7H0 422 817C	和尚頭-惰桿左
7H0 422 818C	和尚頭-惰桿右
7H0 422 889K	方向機油管-油壺>泵
7H0 498 099AX	外半軸修理包
7H0 498 099X	外半軸修理包
7H0 498 202B	防塵套修包-內半軸
7H0 498 203	防塵套修包-外半軸
7H0 511 149B	彈簧上座-後避
7H0 511 150B	彈簧底座-後
7H0 513 029D	避震器-後
7H0 513 029D -	避震器-後
7H0 513 029E	避震器-後
7H0 611 019A	煞車總泵
7H0 615 301D	煞車盤-前
7H0 615 301D !	煞車盤-前
7H0 615 301D +	煞車盤-前
7H0 615 301D -	煞車盤-前
7H0 615 601B	煞車盤-後
7H0 615 601B !	煞車盤-後
7H0 698 151	來令片組-前
7H0 698 151 !	來令片組-前
7H0 698 151 +	來令片組-前
7H0 698 151 -	來令片組-前
7H0 698 151A +	來令片組-前
7H0 698 151D	來令片組-前
7H0 698 301D !	煞車盤組-前-*2
7H0 698 451	來令片組-後
7H0 698 451 !	來令片組-後
7H0 698 451A	來令片組-後
7H0 698 451B	來令片組-後
7H0 698 451B +	來令片組-後
7H0 698 451C	來令片組-後
7H0 698 601B !	煞車盤組-後-*2
7H0 711 051G	排擋桿連桿架
7H0 711 051J	排擋桿連桿架
7H0 711 113B  FEU	排擋頭+防塵套-手排
7H0 711 144E	排擋頭標誌-手排
7H0 721 261B	離合器分泵
7H0 721 261C	離合器分泵
7H0 721 401A	離合器總泵
7H0 721 401B	離合器總泵
7H0 721 401C	離合器總泵
7H0 805 061B	前側強化鋼鈑-左
7H0 805 062B	前側強化鋼鈑-右
7H0 805 687C	引擎下護板
7H0 805 687F	引擎下護板
7H0 805 731	水箱架支架-左下
7H0 805 732	水箱架支架-右下
7H0 805 962A	集風板
7H0 805 962B	集風板
7H0 807 109A	保桿內鐵-前
7H0 807 109B	保桿內鐵-前
7H0 807 305B	保桿內鐵-後
7H0 807 417A  7G9	保桿-後外
7H0 807 643	螺絲-前保側固定
7H0 809 961A	擋泥板-左前內龜
7H0 809 962B	擋泥板-右前內龜
7H0 809 962C	擋泥板-右前內龜
7H0 810 971B	擋泥板-左後內龜
7H0 810 971C	擋泥板-左後內龜
7H0 810 972B	擋泥板-右後內龜
7H0 810 972C	內龜擋泥板-右後
7H0 819 021	鼓風機-後
7H0 819 181	通風口-後葉子板下
7H0 819 181A	通風口-後葉子板下
7H0 819 415A	防水蓋板-左
7H0 819 631	空調濾芯
7H0 819 631 /	空調濾芯
7H0 819 631A #	空調濾芯-活性碳
7H0 819 631A *	空調濾芯-活性碳
7H0 819 631A .	空調濾芯-活性碳
7H0 819 631A /	空調濾芯-活性碳
7H0 820 105	蒸發器-後
7H0 820 105B	蒸發器-後
7H0 820 411D	冷排
7H0 820 411E *	冷排
7H0 820 712	膨脹閥
7H0 820 712 *	膨脹閥
7H0 820 712A	膨脹閥
7H0 820 805FZ	壓縮機總成
7H0 820 951D  Y20	冷氣出風口
7H0 821 102E -	葉子板-右前
7H0 823 033C	引擎蓋
7H0 823 359C	撐桿-引擎蓋
7H0 823 480A	引擎蓋六角鎖-上
7H0 823 509	引擎蓋六角鎖-下
7H0 823 737C	引擎蓋防水橡皮
7H0 827 025P	後箱門
7H0 827 329F  GRU	後箱蓋握把
7H0 827 426AC	後箱蓋鎖
7H0 827 505C  9B9	六角鎖-後箱
7H0 827 505F  9B9	六角鎖-後門-左
7H0 827 505G  9B9	六角鎖-後箱
7H0 827 793D	車門分斷器-後門-左
7H0 827 793E	車門分斷器-後門-左
7H0 827 794E	車門分斷器-後門-右
7H0 829 193BK	防水橡皮-後箱
7H0 831 055F	車門總成-左前
7H0 831 056F	車門總成-右前
7H0 831 401B	車門後鈕-前-左上
7H0 831 402B	車門後鈕-前右-上
7H0 831 411B	車門後鈕-前-左下
7H0 831 412A	車門後鈕-前-右下
7H0 837 433C	門框橡皮-左前
7H0 837 434C	門框橡皮-右前
7H0 837 753A	升降機-電動左
7H0 837 753B	升降機-電動左
7H0 837 754A	升降機-電動右
7H0 837 754B	升降機-電動右
7H0 837 762D	膠條-車門邊緣-右前
7H0 837 885C	內把手座-左
7H0 837 886C	內把手座-右
7H0 843 108AL	車門總成-右滑門
7H0 843 336D	滑門滑輪-右中
7H0 843 336E	滑門滑輪-右中
7H0 843 352E	車門內把手-右中門
7H0 843 397AC	滑軌滾輪-左中-下
7H0 843 398AC	滑軌滾輪-右中-下
7H0 843 398AC *	滑軌滾輪-右中-下
7H0 843 398AC * ZZ	滑軌滾輪-右中-下
7H0 843 435Q	滑門滑輪-左上-代線
7H0 843 436E	滑門滑輪-右上
7H0 843 436Q	滑門滑輪-右上
7H0 843 603Q	六角鎖-左中門
7H0 843 604Q	六角鎖-中門
7H0 843 638D	門扣固定板
7H0 843 638E	門扣固定板
7H0 843 640F	擋板-滑門-右下
7H0 843 642E	內把手-右中門
7H0 843 642E  9B9	內把手-右中門
7H0 843 654BT	六角鎖-內-右中門
7H0 843 654EA	六角鎖-內-右中門
7H0 843 703D  3FZ	外把手-中門-左/右
7H0 843 703D  GRU	外把手-中門-左/右
7H0 847 781B	連接扣
7H0 847 785A	轉接扣
7H0 853 630   FDY	VW 標誌-後
7H0 853 630A  FDY	VW 標誌-後
7H0 857 537   9B9	後視鏡座上蓋板-左
7H0 857 538   9B9	後視鏡座上蓋板-右
7H0 857 739  QVZ	安全帶扣-中後座
7H0 857 877   QVZ	安全帶扣-左前
7H0 863 835C	吸音棉-引擎蓋
7H0 883 873C	固定桿
7H0 907 296	電腦護蓋-下
7H0 907 296A	保險絲盒
7H0 907 300	保險絲盒蓋
7H0 907 438D	開關座-側滑門-右
7H0 907 496A	電路接觸座-滑門-右
7H0 907 512B	冷氣控制馬達-後
7H0 919 275B  GRU	倒車雷達-後  * 4
7H0 927 803	ABS速度感知器-左前
7H0 927 803 *	ABS速度感知器-左前
7H0 927 803 -	ABS速度感知器-左前
7H0 927 803 /	ABS速度感知器-左前
7H0 927 804	ABS速度感知器-右前
7H0 927 804 *	ABS速度感知器-右前
7H0 927 804 -	ABS速度感知器-右前
7H0 927 804 /	ABS速度感知器-右前
7H0 927 903	ABS速度感知器線組-左
7H0 927 903H	ABS速度感知器線組-右前
7H0 941 699B	霧燈-左
7H0 941 700B	霧燈-右
7H0 945 095F	尾燈-左
7H0 945 095F  XX	尾燈-左-中古
7H0 945 095G	尾燈-左
7H0 945 095L /	尾燈-左
7H0 945 096F	尾燈-右
7H0 945 096G	尾燈-右
7H0 945 096G *	尾燈-右
7H0 945 096L /	尾燈-右
7H0 947 563	室內燈開關
7H0 949 117A	側燈
7H0 955 435	雨刷臂蓋-後
7H0 955 453E	雨刷噴水筒
7H0 955 453M	雨刷噴水筒
7H0 955 711	雨刷馬達-後
7H1 422 061J *	動力方向機
7H1 422 893A	方向機油管-泵>方機
7H1 713 203D  UME	排擋頭-自排
7H1 721 503	油門踏板-電子式
7H1 723 503	油門踏板
7H1 819 403A	拖比蓋板
7H1 820 021B	鼓風機
7H1 820 021D	鼓風機-前
7H1 820 087B	蒸發器
7H1 823 530A	引擎蓋拉線
7H1 843 872AB	滑門滑軌-右
7H1 857 321J  3U6	煙灰盒
7H1 857 507A  9B9	後視鏡座-左電動
7H1 857 507B  9B9	後視鏡座-左電動
7H1 857 507P  9B9	後視鏡座-左電動
7H1 857 508A  9B9	後視鏡座-右電動
7H1 857 508B  9B9	後視鏡座-右電動
7H1 857 521A	後視鏡片-左除霧
7H1 857 522C	後視鏡片-右除霧
7H1 857 522E	後視鏡片-右除霧
7H1 857 528   GRU	後視鏡座外殼-右
7H1 941 015N	大燈總成-左
7H1 941 015S	大燈總成-左
7H1 941 016N	大燈總成-右
7H1 941 016S	大燈總成-右
7H1 941 016S - ZZ	大燈總成-右
7H1 955 409C	雨刷臂-左
7H1 955 410C	雨刷臂-右
7H1 955 426	雨刷片-右  600MM
7H1 955 603A	雨刷桿支架
7H3 711 476D	手煞車拉線
7H3 711 476G	手煞車線-前段
7H3 809 844	葉子板-右後下
7H3 829 193AA	防水橡皮-後箱
7H5 411 317	平衡桿接頭
7H5 411 317 /	平衡桿接頭
7H5 411 317A	平衡桿接頭
7H5 411 317B	平衡桿接頭
7H5 411 317D	平衡桿接頭
7H5 411 317E	平衡桿接頭
7H5 511 407B	平衡桿-後
7H5 805 962A	集風板
7H5 807 417B  GRU	保桿-後外
7H5 807 417D  GRU	保桿-後外
7H5 820 021B	鼓風機
7H5 843 613  9B9	扣子
7H5 919 158B  Y20	冷氣控制開關
7H5 945 095H	尾燈-左
7H5 945 095L	尾燈-左
7H5 945 096H	尾燈-右
7H5 945 096K	尾燈-右-紅/黑/紅
7H5 945 096L	尾燈-右
7H5 955 425	雨刷片-軟式
7H5 959 856B  3X1	電窗開關-右中滑門
7H8 407 257A	羊角-左前輪
7H8 407 258A	羊角-右前輪
7H8 407 361A	和尚頭-三角架下
7H8 407 361A /	和尚頭-三角架下
7H8 413 031C	避震器-前
7L0 121 203F	風扇總成件
7L0 121 203G	風扇總成件
7L0 121 253	水箱
7L0 121 331A	水箱架護條-左
7L0 121 407E	副水筒
7L0 121 407F .	副水筒
7L0 122 058C	水管
7L0 129 620 -	空氣芯
7L0 129 620 .	空氣芯
7L0 129 620A /	空氣芯
7L0 407 021A	三角架-上-左/右
7L0 407 021A *	三角架-上-左/右
7L0 407 021A /	三角架-上-左/右
7L0 407 021B *	三角架-上-左/右
7L0 407 151C	三角架-下-左
7L0 407 151E	三角架-下-左
7L0 407 151E *	三角架-下-左
7L0 407 151E /	三角架-下-左
7L0 407 152C	三角架-下-右
7L0 407 152E	三角架-下-右
7L0 407 152E *	三角架-下-右
7L0 407 152E /	三角架-下-右
7L0 407 271C *	傳動軸-L/R
7L0 411 313K	平衡桿固定橡皮
7L0 422 803C	惰桿總成-左
7L0 422 804C	惰桿總成-右
7L0 422 817B *	和尚頭-惰桿-左
7L0 422 817C	和尚頭-惰桿-左
7L0 422 818B *	和尚頭-惰桿-右
7L0 422 818C	和尚頭-惰桿-右
7L0 498 203	防塵套修包-外半軸
7L0 498 203 *	防塵套修包-外半軸
7L0 501 529D	後軸拉桿-L/R
7L0 521 102G	傳動軸-地軸
7L0 521 102H	傳動軸-地軸
7L0 521 102M	傳動軸-地軸
7L0 616 213C	車身水平感知器-左
7L0 616 571C	車身水平感知器-左後
7L0 698 007A	氣壓彈簧氣泵
7L0 698 014	控制閥-空氣泵
7L0 698 151F	來令片組-前
7L0 698 151F !	來令片組-前
7L0 698 151F *	來令片組-前
7L0 698 151F /	來令片組-前
7L0 698 151H	來令片組-前
7L0 698 151H #	來令片組-前
7L0 698 151H .	來令片組-前
7L0 698 151J	來令片組-前
7L0 698 151J !	來令片組-前
7L0 698 151J .	來令片組-前
7L0 698 151P	來令片組-前
7L0 698 151Q	來令片組-前
7L0 698 151Q -	來令片組-前
7L0 698 151R	來令片組-前
7L0 698 451A	來令片組-後
7L0 698 451A !	來令片組-後
7L0 698 451B	來令片組-後
7L0 698 451B .	來令片組-後
7L0 698 451B /	來令片組-後
7L0 698 451G	來令片組-後
7L0 698 451H -	來令片組-後
7L0 698 525 -	來令片組-手煞車
7L0 698 545	手煞車來令片彈簧包
7L0 698 545 *	手煞車來令片彈簧包
7L0 805 571	支架
7L0 819 087F	蒸發器-含外殼-前
7L0 819 087K	蒸發器-含外殼-前
7L0 820 021L	鼓風機
7L0 820 021M	鼓風機
7L0 820 021R /	鼓風機
7L0 820 105	蒸發器-後
7L0 820 105A	蒸發器-後
7L0 820 411F	冷排
7L0 820 679A -	膨脹閥
7L0 820 679B	膨脹閥
7L0 820 679D *	膨脹閥
7L0 823 509B	引擎蓋六角鎖-下
7L0 823 533B  71N	引擎蓋拉柄
7L0 823 633F	引擎蓋拉柄固定座
7L0 831 055A	門總成-左前
7L0 831 401	車門後扭-前左上
7L0 831 402	車門後扭-前右上
7L0 831 411	車門後扭-前左下
7L0 831 411A	車門後扭-前左下
7L0 837 461D	升降機-電動左前
7L0 837 462D	升降機-電動右前
7L0 839 015	六角鎖-左後門
7L0 839 015B	六角鎖-左後門
7L0 839 015D ~	六角鎖-左後門
7L0 839 016	六角鎖-右後門
7L0 839 016B	六角鎖-右後門
7L0 839 016D ~	六角鎖-右後門
7L0 853 537A  01C	戶定飾板-左前外-黑
7L0 853 537C  01C	戶定飾板-左前外-黑
7L0 853 538A  01C	戶定飾板-右前外-黑
7L0 853 538C  01C	戶定飾板-右前外-黑
7L0 907 521	鼓風機控制器
7L0 907 637 /	來令片感應線-前
7L0 907 643A	感知器-空氣品質
7L0 907 673A	加速感知器-左
7L0 907 673C	加速感知器-中
7L0 907 673E	加速感知器-中
7L0 919 087E	汽油泵-左
7L0 919 087F	汽油泵-右
7L0 927 807B	ABS速度感知器-後-左
7L0 927 808B	ABS速度感知器-後-右
7L0 955 119K	雨刷馬達
7L0 955 425J	雨刷片-前-軟式
7L0 955 601	雨刷桿支架
7L0 955 601A	雨刷桿支架
7L0 955 712A	雨刷馬達-後
7L0 959 455D	風扇馬達-右
7L0 959 455D *	風扇馬達-右
7L0 959 455E *	風扇馬達
7L0 959 455E Z	風扇馬達
7L0 959 455F *	風扇馬達-左
7L0 959 455G *	風扇馬達-右
7L0 965 561J	輔助水泵
7L1 713 203B  1Q1	排擋頭-自排
7L1 837 016B	六角鎖-右前門
7L5 907 637B /	來令片感應線-後
7L5 941 699C	霧燈-左
7L6 122 051L	水管-下
7L6 122 051N	水管-下
7L6 122 101H	水管-上
7L6 127 434B	汽油杯-柴油
7L6 127 434C /	燃油芯-柴油
7L6 145 803C	渦輪增壓散熱器
7L6 145 803C *	渦輪增壓散熱器-左
7L6 145 803D	渦輪增壓散熱器-左
7L6 145 804A	渦輪增壓散熱器-右
7L6 145 972E	通氣管-渦輪
7L6 199 131A +	引擎腳-左/右
7L6 199 131A -	引擎腳-左/右
7L6 413 031L	避震器-前
7L6 413 031N	避震器-前左
7L6 413 032L	避震器-前右
7L6 413 032N	避震器-前右
7L6 422 154	方向機泵
7L6 422 154C	方向機泵
7L6 422 154D	方向機泵
7L6 422 893AA	方向機油管-泵>方機
7L6 521 102G	傳動軸-地軸
7L6 521 102N	傳動軸-遞軸-後段
7L6 601 149  QLD	輪圈蓋
7L6 615 123Q	煞車分泵-左前
7L6 615 124Q	煞車分泵-右前
7L6 615 301D	煞車盤-前左
7L6 615 301D *	煞車盤-前左
7L6 615 301J	煞車盤-前左
7L6 615 301J *	煞車盤-前左
7L6 615 301K	煞車盤-前左
7L6 615 301K *	煞車盤-前左
7L6 615 301N	煞車盤-前左
7L6 615 302D	煞車盤-前右
7L6 615 302D *	煞車盤-前右
7L6 615 302J	煞車盤-前右
7L6 615 302J *	煞車盤-前右
7L6 615 302K	煞車盤-前右
7L6 615 302K *	煞車盤-前右
7L6 615 302N	煞車盤-前右
7L6 615 302N +	煞車盤-前右
7L6 615 423G	煞車分泵-後左
7L6 615 424G	煞車分泵-後右
7L6 615 601J *	煞車盤-後  330*28MM  5/130
7L6 616 039D -	氣壓彈簧避震器-左前
7L6 616 040D -	氣壓彈簧避震器-右前
7L6 698 151E	來令片組-前
7L6 698 151E -	來令片組-前
7L6 698 151F	來令片組-前
7L6 698 151J	來令片組-前
7L6 698 151J #	來令片組-前
7L6 807 059G B41	前下擾流板
7L6 807 061J  B41	前下擾流板
7L6 807 155A  B41	拖車鉤蓋-前左
7L6 807 156A  B41	拖車鉤蓋-前右
7L6 807 183	保桿側固定座-左前
7L6 807 184	保桿側固定座-右前
7L6 807 434A  V7S	後下擾流板-光面
7L6 807 434D  B41	後下擾流板-粗面
7L6 807 434F  B41	後下擾流板-粗面
7L6 827 505	六角鎖-後箱
7L6 827 550C	撐桿-後箱蓋
7L6 837 476D  PRP	外水切-右前
7L6 837 787E  9B9	車門飾條-左前
7L6 837 787E  B41	車門飾條-左前
7L6 837 788E  9B9	車門飾條-右前
7L6 837 788E  B41	車門飾條-右前
7L6 839 787E  B41	車門飾條-左後
7L6 839 788E  9B9	車門飾條-右後
7L6 839 788E  B41	車門飾條-右後
7L6 853 601   FDY	VW標誌-前
7L6 853 651A  V7S	前柵-外
7L6 853 663A  V7S	通風網框-左
7L6 853 663F  B41	通風網框-左-黑
7L6 853 664A  V7S	通風網框-右
7L6 853 664F  B41	通風網框-右-黑
7L6 853 665A  B41	通風網-左
7L6 853 666A  B41	通風網-右
7L6 853 676   B41	通風網-中左
7L6 853 677   B41	通風網-中左
7L6 853 678A  B41	通風網-中
7L6 853 683A  B41	通風網-左
7L6 853 684A  B41	通風網-右
7L6 854 959A  B41	前葉下飾條-左前
7L6 854 960A  B41	前葉下飾條-右前
7L6 857 507BA 01C	後視鏡座-左電動
7L6 857 507FA 01C	後視鏡座-左電動
7L6 857 508BE 01C	後視鏡座-右電動
7L6 857 508FD 01C	後視鏡座-右電動
7L6 919 087A	汽油泵-左
7L6 919 087B	汽油泵-右
7L6 940 700B	霧燈-右
7L6 941 431AJ 3X1 -	大燈開關
7L6 941 700B	霧燈-右
7L6 945 095K	尾燈-左
7L6 945 096K	尾燈-右
7L6 947 101A	室內燈-後箱
7L6 955 119	雨刷馬達
7L6 955 407B	雨刷臂-左
7L6 955 707	雨刷臂-後
7L6 959 781 ~	中控馬達-後箱
7L6 959 833A  REH	油箱蓋開關
7L6 959 855B  3X1	電窗開關-右前
7L6 959 855B / REH	電窗開關-右前
7L6 959 855B 3X1 ~	電窗開關-右前
7L8 199 131A +	引擎腳-左/右
7L8 199 131F +	引擎腳-左/右
7L8 201 550D	油箱蓋-柴油
7L8 201 550K	油箱蓋-柴油
7L8 201 801A	活性碳罐
7L8 407 151F	三角架-下-左
7L8 407 151F *	三角架-下-左
7L8 407 152F	三角架-下-右
7L8 407 152F *	三角架-下-右
7L8 422 061H	動力方向機
7L8 422 154F	方向機泵
7L8 422 893AB	方向機油管-泵>方機
7L8 422 893AD	方向機油管-泵>方機
7L8 422 893AM /	方向機油管-泵>方機
7L8 422 893P	方向機油管-泵>方機
7L8 505 465B	平衡桿接頭-後-L
7L8 505 466B	平衡桿接頭-後-R
7L8 609 721	手煞車線
7L8 611 019F /	煞車總泵
7L8 615 301 !	煞車盤-前左
7L8 615 302 !	煞車盤-前右
7L8 615 302 +	煞車盤-前右
7L8 615 601C	煞車盤-後
7L8 615 601C !	煞車盤-後
7L8 825 195A XX	支架下護板-中古
7LA 498 201A	防塵套修包-內半軸-無油包
7LA 698 151B	來令片組-前
7LA 807 489B  9B9  ZZ	通風網-左前-瑕疵
7LA 831 055	車門總成-左前
7LA 831 055A	車門總成-左前
7LA 831 056	車門總成-右前
7LA 831 056A	車門總成-右前
7LA 843 108	車門總成-右滑門
7LA 843 108D	車門總成-右滑門
7LA 843 654	六角鎖-內-右中門
7LA 945 207	尾燈-左-LED
7LA 955 711 -	雨刷馬達-後-左
7M0 121 065AG	鐵水管
7M0 121 065L	鐵水管
7M0 121 321	水箱蓋
7M0 131 701S	觸煤轉換器
7M0 199 132AM -	引擎腳-R
7M0 201 204C	汽油管組
7M0 399 201BB	變速箱腳
7M0 407 181A +	三角架鐵套
7M0 407 283	防塵套-內半軸
7M0 407 365A	和尚頭-三角架
7M0 407 365C	和尚頭-三角架
7M0 411 317D	平衡桿接頭
7M0 411 317D -	平衡桿接頭
7M0 412 331 +	避震器上座
7M0 412 331 /	避震器上座
7M0 413 031G *	避震器-前
7M0 419 817B -	和尚頭-惰桿左
7M0 419 818B -	和尚頭-惰桿右
7M0 422 803F	惰桿總成-左
7M0 422 804F	惰桿總成-右
7M0 422 818A	和尚頭-惰桿右
7M0 422 831B	方向機防塵套
7M0 422 831B -	方向機防塵套
7M0 498 625	前輪軸承組
7M0 513 031L	避震器-後
7M0 513 031L *	避震器-後
7M0 615 601C -	煞車盤-後
7M0 819 371	熱水管-出
7M0 820 091B	蒸發器-後
7M0 820 413F *	冷排
7M0 820 679A	膨脹閥
7M0 837 477G  B41	外水切-左前
7M0 837 478G  B41	外水切-右前
7M0 867 365K B41	防水橡皮-前門
7M0 867 367K B41	防水橡皮-後門
7M0 959 455L	風扇馬達
7M0 959 775	中控馬達-車門
7M0 959 781A	中控馬達-後箱
7M1 422 061DX *	動力方向機
7M1 611 931N	真空管
7M1 819 030	暖排
7M1 819 030B	暖排
7M1 820 103BZ	蒸發器
7M1 857 507T 01C	後視鏡座-左電動
7M1 857 508T  01C	後視鏡座-右電動
7M1 857 508T 01C	後視鏡座-右電動
7M3 121 099	水塞
7M3 121 407A	副水筒
7M3 122 101J	水管-上
7M3 129 620 /	空氣芯
7M3 199 132K -	引擎腳-右
7M3 199 132N *	引擎腳-R
7M3 199 132N -	引擎腳-R
7M3 199 555L	引擎腳-左
7M3 199 555N	引擎腳-左
7M3 407 271E	傳動軸
7M3 407 365A	和尚頭-三角架
7M3 422 061EX	動力方向機
7M3 422 803	惰桿總成-左
7M3 498 201B *	防塵套修包-內半軸
7M3 498 201J	防塵套修包-內半軸
7M3 498 317	平衡桿接頭組
7M3 698 451D	來令片組-後
7M3 698 451D #	來令片組-後
7M3 698 451D *	來令片組-後
7M3 803 660D	備胎支架  15.,16吋
7M3 805 594AG	水箱架
7M3 805 903  B41	前下擾流板-左
7M3 805 903B B41	前下擾流板-左
7M3 805 904B B41	前下擾流板-右
7M3 807 183	保桿側固定座-左前
7M3 807 184	保桿側固定座-右前
7M3 807 421A GRU	保桿-後
7M3 807 791  B41	保桿飾條-後左
7M3 807 938   GRU	大燈噴水器外蓋-右
7M3 809 957B	擋泥板-左前內龜
7M3 809 958B	擋泥板-右前內龜
7M3 820 411B *	冷排
7M3 823 031H	引擎蓋
7M3 823 359A /	撐桿-引擎蓋
7M3 823 359B	引擎蓋撐桿
7M3 837 015	六角鎖-左前門
7M3 837 207  GRU	外把手-前左
7M3 839 015	六角鎖-左後門
7M3 839 016	六角鎖-右後門
7M3 853 684A 01C	通風網-右
7M3 857 507E  01C	後視鏡座-左電動代燈
7M3 915 436C	電瓶護蓋
7M3 941 015AD	大燈總成-左
7M3 941 699A	霧燈-左
7M3 941 700A	霧燈-右
7M3 943 021	牌照燈
7M3 943 021A	牌照燈
7M3 945 094C *	尾燈-右內
7M3 945 095F	尾燈-左外
7M3 945 095J	尾燈-左外
7M3 945 096F	尾燈-右外
7M3 945 096J	尾燈-右外
7M3 945 096K	尾燈-右外
7M3 945 225H *	牌照飾板-後
7M3 945 255H	牌照飾板-後
7M3 955 119	雨刷馬達
7M3 955 425	雨刷片-後
7M3 955 425A	雨刷片-左-軟式
7M3 955 426	雨刷片-右-軟式
7M3 955 426B	雨刷片-右-軟式
7M3 955 435	雨刷臂蓋-後
7M3 955 603E /	雨刷桿支架
7M3 959 455A *	風扇馬達
7M3 959 855   01C	電窗開關-後
7M3 998 002A *	雨刷片組-軟式  119-383
7N0 127 177	燃油濾清器-柴油
7N0 199 855A	引擎腳-後
7N0 201 550B	油箱蓋-柴油
7N0 511 359A /	避震器橡皮-後
7N0 612 041E	真空管
7N0 698 151C	來令片組-前
7N0 698 151E	來令片組-前
7N0 807 109A	保桿內鐵-前
7N0 807 305	保桿內鐵-後
7N0 819 465D	通風口-後葉子板下
7N0 819 465E	通風口-後葉子板下
7N0 823 359A	撐桿-引擎蓋
7N0 827 851E  IIT	後箱蓋驅動馬達-左/右
7N0 827 851H  IIT	後箱蓋驅動馬達-左/右
7N0 831 401B	車門後鈕-前左-上/下
7N0 831 402A	車門後鈕-前右-上/下
7N0 831 402B	車門後鈕-前右-上/下
7N0 839 015N	六角鎖-左後門
7N0 839 016N	六角鎖-右後門
7N0 843 107AL	車門總成-左滑門
7N0 843 108AL	車門總成-右滑門
7N0 843 336G	滑門滑輪-右中
7N0 843 459C	滑門驅動馬達-左/右
7N0 907 426AM  ZJU	冷氣控制電腦
7N0 907 530C	閘道控制電腦
7N0 907 530M  Z00	閘道控制電腦
7N0 927 225B  XSJ	手煞車開關-電子式駐車-黑
7N0 941 699	霧燈-左
7N0 941 700	霧燈-右
7N0 945 094L	尾燈-右內
7N0 945 094L *	尾燈-右內
7N0 951 221A	喇叭-低音-L
7N0 959 792J	控制盒-電動窗-前右
7N1 823 509A	引擎蓋六角鎖-下
7N1 941 006B	大燈總成-右
7P0 121 407	副水筒
7P0 407 152C	三角架-下-右
7P0 612 161	真空管橡皮墊
7P0 698 007B	空氣泵-氣壓彈簧
7P0 698 014	控制閥-空氣泵
7P0 698 151C	來令片組-前
7P0 698 151C #	來令片組-前
7P0 698 451	來令片組-後
7P0 698 451 #	來令片組-後
7P0 698 451 +	來令片組-後
7P0 698 451 -	來令片組-後
7P0 698 451A	來令片組-後
7P0 698 525	來令片組-電子手煞車
7P0 807 109B	保桿內鐵-前
7P0 810 773D	中控馬達-油箱蓋
7P0 819 631	空調濾芯-活性碳
7P0 819 631 -	空調濾芯-活性碳
7P0 819 631 /	空調濾芯-活性碳
7P0 820 021B	鼓風機-前
7P0 820 021F	鼓風機-前
7P0 827 505K	六角鎖-後箱
7P0 839 761G	膠條-車門邊緣-左後
7P0 919 673	汽油浮筒-左
7P0 955 453	雨刷噴水筒
7P0 965 561	輔助水泵
7P0 965 561A	輔助水泵
7P0 965 561B	輔助水泵
7P5 407 283	防塵套-內半軸
7P6 122 447AG	水管
7P6 127 177	燃油芯-柴油
7P6 127 177A *	燃油芯-柴油
7P6 199 131D +	引擎腳-左/右
7P6 615 301A	煞車盤-前左
7P6 615 302A	煞車盤-前右
7P6 807 256C	保桿緩衝墊-後中
7P6 807 863	保桿中支架
7P6 823 509	引擎蓋六角鎖-下
7P6 839 717A	防水膠條-左後
7P6 853 717C  GRU	輪弧-左前
7P6 853 718C  GRU	輪弧-右前
7P6 854 939E  GRU	車門下飾條-左前-鍍鉻
7P6 941 699	霧燈-左
7P6 941 699 *	霧燈-左
7P6 941 700	霧燈-右
7P6 941 700 *	霧燈-右
7P6 945 095D	尾燈-左外
7P6 945 096D	尾燈-右外
7P6 945 702E	反光燈-左後
801 867 299	扣子
80A 121 405AK	副水筒
80A 407 693E	三角架-下後左
80A 407 694E	三角架-下後右
80A 698 151C	來令片組-前
80A 698 451F	來令片組-後
80A 805 594	水箱架
80A 831 052H  STL	車門總成-右前
80A 833 051A  STL	車門總成-左後
80A 833 052A  STL	車門總成-右後
80A 839 912B	防水橡皮-右後
80A 853 887F	前葉前端膠板-左
80A 853 888C	前葉前端膠板-右
80B 863 821	引擎下護板-前
811 119 137 /	皮帶-風扇
811 121 051E	水管-下
811 407 331 *	內半軸
811 419 801E !	惰桿-左
811 419 801E *	惰桿-左
811 419 801E /	惰桿-左
811 419 802J -	惰桿-右
811 419 812A !	和尚頭-惰桿
811 419 812A -	和尚頭-惰桿
811 422 065FX	動力方向機
811 422 065FX /	動力方向機
811 905 115 +	發火線圈
811 906 091	汽油泵
811 906 091 *	汽油泵
811 906 091 -	汽油泵
811 953 053C	燈泡座-前方向燈
811 959 455R -	風扇馬達
811 959 455R >	風扇馬達
81229407547	機油
813 837 015E	六角鎖-左前門
81A 407 151C	三角架-左
81A 407 152C	三角架-右
81A 807 107   GRU	保桿-前-左
81A 807 107A  GRU	保桿-前-左
81A 807 108   GRU	保桿-前-右
81A 807 109B	保桿內鐵-前
83A 821 132   XX	葉子板固定支架-右-烤過漆
83A 945 105	反光燈-左後
853 615 301C *	煞車盤-前
855 121 101C	水管-上
855 407 365A /	和尚頭-三角架左
855 407 366A /	和尚頭-三角架右
857 407 181	三角架鐵套
857 407 181 *	三角架鐵套
857 612 061C *	煞車鐵球(蓄壓器)
857 612 061C +	煞車鐵球(蓄壓器)
857 612 061C -	煞車鐵球(蓄壓器)
857 951 253	繼電器-67
857 951 253 -	繼電器-67
857 955 455	雨刷噴水筒蓋
861 612 175	真空管橡皮墊
867 698 525 .	來令片組-後
867 698 525S	來令片組-後
867 698 525V	來令片組-後
867 698 525X	來令片組-後
867 807 449  2BC	飾蓋-後保桿
867 906 091 *	汽油泵
867 906 381 *	繼電器-53/86
867 919 062	晶體燈泡
867 951 253	繼電器-53/86
893 091 700	空調濾芯
893 121 101B +	水管-上
893 121 251 #	水箱
893 121 251 -	水箱
893 121 251 /	水箱
893 121 251E *	水箱
893 121 251G /	水箱
893 121 251N *	水箱
893 133 511 .	汽油杯
893 133 511 /	燃油芯-汽油
893 199 339	引擎腳橡皮-前
893 199 381B	引擎腳-黑
893 199 381D *	引擎腳-藍
893 199 415	工字樑鐵套-前
893 199 415 /	工字樑鐵套-前
893 253 139 /	排氣管接管-後
893 253 139A *	排氣管接管-後
893 399 151F	變速箱腳
893 407 271BQ	傳動軸-左
893 407 273 *	內半軸修理包-左
893 407 273A *	內半軸修理包-左
893 407 365F *	和尚頭-三角架左
893 407 465A !	平衡桿接頭
893 407 465A /	平衡桿接頭
893 407 615D *	哈扶-前
893 407 625	前輪軸承
893 407 625 -	前輪軸承
893 407 625B *	前輪軸承
893 407 625B +	前輪軸承
893 407 625C -	前輪軸承
893 407 625E *	前輪軸承修包
893 411 327E *	平衡桿橡皮-內
893 412 131B *	橡皮-前避震器
893 413 503P *	避震器芯-前
893 413 503P *GA	避震器芯-前
893 413 503P +	避震器芯-前
893 413 503P -	避震器芯-前
893 413 503P /	避震器芯-前
893 419 802 /	惰桿-右
893 422 893AF *	方向機油管-泵>方機
893 498 099F *	外半軸修理包
893 498 099F +	外半軸修理包
893 498 099G *	外半軸修理包
893 498 099G -	外半軸修理包
893 498 099LX	外半軸修理包
893 498 099M *	外半軸修理包
893 498 099M +	外半軸修理包
893 498 099M -	外半軸修理包
893 498 099M /	外半軸修理包
893 498 099P *	外半軸修理包
893 498 201A *	防塵套修包-內半軸
893 498 203A /	防塵套修包-外半軸
893 513 031AG *	避震器-後
893 513 031AG +	避震器-後
893 513 031AG /	避震器-後
893 513 031AG GA	避震器-後
893 611 019A *	煞車總泵
893 611 021A *	煞車總泵
893 611 021A -	煞車總泵
893 611 021B	煞車總泵
893 611 021B /	煞車總泵
893 611 707 #	煞車軟管
893 611 707 +	煞車軟管
893 611 775A /	煞車軟管
893 721 401D *	離合器總泵
893 805 591 -	水箱架
893 819 030B	暖排
893 823 360 /	撐桿-引擎蓋
893 837 397BS	升降機總成-電動左前
893 837 398BS	升降機總成-電動右前
893 881 195	座椅滑扣
893 905 849 *	引擎鎖開關
893 905 855A +	引擎鎖仁
893 905 855A /	引擎鎖仁
893 907 404	引擎電腦
893 941 030H +	大燈總成-右
893 941 030H -	大燈總成-右
893 941 115B -	大燈玻璃-左
893 941 116B -	大燈玻璃-右
893 941 625	方向燈-左前
893 941 625 *	方向燈-左前
893 941 626	方向燈-右前
893 941 626 *	方向燈-右前
893 945 217 *	尾燈-左外
893 945 217 -	尾燈-左外
893 945 217 /	尾燈-左外
893 945 218 /	尾燈-右外
893 945 226A *	尾燈-右內
893 955 205	雨刷臂蓋-前
893 955 407C	雨刷臂-左
893 955 985	噴水頭
893 959 483B *	冷氣壓力開關-低壓
895 201 531A	汽油泵濾網
895 201 779J	汽油泵固定外殼
895 407 147A /	三角架-左
895 407 148A /	三角架-右
895 407 283	防塵套-內半軸
895 615 301A *	煞車盤-前
895 698 151 *	來令片組-前
895 827 439B	撐桿固定座
895 827 705A	防水橡皮-後箱
895 837 015C	六角鎖-左門
895 837 016C	六角鎖-右門
895 867 691  O1C	門板小飾蓋
895 867 692  O1C	門板小飾蓋
895 867 693  O1C	門板小飾蓋
895 867 694  O1C	門板小飾蓋
895 941 029 -	大燈總成-左
895 941 029F *	大燈總成-左
895 941 030 -	大燈總成-右
895 941 030F *	大燈總成-右
8A0 121 251A *	水箱
8A0 199 307C	引擎腳支架-左
8A0 199 308G	引擎腳支架-右
8A0 199 381A +	引擎腳-左
8A0 199 381A -	引擎腳-左
8A0 199 382B -	引擎腳-右
8A0 199 415A	工字樑鐵套-前
8A0 199 415B -	工字樑鐵套-前
8A0 253 144E *	吊耳-消音器後
8A0 253 147A *	吊耳
8A0 260 749AH	型環-冷氣管 14* 17.65
8A0 260 749AJ	O型環
8A0 260 749AK	O形環-冷氣管
8A0 399 151D *	變速箱腳
8A0 407 181 +	三角架鐵套
8A0 407 181 -	三角架鐵套
8A0 407 271AQ *	傳動軸-左
8A0 407 272AR *	傳動軸-右
8A0 407 272QX	傳動軸-右
8A0 407 274B *	內半軸修理包-右
8A0 407 366 /	和尚頭-三角架右
8A0 407 625 *	前輪軸承組
8A0 407 625 -	前輪軸承組
8A0 412 323D *	避震器上座
8A0 413 503B *	避震器芯-前
8A0 413 503B +	避震器芯-前
8A0 413 503B -	避震器芯-前
8A0 413 503B /	避震器芯-前
8A0 498 201	防塵套修包-右內半軸
8A0 498 625 +	前輪軸承組
8A0 498 625 -	前輪軸承組
8A0 599 133B *	差速器腳
8A0 611 775D /	煞車軟管-後
8A0 615 423 /	煞車分泵-後左
8A0 698 151B *	來令片組-前
8A0 698 151B +	來令片組-前
8A0 698 151B -	來令片組-前
8A0 698 151B /	來令片組-前
8A0 807 287D *TW	牌照板-前
8A0 807 346C *	通風網-右
8A0 819 371A	熱水管
8A0 819 371E	熱水管
8A0 819 373A	熱水管
8A0 819 439	空調濾芯
8A0 819 439 !	空調濾芯
8A0 819 439 #	空調濾芯
8A0 819 439 *	空調濾芯
8A0 819 439 -	空調濾芯
8A0 819 439 /	空調濾芯
8A0 819 439A !	空調濾芯
8A0 819 439A -	空調濾芯
8A0 820 191D *	乾燥筒
8A0 820 191D -	乾燥筒
8A0 853 207A -	大燈下飾條-左
8A0 853 208A -	大燈下飾條-右
8A0 905 105 -	發火線圈
8A0 905 851B -	引擎鎖座
8A0 906 091G #	汽油泵
8A0 906 091G *	汽油泵
8A0 906 091G +	汽油泵
8A0 906 091G .	汽油泵
8A0 907 311H *	引擎電腦
8A0 907 404A *	引擎電腦
8A0 945 217C *	尾燈-左外
8A0 945 218C *	尾燈-右外
8A0 945 218C -	尾燈-右外
8A0 945 223A *	尾燈-左內
8A0 951 253B	繼電器-208/372
8A0 953 049A *	方向燈-左前
8A0 953 049A -	方向燈-左前
8A0 953 049A /	方向燈-左前
8A0 953 050A *	方向燈-右前
8A0 953 050A -	方向燈-右前
8A0 953 050A /	方向燈-右前
8A0 953 055 -	方向燈-左前
8A0 953 056 -	方向燈-右前
8A1 422 065A	動力方向機
8A1 422 065AV	動力方向機
8A1 422 065AX	動力方向機
8A1 422 065AX *	動力方向機
8A1 820 103AA -	蒸發器
8A5 513 029F *	避震器-後
8A5 513 029F +	避震器-後
8A5 513 029F /	避震器-後
8A5 827 505C 01C	六角鎖-後箱
8A5 827 552A -	撐桿-後箱
8D0 071 645	尾翼總成
8D0 091 800 *	空調濾芯-活性碳
8D0 121 055AA ~	水管-下
8D0 121 055T *	水管-下
8D0 121 055T -	水管-下
8D0 121 101K ~	水管-上
8D0 121 101M	水管-上
8D0 121 107C ~	水管-鐵管>副水筒
8D0 121 107D ~	水管-鐵管>副筒
8D0 121 109M ~	水管-副水筒>鐵管
8D0 121 251AM	水箱
8D0 121 251BB +	水箱
8D0 121 251BB -	水箱
8D0 121 251BB /	水箱
8D0 121 251BB ~	水箱
8D0 121 251BC #	水箱
8D0 121 251BC *	水箱
8D0 121 251BC -	水箱
8D0 121 251BC .	水箱
8D0 121 251BC /	水箱
8D0 121 251BC ~	水箱
8D0 121 251L	水箱
8D0 121 251L +	水箱
8D0 121 251M	水箱
8D0 121 251M *	水箱
8D0 121 251M +	水箱
8D0 121 251M -	水箱
8D0 121 251M /	水箱
8D0 121 251P /	水箱
8D0 121 403D *	副水筒
8D0 121 403L *	副水筒
8D0 129 617E	進氣管
8D0 131 089AX	觸煤轉換器
8D0 131 089AX *	觸煤轉換器
8D0 131 089AX >	觸煤轉換器
8D0 131 089BV	觸煤轉換器
8D0 145 156	方向機泵
8D0 145 156A	方向機泵
8D0 145 156AX	方向機泵
8D0 145 156FX	方向機泵
8D0 145 156KV	方向機泵
8D0 145 156KX *	方向機泵
8D0 145 156NV	方向機泵
8D0 145 156NX	方向機泵
8D0 145 156X	方向機泵
8D0 145 805D	渦輪增壓散熱器
8D0 199 307L	引擎腳支架-左上
8D0 199 335Q XX	引擎腳架-前-中古
8D0 199 339F	引擎腳橡皮-前
8D0 199 339F /	引擎減震橡皮-前
8D0 199 351H	引擎腳支架-左下
8D0 199 379AQ +	引擎腳-左
8D0 199 379AT +	引擎腳
8D0 199 379H	引擎腳
8D0 199 379J	引擎腳-左
8D0 199 379J *	引擎腳-左
8D0 199 379J /	引擎腳-左
8D0 199 379J ~	引擎腳-左
8D0 199 379K	引擎腳
8D0 199 382AN +	引擎腳-右
8D0 199 382L	引擎腳-右
8D0 199 382L *	引擎腳-右
8D0 199 382L -	引擎腳-右
8D0 199 382L /	引擎腳-右
8D0 199 382M	引擎腳-右
8D0 199 521BA XX	下橫樑-前-中古
8D0 199 521D	下橫樑-前
8D0 201 075BC X	油箱
8D0 201 319	汽油泵上蓋
8D0 201 543C	汽油管
8D0 201 543D	汽油管
8D0 260 403C /	冷排
8D0 260 403E	冷排
8D0 260 805B	壓縮機總成
8D0 260 805CX *	壓縮機總成
8D0 260 805FX	壓縮機總成
8D0 260 805MX	壓縮機總成
8D0 317 815A	變速箱油管
8D0 317 821C	變速箱油管
8D0 399 107A	變速箱腳支架-左
8D0 399 107T .	變速箱腳支架-左
8D0 399 108E .	變速箱腳支架-右
8D0 399 108Q	變速箱腳支架-右
8D0 399 108Q .	變速箱腳支架-右
8D0 399 151J -	變速箱腳-L/R-紅
8D0 399 151M .	變速箱腳-L/R
8D0 399 415D +	工字樑鐵套
8D0 399 415E *	工字樑鐵套-前
8D0 407 253	羊角-左前輪
8D0 407 257AE	羊角-左前輪
8D0 407 257S	羊角-左前輪
8D0 407 258AE	羊角-右前輪
8D0 407 258S	羊角-右前輪
8D0 407 271AC *	傳動軸-左
8D0 407 271AM *	傳動軸-左
8D0 407 271BC /	傳動軸-左
8D0 407 271DM /	傳動軸-左
8D0 407 271DN /	傳動軸-左
8D0 407 272AC	傳動軸-右
8D0 407 272BC /	傳動軸-右
8D0 407 272DM /	傳動軸-右
8D0 407 417A *	內半軸修理包-左
8D0 407 417F *	內半軸修理包-左
8D0 407 418A *	內半軸修理包-右
8D0 407 418F *	內半軸修理包-右
8D0 407 451DX	傳動軸-左
8D0 407 451GX	傳動軸-左
8D0 407 505B #	三角架-上左前
8D0 407 505B *	三角架-上左前
8D0 407 505B +	三角架-上左前
8D0 407 505B -	三角架-上左前
8D0 407 505B /	三角架-上左前
8D0 407 505B @	三角架-上右前
8D0 407 505H	三角架-上左前
8D0 407 506B #	三角架-上右前
8D0 407 506B *	三角架-上右前
8D0 407 506B +	三角架-上右前
8D0 407 506B /	三角架-上右前
8D0 407 506B @	三角架-上右前
8D0 407 506H	三角架-上右前
8D0 407 509G	三角架-上左後
8D0 407 615D	哈扶-前
8D0 407 615D *	哈扶-前
8D0 411 317D +	平衡桿接頭-左
8D0 411 318D +	平衡桿接頭-右
8D0 412 065 *	避震器彈簧上座-前
8D0 412 065D	避震器彈簧上座-前
8D0 412 065D *	避震器彈簧上座-前
8D0 412 065F	避震器彈簧上座-前
8D0 412 065F /	避震器彈簧上座-前
8D0 412 065G /	避震器彈簧上座-前
8D0 412 103B *	避震器彈簧座-前
8D0 412 131D	避震器橡皮-前
8D0 413 031BK	避震器-前
8D0 413 031L	避震器-前
8D0 413 031L *	避震器-前
8D0 413 031L +	避震器-前
8D0 419 831K /	方向機防塵套-右
8D0 422 371F	方向機油壺
8D0 422 371F .	方向機油壺
8D0 422 371K /	方向機油壺
8D0 422 371K ~	方向機油壺
8D0 422 376	方向機油壺蓋
8D0 422 885D	方向機油管-冷卻管
8D0 422 885K	方向機油管-冷卻鐵管
8D0 422 891C -	方向機油管-冷卻管>壺
8D0 422 891C /	方向機油管-冷卻管>壺
8D0 498 099 *	外半軸修理包
8D0 498 099B /	外半軸修理包
8D0 498 203	防塵套修包-外半軸
8D0 498 203 *	防塵套修包-外半軸
8D0 498 203 /	防塵套修包-外半軸
8D0 498 625	前輪軸承組
8D0 498 625 /	前輪軸承組
8D0 498 625C	前輪軸承修包
8D0 498 998	三角架組
8D0 498 998 +	三角架組-10件
8D0 498 998 -	三角架組-10件
8D0 498 998A	和尚頭組-拉桿
8D0 498 998B	三角架組-8件
8D0 498 998B #	三角架組-8件
8D0 498 998B -	三角架組-8件
8D0 498 998B -4B	三角架組-8件
8D0 498 998B -4D	三角架組-8件
8D0 498 998B -8E	三角架組-8件
8D0 501 541A	後軸鐵套
8D0 512 099A -	後避上座
8D0 601 139D	輪胎螺絲
8D0 611 707 *	煞車軟管-前
8D0 611 707B #	煞車軟管-前
8D0 611 707B /	煞車軟管-前
8D0 611 707D	煞車軟管-前
8D0 611 775B #	煞車軟管-後
8D0 612 107	煞車真空輔助泵
8D0 612 107A	煞車真空輔助泵
8D0 612 107A *	煞車真空輔助泵
8D0 615 123B	煞車分泵-前左
8D0 615 124B	煞車分泵-前右
8D0 615 124B -	煞車分泵-前右
8D0 615 301J	煞車盤-前
8D0 615 301J !	煞車盤-前
8D0 615 301J *	煞車盤-前
8D0 615 301K	煞車盤-前
8D0 615 301K -	煞車盤-前
8D0 615 301L	煞車盤-前左
8D0 615 302	煞車盤-前右
8D0 615 601B /	煞車盤-後
8D0 698 151	來令片組-前
8D0 698 151 !	來令片組-前
8D0 698 151 *	來令片組-前
8D0 698 151A -	來令片組-前
8D0 698 151A /	來令片組-前
8D0 698 151C /	來令片組-前
8D0 698 451A	來令片組-後
8D0 698 601B !	煞車盤組-後-*2
8D0 698 671	煞車分泵修理包-後
8D0 803 123	電瓶固定鐵片
8D0 805 213A	電瓶固定座
8D0 805 594AN  Z	水箱架
8D0 805 594AN *	水箱架
8D0 807 331B	保桿支架-左後
8D0 807 332B	保桿支架-右後
8D0 807 345AA /	通風網-左
8D0 807 345B /	通風網-左
8D0 807 346AB  3FZ	通風網-右
8D0 807 346B 01C	通風網-右
8D0 807 346G /	通風網-右
8D0 819 371AB ~	熱水管-進
8D0 819 371H ~	熱水管-進
8D0 819 373N ~	熱水管-出
8D0 821 172B	擋泥板-右前內龜
8D0 823 359	撐桿-引擎蓋
8D0 823 359 *	撐桿-引擎蓋
8D0 823 359 /	撐桿-引擎蓋
8D0 823 359B #	撐桿-引擎蓋
8D0 823 480A	引擎蓋六角鎖扣
8D0 831 052C XX	車門總成-右前
8D0 831 402	車門後扭-右前上
8D0 837 461  ZZ	升降機-電動左前-瑕疵
8D0 837 461 *	升降機-電動左前
8D0 837 462  ZZ	升降機-電動右前-瑕疵
8D0 837 462 *	升降機-電動右前
8D0 853 621  2ZZ	AUDI標誌-前葉
8D0 853 909B 01C	車門下飾條固定扣
8D0 857 507  3FZ	後視鏡外殼-左
8D0 857 511A 01C	室內後視鏡
8D0 862 533E 6DP ZZ	置杯架-中央扶手-瑕疵
8D0 863 843	引擎下護板銜接片
8D0 864 245  C47	中央扶手蓋
8D0 867 409  1WV	車門內飾板-左前-核桃木
8D0 877 297A	天窗防水橡皮
8D0 907 391A *	放電器
8D0 919 033DX >	儀錶板舊品回收
8D0 919 034CX >	儀錶板舊品繳回件
8D0 919 578A ~	繼電器-384
8D0 927 156DD  XX	變速箱電腦-中古
8D0 927 803 *	ABS速度感知器-前
8D0 927 803 /	ABS速度感知器-前
8D0 927 803D /	ABS速度感知器-前
8D0 927 807C -	ABS速度感知器-後
8D0 927 807C /	ABS速度感知器-後
8D0 941 029AK -	大燈總成-左
8D0 941 029AK - ZZ	大燈總成-左
8D0 941 030AK -	大燈總成-右
8D0 941 509D *	故障燈開關
8D0 941 777 *	霧燈蓋板-左
8D0 941 778 *	霧燈蓋板-右
8D0 945 095G -	尾燈-左
8D0 945 096G -	尾燈-右
8D0 945 111D XX	尾燈-左-中古
8D0 945 111D ZZ	尾燈-左-暇疵
8D0 945 112	尾燈-右
8D0 951 253	繼電器-370
8D0 951 253A	繼電器-373
8D0 953 049 -	方向燈-左前
8D0 953 050 -	方向燈-右前
8D0 955 455	雨刷噴水筒蓋
8D0 959 455C #	風扇馬達-冷氣
8D0 959 455C *	風扇馬達-冷氣
8D0 959 455C -	風扇馬達-冷氣
8D0 959 455C /	風扇馬達-冷氣
8D0 959 455C >	風扇馬達-冷氣
8D0 959 455P	風扇馬達-冷氣
8D0 959 455P .	風扇馬達-冷氣
8D0 959 455R #	風扇馬達-冷氣
8D0 959 455R /	風扇馬達-冷氣
8D0 959 455R >	風扇馬達-冷氣
8D0 959 455R ~	風扇馬達-冷氣
8D0 959 457A	風扇馬達-冷氣
8D0 959 481B ~	水溫開關
8D0 959 482B -	冷氣壓力開關
8D0 959 482B ~	冷氣壓力開關
8D0 959 493 .	連續電阻-散熱馬達
8D0 959 613	天窗電位計
8D0 959 655F	安全氣囊電腦
8D1 422 052B	動力方向機
8D1 422 052BX	動力方向機
8D1 422 052BX  T	動力方向機
8D1 422 052BX  USA	動力方向機
8D1 422 052BX *	動力方向機
8D1 422 052BX >	動力方向機舊品回收
8D1 422 052K	動力方向機
8D1 422 052KX	動力方向機
8D1 422 052LX	動力方向機
8D1 422 066D	動力方向機
8D1 422 066F	動力方向機
8D1 422 891J /	方向機油管-方機>冷卻管
8D1 422 893AL .	方向機油管-泵>方機
8D1 422 893AL /	方向機油管-泵>方機
8D1 422 893AL ~	方向機油管-泵>方機
8D1 422 893AL ~1	方向機油管-泵>方機
8D1 611 931AB	真空管
8D1 723 555AD	油門線-自排
8D1 723 555P	油門線-自排
8D1 723 555S	油門線-自排
8D1 819 030A	暖排
8D1 819 030A *	暖排
8D1 819 030A /	暖排
8D1 819 030B #	暖排
8D1 819 030B *	暖排
8D1 819 030B +	暖排
8D1 819 030B ~	暖排
8D1 819 403A 01C	拖比蓋板-左
8D1 819 404A 01C	拖比蓋板-右
8D1 820 021 *	鼓風機-代控制器
8D1 820 021 -	鼓風機-代控制器
8D1 820 021 .	鼓風機-代控制器
8D1 820 021 ZZ	鼓風機-代控制器-瑕疵
8D1 820 021A .	鼓風機
8D1 820 103D +	蒸發器
8D1 820 103D /	蒸發器
8D1 820 511A *	冷氣控制馬達
8D1 820 511B	冷氣控制馬達
8D1 820 511B *	冷氣控制馬達
8D1 858 531  3FZ	後視鏡座-左電動
8D1 955 113C	雨刷馬達
8D1 955 331	雨刷連桿-左
8D1 955 332	雨刷連桿-右
8D1 955 407B	雨刷臂-左
8D1 955 408B	雨刷臂-右
8D1 955 603A /	雨刷桿支架
8D5 512 131D	避震器橡皮-後
8D5 512 131FS -	避震器橡皮組-後(單邊)
8D5 513 031AS	避震器總成-後
8D5 513 031H *	避震器-後
8D5 513 031H +	避震器-後
8D5 513 031H /	避震器-後
8D5 513 031L	避震器-後
8D5 807 301AAGRU	保桿-後
8D5 807 303   GRU  ZZ	保桿-後-暇疵
8D5 827 505B 01C	六角鎖-後箱
8D5 827 552D	撐桿-後箱
8D5 827 576L GRU	後箱蓋飾條
8D9 827 552 /	撐桿-後箱蓋
8D9 955 427	雨刷片-後
8E0 103 927B	引擎護蓋-左
8E0 117 335L	導風板-渦輪冷卻器
8E0 121 049N /	水管-下
8E0 121 049T	水管-下
8E0 121 055	水管-下/三通
8E0 121 101 .	水管-上
8E0 121 101 ~	水管-上
8E0 121 212J +	輔助水箱
8E0 121 251A /	水箱
8E0 121 251AE	水箱
8E0 121 251AQ *	水箱
8E0 121 251AQ -	水箱
8E0 121 251AQ /	水箱
8E0 121 251AR /	水箱
8E0 121 251L	水箱
8E0 121 251L *	水箱
8E0 121 251L +	水箱
8E0 121 251L -	水箱
8E0 121 251L /	水箱
8E0 121 251L Z	水箱
8E0 121 251M	水箱
8E0 121 251M /	水箱
8E0 121 284B	集風板-右
8E0 121 403 /	副水筒
8E0 129 618K	導風板-空氣芯
8E0 131 089DX Z	觸煤轉換器
8E0 133 889A	二次空氣連接管
8E0 145 153	方向機泵
8E0 145 153D	方向機泵
8E0 145 155F *	方向機泵
8E0 145 155N *	方向機泵
8E0 145 790P #	通氣管-渦輪
8E0 145 834F	通氣管-冷卻器>橫樑
8E0 145 837G #	空氣管-冷卻器
8E0 145 838K	空氣管-冷卻器
8E0 145 865	O型環
8E0 199 351F	引擎腳支架-左下
8E0 199 379A	引擎腳-左
8E0 199 379AA	引擎腳-左
8E0 199 379AB	引擎腳-右
8E0 199 379AD	引擎腳-左
8E0 199 379AG -	引擎腳-右
8E0 199 379AS	引擎腳-左
8E0 199 379BG +	引擎腳-左
8E0 199 382A	引擎腳-右
8E0 199 382AA	引擎腳-右
8E0 199 382AJ +	引擎腳-右
8E0 199 382J	引擎腳-右
8E0 199 382K	引擎腳-右
8E0 199 382L	引擎腳-右
8E0 199 521BP	下橫樑-前
8E0 201 218R	汽油管-汽油芯
8E0 201 511G	汽油杯
8E0 201 550B	油箱蓋
8E0 201 803F	活性碳罐
8E0 201 803H	活性碳罐
8E0 253 144M	吊耳-尾段消音器-後
8E0 260 403K	冷排
8E0 260 403Q	冷排
8E0 260 805BJ  XX	壓縮機總成
8E0 317 819AL	變速箱油管
8E0 399 105AF	變速箱腳支架
8E0 399 105AG	變速箱腳含架
8E0 399 105CL	變速箱腳含架
8E0 399 105CL *	變速箱腳含架
8E0 399 105J	變速箱腳支架
8E0 399 151P	變速箱腳-L/R
8E0 407 151M	三角架-前下
8E0 407 151M /	三角架-前下
8E0 407 151N	三角架-前下
8E0 407 253C	羊角-左前輪
8E0 407 253E	羊角-左前輪
8E0 407 253E  XX	羊角-左前輪-中古
8E0 407 253E ~	羊角-左前輪
8E0 407 254C	羊角-右前輪
8E0 407 254D	羊角-右前輪
8E0 407 254E	羊角-右前輪
8E0 407 254E  XX	羊角-右前輪-中古
8E0 407 254E ~	羊角-右前輪
8E0 407 271BG  XX	傳動軸-L/R-中古
8E0 407 271T	傳動軸-左
8E0 407 451HX	傳動軸
8E0 407 451PX	傳動軸-L/R
8E0 407 505A -	三角架-上左前
8E0 407 505A .	三角架-上左前
8E0 407 505C	三角架-上左前
8E0 407 506A -	三角架-上右前
8E0 407 506A .	三角架-上右前
8E0 407 506C	三角架-上右前
8E0 407 509A -	三角架-上左後
8E0 407 509C	三角架-上左後
8E0 407 510A -	三角架-上右後
8E0 407 510C	三角架-上右後
8E0 407 693K	三角架-下左後
8E0 407 693K *	三角架-下左後
8E0 407 693K /	三角架-下左後
8E0 407 693T	三角架-下左後
8E0 407 694K	三角架-下右後
8E0 407 694K *	三角架-下右後
8E0 407 694K .	三角架-下右後
8E0 407 694K /	三角架-下右後
8E0 412 377	避震器上座
8E0 413 031BE	避震器-前
8E0 413 031CT Z	避震器-前
8E0 419 811	和尚頭-惰桿
8E0 419 811B /	和尚頭-惰桿
8E0 422 371	方向機油壺
8E0 422 821C *	惰桿
8E0 422 885E	方向機油管-散熱管
8E0 422 885F	方向機油管-散熱管
8E0 498 099C *	外半軸修理包
8E0 498 203A	防塵套修包-外半軸
8E0 498 625A	前輪軸承組
8E0 498 625B /	前輪軸承修包
8E0 500 051T XX	工字樑-後-中古
8E0 501 529K *	三角架拉桿-後-L/R
8E0 501 611	羊角/哈扶-後
8E0 501 611 *	羊角/哈扶-後
8E0 505 323M	三角架-後上-L
8E0 505 324M	三角架-後上-R
8E0 505 431Q	後輪軸承座-左
8E0 505 432Q	後輪軸承座-右
8E0 512 149C	避震器彈簧橡皮-後上/下
8E0 512 149M	避震器彈簧橡皮-後上
8E0 513 033	避震器-後
8E0 513 033 *	避震器-後
8E0 513 033 Z	避震器-後
8E0 513 035R	避震器-後
8E0 513 036B	避震器-後
8E0 513 353B +	後避上座
8E0 513 353D	後避上座
8E0 598 611	哈扶/軸承-後
8E0 598 611A	後輪軸承-代哈扶
8E0 598 611A *	後輪軸承-代哈扶
8E0 609 722AN	手煞車線-右
8E0 611 301 /	煞車油壺
8E0 611 301E	煞車油壺
8E0 612 107A	煞車真空輔助泵
8E0 614 111AH	ABS控制主體
8E0 614 111AH *	ABS控制主體
8E0 615 301B	煞車盤-前
8E0 615 301B !	煞車盤-前
8E0 615 301B -	煞車盤-前
8E0 615 301K	煞車盤-前
8E0 615 301R *	煞車盤-前
8E0 615 425	煞車分泵架-後
8E0 615 601B !	煞車盤-後
8E0 615 601B -	煞車盤-後
8E0 615 601P !	煞車盤-後
8E0 615 601Q !	煞車盤-後
8E0 615 601Q ~	煞車盤-後
8E0 616 571D	車身水平感知器-後
8E0 698 151	來令片組-前
8E0 698 151 -	來令片組-前
8E0 698 151A	來令片組-前
8E0 698 151A -	來令片組-前
8E0 698 151A ^	來令片組-前
8E0 698 151B	來令片組-前
8E0 698 151B ^	來令片組-前
8E0 698 151F	來令片組-前
8E0 698 151G .	來令片組-前
8E0 698 151K	來令片組-前
8E0 698 301P !	煞車盤組-前-*2
8E0 698 301Q !	煞車盤組-前-*2
8E0 698 451	來令片組-後
8E0 698 451 *	來令片組-後
8E0 698 451 -	來令片組-後
8E0 698 451 /	來令片組-後
8E0 698 451A	來令片組-後
8E0 698 451A !	來令片組-後
8E0 698 451A *	來令片組-後
8E0 698 451C	來令片組-後
8E0 698 451C !	來令片組-後
8E0 698 451E	來令片組-後
8E0 698 451E #	來令片組-後
8E0 698 451F	來令片組-後
8E0 698 451K	來令片組-後
8E0 698 451K +	來令片組-後
8E0 698 451K -	來令片組-後
8E0 698 451L	來令片組-後
8E0 698 451L -	來令片組-後
8E0 698 451M	來令片組-後
8E0 698 470B	煞車導管修理包-前
8E0 698 470B *	煞車導管修理包-前
8E0 721 257E	離合器分泵
8E0 721 257F	離合器分泵
8E0 721 257F #	離合器分泵
8E0 721 257F *	離合器分泵
8E0 721 257F -	離合器分泵
8E0 721 257F /	離合器分泵
8E0 721 257M -	離合器分泵
8E0 721 257P *	離合器分泵
8E0 804 171J	隔熱板-後段消音器-左
8E0 807 103GZ Y70	保桿-前-緞灰
8E0 807 103GZ Y7Q	保桿-前-緞灰
8E0 807 103GZ Z9W	保桿-前-珍珠黑
8E0 807 109	保桿-前內鐵
8E0 807 133	保桿支架-左前
8E0 807 134	保桿支架-右前
8E0 807 283A	保桿側固定座-左前
8E0 807 284A	保桿側固定座-右前
8E0 807 309	保桿-後內鐵
8E0 807 453	保桿側固定座-左後
8E0 807 454	保桿側固定座-右後
8E0 807 647   01C *	通風網-中
8E0 809 905  GRU	油箱口板金
8E0 810 171	擋泥板-左後內龜
8E0 810 172	擋泥板-右後內龜
8E0 819 439 #	空調濾芯
8E0 819 439 +	空調濾芯
8E0 819 439 -	空調濾芯
8E0 819 439 /	空調濾芯-活性碳
8E0 820 043K 5PR	冷氣控制電腦-恆溫式
8E0 820 177	毛細管-棕
8E0 820 193C	乾燥筒
8E0 820 193C /	乾燥筒
8E0 820 193E	乾燥筒
8E0 820 193E /	乾燥筒
8E0 821 105D	葉子板-左前
8E0 821 106D	葉子板-右前
8E0 821 135A	葉子板固定支架-左前
8E0 821 136A	葉子板固定支架-右前
8E0 821 171B	擋泥板-左前內龜
8E0 821 171E	擋泥板-左前內龜
8E0 823 029 X	引擎蓋
8E0 823 029B	引擎蓋
8E0 823 029D  ZZ	引擎蓋-暇疵
8E0 823 301D	引擎蓋後鈕-左
8E0 823 302D	引擎蓋後鈕-右
8E0 823 359A #	撐桿-引擎蓋
8E0 823 359A /	撐桿-引擎蓋
8E0 823 480A	引擎蓋六角鎖-上
8E0 823 480B	引擎蓋六角鎖-上
8E0 823 480E	引擎蓋六角鎖-上
8E0 823 509A	引擎蓋六角鎖-下
8E0 825 265	扣子
8E0 831 051J  XX	車門總成-左前-中古
8E0 831 052J	車門總成-右前
8E0 831 401	車門後扭-左上/前後
8E0 831 402	車門後扭-右上/前後
8E0 831 411	車門後扭-左前下
8E0 831 721C	防水橡皮-前門-L/R
8E0 833 051J  XX	車門總成-左後-中古
8E0 833 052J  XX	車門總成-右後-中古
8E0 833 411	車門後扭-左後下
8E0 833 412	車門後扭-右後下
8E0 837 111A	防水塞-車門
8E0 837 439AD	門框橡皮-左前
8E0 837 439M	門框橡皮-左前內
8E0 837 440AD	門框橡皮-右前
8E0 837 440M	門框橡皮-右前
8E0 837 461	升降機-電動左前
8E0 837 461C  XX	升降機-電動-左前-中古
8E0 837 462	升降機-電動右前
8E0 837 462B	升降機-電動右前
8E0 837 462B  ZZ	升降機-電動-右前-瑕疵
8E0 837 462C  XX	升降機-電動-右前-中古
8E0 837 630B	門窗骨架-右前
8E0 837 911L	防水橡皮-左前門
8E0 837 911M  XX	防水橡皮-左前門-中古
8E0 837 912M  XX	防水橡皮-右前門-中古
8E0 839 015C XX	六角鎖-左後門-中古
8E0 839 015C ~	六角鎖-左後門
8E0 839 461	升降機-電動左後
8E0 839 461C  XX	升降機-電動左後-中古
8E0 839 461C  ZZ	升降機-電動左後-瑕疵
8E0 839 462	升降機-電動右後
8E0 839 462C  XX	升降機-電動右後-中古
8E0 839 912N  XX	防水橡皮-右後門-中古
8E0 845 021D  XX	車門玻璃-左前-中古
8E0 853 283A	外水切飾條-左前
8E0 853 283B	外水切飾條-左前
8E0 853 284A	外水切飾條-右前
8E0 853 284B	外水切飾條-右前
8E0 853 579  7DL	戶定飾板後端蓋-左
8E0 853 580  7DL	戶定飾板後端蓋-右
8E0 853 651B 3FZ	前柵
8E0 853 651Q  1QP XX	前柵-中古
8E0 853 763A	外水切飾條-左後
8E0 853 763B	外水切飾條-左後
8E0 853 764A	外水切飾條-右後
8E0 853 764B	外水切飾條-右後
8E0 853 922B	戶定蓋板前端下座-右
8E0 853 964   GRU XX	車門飾條-右後-中古
8E0 853 985A 7DL	戶定飾條-左
8E0 853 986A 7DL	戶定飾條-右
8E0 857 507  GRU	後視鏡外殼-左
8E0 857 507B *	後視鏡外殼-左
8E0 857 508  GRU	後視鏡外殼-右
8E0 857 535E ~	後視鏡片-左除霧廣角
8E0 857 536AB ~	後視鏡片-右-防眩
8E0 857 536D ~	後視鏡片-右除霧
8E0 857 561  E59	遮陽板扣
8E0 857 562A  4PK	遮陽板扣
8E0 857 562A  DT4	遮陽板扣
8E0 857 562A  J50	遮陽板扣
8E0 857 562A  Y22	遮陽板扣
8E0 857 562A  Z62	遮陽板扣
8E0 863 727A /	吸音棉扣子
8E0 863 821AN	引擎下護板-前
8E0 863 821D	引擎下護板-前
8E0 863 822	引擎下護板-後
8E0 863 822C  ZZ	引擎下護板-後-暇疵
8E0 863 822D -	引擎下護板-後
8E0 863 825AJ ZZ	吸音棉-引擎蓋-瑕疵
8E0 863 825S	吸音棉-引擎蓋
8E0 880 201BA 6PS	安全氣曩-左
8E0 880 201S 6PS	安全氣曩-左-黑
8E0 906 087N	汽油泵
8E0 907 391A	放電器
8E0 907 637A *	ESP感知器
8E0 907 637C -	ESP感知器
8E0 910 157L ZZ	變速箱電腦
8E0 919 051AH	汽油泵/浮筒
8E0 919 051BJ	汽油泵/浮筒
8E0 919 051CN - ZZ	汽油泵/浮筒-瑕疵
8E0 919 051L	汽油泵/浮筒
8E0 919 051P -	汽油泵/浮筒
8E0 919 133	汽油浮筒墊片
8E0 919 133E	汽油浮筒墊片
8E0 919 279 ~	倒車雷達嗡鳴器
8E0 919 673	汽油浮筒
8E0 919 673J	汽油浮筒
8E0 927 317	煞車真空泵-電動
8E0 927 317B	煞車真空泵-電動
8E0 927 317E	煞車真空泵-電動
8E0 927 317F	煞車真空泵-電動
8E0 927 803A /	ABS速度感知器-前
8E0 927 803B /	ABS速度感知器-前
8E0 927 807	ABS速度感知器-後
8E0 941 029 -	大燈總成-左
8E0 941 029AS -	大燈總成-左-氙氣
8E0 941 029H -	大燈總成-左
8E0 941 030 -	大燈總成-右
8E0 941 030AS -	大燈總成-右-氙氣
8E0 941 030H -	大燈總成-右
8E0 941 285C	車身水平感知器-前
8E0 941 531 5RP	大燈開關
8E0 941 699 -	霧燈-左
8E0 941 699C	霧燈-左
8E0 941 700 -	霧燈-右
8E0 941 700C	霧燈-右
8E0 945 299	螺帽-尾燈
8E0 945 515	煞車燈開關
8E0 949 127 /	側燈-透明/長型
8E0 951 253	繼電器-614
8E0 953 512J  6PS	方向盤蓋板-下
8E0 955 102D	大燈噴水器-右
8E0 955 465	雨刷噴橡皮
8E0 955 987A	噴水頭-左
8E0 955 988A	噴水頭-右
8E0 955 988D ZZ	噴水頭-右-瑕疵
8E0 959 126	冷氣壓力開關
8E0 959 126B	冷氣壓力開關
8E0 959 126C	冷氣壓力開關
8E0 959 455	風扇馬達-左
8E0 959 455 *	風扇馬達-左
8E0 959 455A	風扇馬達-左
8E0 959 455B	風扇馬達-右
8E0 959 455K !	風扇馬達-左
8E0 959 455N !	風扇馬達-右
8E0 959 455N /	風扇馬達-右
8E0 959 501AB	風扇控制盒
8E0 959 501AG /	風扇控制盒
8E0 959 501K	風扇控制盒
8E0 959 565A 4PK ~	後視鏡調整開關
8E0 959 613B EC3	天窗電位計
8E0 959 747	電動椅調整開關-左前-黑
8E0 959 747A ~	電動椅調整開關-左前-黑
8E0 959 748	電動椅調整開關-左前-黑
8E0 959 748   4PK	電動椅調整開關-右前-黑
8E0 959 801A	電窗馬達-左後
8E0 959 802A	電窗馬達-右後
8E0 959 802E  XX	電窗馬達-右後-中古
8E0 959 851B  5PR	電窗開關-左前
8E0 959 851B 5PR  XX	電窗開關-左前-中古
8E1 422 053B *	動力方向機
8E1 422 053K	動力方向機
8E1 422 053K -	動力方向機
8E1 422 054AX	動力方向機
8E1 422 054BX	動力方向機
8E1 422 066T	動力方向機總成
8E1 422 891AM /	方向機油管-方機>冷卻管
8E1 422 891E	方向機油管-方機>冷卻管
8E1 422 893BS	方向機油管-泵>方機
8E1 422 893CP	方向機油管-泵>方機
8E1 713 187	排桿防塵條
8E1 713 187D	排桿防塵條
8E1 713 243B	排擋燈
8E1 713 243E	排擋燈/線路板
8E1 721 401AG	離合器總泵
8E1 721 401AJ -	離合器總泵
8E1 721 401K	離合器總泵
8E1 723 523C	油門踏板-電子式
8E1 723 523G	油門踏板-電子式
8E1 819 371B ~	熱水管-進
8E1 819 422A	拖比蓋板
8E1 819 447	拖比蓋板
8E1 820 021A	鼓風機
8E1 820 021E ZZ	鼓風機-瑕疵
8E1 820 103 *	蒸發器
8E1 820 103A -	蒸發器
8E1 820 511A	冷氣控制馬達-冷暖氣
8E1 820 511A *	冷氣控制馬達-冷暖氣
8E1 820 511C	冷氣控制馬達
8E1 820 511D	冷氣控制馬達
8E1 823 531C	引擎蓋拉線
8E1 837 019G  7PE XX	內把手-左前門-黑
8E1 858 531AC  SXX	後視鏡座總成-中古
8E1 858 531B 01C	後視鏡座-左電動
8E1 858 531C  01C	後視鏡座-左電動
8E1 858 531H  01C	後視鏡座-左電動
8E1 858 531J  01C	後視鏡座-左電動
8E1 858 531S  01C	後視鏡座-左電動
8E1 858 532AC  SXX	後視鏡座總成-中古
8E1 858 532BG01C	後視鏡座-右電動
8E1 858 532H  01C	後視鏡座-右電動
8E1 858 532J  01C	後視鏡座-右電動
8E1 858 532S  01C	後視鏡座-右電動
8E1 862 534J 5PR	置杯架-冷氣面板下
8E1 862 534J X	置杯架-冷氣面板下
8E1 867 171C  7PE  XX	內把手飾蓋-左前-中古
8E1 959 801	電窗馬達-左前
8E1 959 801G  XX	電窗馬達-左前-中古
8E1 959 802	電窗馬達-右前
8E1 959 802G  XX	電窗馬達-右前-中古
8E1 998 001 *	雨刷片組-左+右
8E1 998 001 -	雨刷片組-左+右
8E5 827 023B	後箱蓋
8E5 827 301B	後箱蓋支架-左
8E5 827 302B	後箱蓋支架-右
8E5 827 505A	六角鎖-後箱
8E5 839 629	門窗骨架-左後
8E5 853 701  GUR	車頂飾條-左
8E5 863 471  4PX	後箱內飾板鎖扣
8E5 945 095 *ZZ	尾燈-左外-瑕疵
8E5 945 097C -	第三煞車燈
8E5 962 115	中控馬達-後箱
8E9 827 552H	撐桿-後廂蓋
8E9 945 094A  ZZ	尾燈-右內-瑕疵
8E9 955 711C	雨刷馬達-後
8E9 955 711E	雨刷馬達-後
8EC 071 685  9AX	側裙
8ED 407 505	三角架-上左前
8ED 407 506	三角架-上右前
8ED 407 509	三角架-上左後
8ED 407 510	三角架-上右後
8F0 413 029	避震器-前-左
8F0 513 025	避震器-後-左
8F0 513 026	避震器-後-右
8G0 805 591B -	水箱架
8G1 422 065 *	動力方向機
8H1 955 426	雨刷片-軟式
8J0 201 550	油箱蓋
8J0 201 550G	油箱蓋
8J0 201 797C	活性碳罐
8J0 412 303E	避震器橡皮-前
8J0 413 031H	避震器-前
8J0 423 810	惰桿
8J0 423 810 *	惰桿
8J0 498 203	防塵套修包-外半軸
8J0 598 625	前輪軸承-代哈扶
8J0 598 625 -	前輪軸承-代哈扶
8J0 615 301 -	煞車盤-前
8J0 698 151A	來令片組-前
8J0 698 151C	來令片組-前
8J0 805 594E	水箱架
8J0 807 081A	前柵邊蓋-左
8J0 807 082A	前柵邊蓋-右
8J0 823 509A	引擎蓋六角鎖-下
8J0 831 401	車門後鈕-左-上
8J0 837 461C	升降機-電動左前
8J0 837 461D	升降機-電動左前
8J0 837 462C	升降機-電動右前
8J0 837 462D	升降機-電動右前
8J0 857 501  GRU	後視鏡總成-左
8J0 857 536E ZZ	後視鏡片-右除霧-瑕疵
8J0 941 029AC	大燈總成-左-氙氣
8J0 941 029D *	大燈總成-左-氙氣
8J0 941 029Q	大燈總成-左-氙氣
8J0 941 030AM-	大燈總成-右-氙氣
8J0 941 030Q	大燈總成-右-氙氣
8J0 945 095C	尾燈-左
8J0 945 095G	尾燈-左
8J0 945 096C	尾燈-左
8J0 945 096G	尾燈-右
8J0 945 257	燈泡座-左尾燈
8J0 945 258	燈泡座-右尾燈
8J1 611 021D /	煞車總泵
8J1 823 531B	引擎蓋拉線
8J1 837 015C	六角鎖-左
8J1 837 016C	六角鎖-右
8J8 827 552	撐桿-後箱
8K0 121 081AB	水管-水箱>副筒
8K0 121 081AN	水管-水管接頭>副筒
8K0 121 081Q	水管-水管接頭>副筒
8K0 121 251AA	水箱
8K0 121 251AA /	水箱
8K0 121 251AB	水箱
8K0 121 251AD	水箱
8K0 121 251AK	水箱
8K0 121 251K	水箱
8K0 121 251T	水箱
8K0 121 251T /	水箱
8K0 121 275A	水箱固定橡皮-上
8K0 121 403D	副水筒
8K0 121 403Q	副水筒
8K0 121 403T	副水筒
8K0 121 405F	副水筒
8K0 121 405M	副水筒
8K0 121 405N	副水筒
8K0 121 405P	副水筒
8K0 121 405Q	副水筒
8K0 127 400A	燃油濾清器總成-柴油
8K0 133 837AC	空氣芯總成
8K0 133 843E	空氣芯
8K0 133 843E *	空氣芯
8K0 133 843E /	空氣芯
8K0 145 154F	方向機泵
8K0 145 156E	方向機泵
8K0 145 804E	渦輪增壓散熱器
8K0 145 805G	渦輪增壓散熱器
8K0 145 805G /	渦輪增壓散熱器
8K0 198 381A	引擎腳組-左+右
8K0 198 381B	引擎腳組-左+右
8K0 198 381BB	引擎腳組-左+右
8K0 198 381BJ	引擎腳組-左+右
8K0 198 381C	引擎腳組-左+右
8K0 199 307BN	引擎腳支架-左
8K0 199 308AL	引擎腳支架-右
8K0 199 381NK *	引擎腳-右
8K0 199 381NL *	引擎腳-左
8K0 199 381PD *	引擎腳-右
8K0 201 550A	油箱蓋
8K0 201 550B	油箱蓋-柴油
8K0 201 799G	活性碳罐
8K0 253 115C	排氣管墊片
8K0 253 115H	排氣管墊片
8K0 253 115J	排氣管墊片
8K0 253 144D	吊耳-尾段消音器
8K0 260 113C	排水管-蒸發器
8K0 260 403AB	冷排
8K0 260 403AB /	冷排
8K0 260 403AF !	冷排
8K0 260 403AF #	冷排
8K0 260 403M	冷排
8K0 298 403	乾燥筒
8K0 399 151AQ	變速箱腳
8K0 399 151BC	變速箱腳
8K0 407 151B	三角架-下前左
8K0 407 151C	三角架-下前左
8K0 407 151F ~	三角架-下前左
8K0 407 152B	三角架-下前右
8K0 407 182A	三角架鐵套
8K0 407 183D	三角架鐵套
8K0 407 183D ZZ *	三角架鐵套
8K0 407 183F	三角架鐵套
8K0 407 253E	羊角-左前輪
8K0 407 505A *	三角架-上前左
8K0 407 505B	三角架-上前左
8K0 407 505M	三角架-上前左
8K0 407 506A	三角架-上前右
8K0 407 506A *	三角架-上前右
8K0 407 506B	三角架-上前右
8K0 407 506M	三角架-上前右
8K0 407 509A	三角架-上後左
8K0 407 509B	三角架-上後左
8K0 407 509M	三角架-上後左
8K0 407 510A	三角架-上後右
8K0 407 510A *	三角架-上後右
8K0 407 510B	三角架-上後右
8K0 407 625A *	輪軸承
8K0 407 689E	和尚頭-三角架-前/左/右
8K0 407 693F	三角架-下後左
8K0 407 693Q	三角架-下後左
8K0 407 693S	三角架-下後左
8K0 407 693T -	三角架-下後左
8K0 407 693T /	三角架-下後左
8K0 407 694AF ~	三角架-下後右
8K0 407 694Q	三角架-下後右
8K0 407 694S	三角架-下後\右
8K0 407 694S ~	三角架-下後右
8K0 407 694T /	三角架-下後右
8K0 411 317D	平衡桿接頭-左/右
8K0 411 317E	平衡桿接頭-左/右
8K0 412 391F	避震器/上支臂固定座-左
8K0 412 392F	避震器/上支臂固定座-右
8K0 413 031AN	避震器-前
8K0 413 037K	避震器支架-前左
8K0 422 818A	和尚頭-惰桿-右
8K0 498 201C	防塵套修包-內半軸
8K0 498 203	防塵套修包-外半軸
8K0 498 203B -	防塵套修包-外半軸
8K0 501 611 *	車輪軸承組-後
8K0 505 323F	三角架-後上-左
8K0 505 324F	三角架-後上-右
8K0 513 353E +	後避上座
8K0 598 611	車輪軸承組-後
8K0 598 625	後輪軸承組
8K0 611 021B -	煞車總泵
8K0 615 301	煞車盤-前
8K0 615 301 !	煞車盤-前
8K0 615 301A !	煞車盤-前
8K0 615 601B	煞車盤-後
8K0 615 601C	煞車盤-後
8K0 615 601C -	煞車盤-後
8K0 615 601J	煞車盤-後
8K0 698 151A	來令片組-前
8K0 698 151B	來令片組-前
8K0 698 151C	來令片組-前
8K0 698 151D	來令片組-前
8K0 698 151E	來令片組-前
8K0 698 151F	來令片組-前
8K0 698 151H	來令片組-前
8K0 698 151L	來令片組-前
8K0 698 451	來令片組-後
8K0 698 451 -	來令片組-後
8K0 698 451A	來令片組-後
8K0 698 451A +	來令片組-後
8K0 698 451A -	來令片組-後
8K0 698 451C	來令片組-後
8K0 698 451D	來令片組-後
8K0 698 451F	來令片組-後
8K0 698 601B !	煞車盤組-後-*2
8K0 805 121 -	引擎下護板扣子
8K0 805 594G	水箱架
8K0 805 594J	水箱架
8K0 805 607	下橫樑固定板-左
8K0 805 607A	下橫樑固定板-左
8K0 805 608	下橫樑固定板-右
8K0 805 608A	下橫樑固定板-右
8K0 807 113B	保桿-前內鐵
8K0 807 113D	保桿-前內鐵
8K0 807 133B	保桿支架-左前
8K0 807 133C	保桿支架-左前
8K0 807 134B	保桿支架-右前
8K0 807 134C	保桿支架-右前
8K0 807 283E	保桿側固定座-左前
8K0 807 284E	保桿側固定座-右前
8K0 807 331	保桿支架-左後
8K0 807 332	保桿支架-右後
8K0 807 521  01C XX	後下擾流板-中古
8K0 807 521  01C ZZ	後下擾流板-瑕疵
8K0 810 172B	內龜擋泥板-右後
8K0 819 161B	通風口-後葉子板下
8K0 819 439 #	空調濾芯
8K0 819 439 -	空調濾芯
8K0 819 439A	空調濾芯-活性碳
8K0 819 439A #	空調濾芯-活性碳
8K0 819 439B -	空調濾芯-活性碳
8K0 819 439B /	空調濾芯-活性碳
8K0 820 511	冷氣控制馬達
8K0 820 679A	膨脹閥
8K0 821 111	前葉後擋泥板-左前
8K0 821 112	前葉後擋泥板-右前
8K0 821 135B	葉子板固定支架-左前
8K0 821 135C	葉子板固定支架-左前
8K0 821 136A	葉子板固定支架-右前
8K0 821 136B	葉子板固定支架-右前
8K0 821 171B	內龜擋泥板-左前
8K0 821 171G	內龜擋泥板-左前
8K0 821 171L	內龜擋泥板-左前
8K0 821 171N	內龜擋泥板-左前
8K0 821 172	擋泥板-右前內龜
8K0 821 172B	內龜擋泥板-右前
8K0 821 172G	內龜擋泥板-右前
8K0 821 172L	內龜擋泥板-右前
8K0 821 172N	內龜擋泥板-右前
8K0 821 467A	葉子板固定支架-左前
8K0 821 468A	葉子板固定支架-右前
8K0 821 469B	葉子板固定支架-左前
8K0 821 470B	葉子板固定支架-右前
8K0 823 029B	引擎蓋
8K0 823 029C	引擎蓋
8K0 823 029C ZZ	引擎蓋-瑕疵
8K0 823 301C	引擎蓋後鈕-左
8K0 823 302B	引擎蓋後鈕-右
8K0 823 509	引擎蓋六角鎖-下
8K0 823 509D	引擎蓋六角鎖
8K0 823 509F	引擎蓋六角鎖-下
8K0 825 201A	底盤護板-左
8K0 831 051D	車門總成-左前
8K0 831 052D	車門總成-右前
8K0 831 401G	車門後鈕-前/後-左-上/下
8K0 831 401P	車門後鈕-前/後-左-上/下
8K0 831 402G	車門後鈕-前/後-右-上/下
8K0 831 402P	車門後鈕-前/後-右-上/下
8K0 837 249B	車門止擋器-前-L/R
8K0 837 439F	門框橡皮-左前
8K0 837 901H  5FQ	車門框飾板-左前-B柱
8K0 837 912N	防水橡皮-右前門
8K0 839 015 ~	六角鎖-左後門
8K0 839 015C	六角鎖-左後門
8K0 839 016 ~	六角鎖-右後門
8K0 839 016C	六角鎖-右後門
8K0 853 763F  2ZZ	外水切飾條-左後-鉻
8K0 853 763H  2ZZ  ZZ	外水切飾條-左後-鉻-瑕疵
8K0 853 764D  2ZZ	外水切飾條-右後-鉻
8K0 854 932A  GRU XX	戶定飾條-右-中古
8K0 857 535F ~	後視鏡片-左除霧廣角
8K0 857 536F ~	後視鏡片-右除霧廣角
8K0 862 153E	中控馬達-油箱蓋
8K0 862 153H	中控馬達-油箱蓋
8K0 863 821AD	引擎下護板
8K0 906 093D	汽油泵控制盒
8K0 906 262C	含氧感知器-前
8K0 906 262C *	含氧感知器-前
8K0 915 181B	電瓶控制盒
8K0 919 051AJ	汽油泵/浮筒
8K0 919 087A	汽油泵
8K0 919 087A *	汽油泵
8K0 927 753B	外把手感應器
8K0 941 029AJ *	大燈總成-左-氙氣
8K0 941 029C	大燈總成-左-氙氣
8K0 941 029P	大燈總成-左-氙氣
8K0 941 030AJ *	大燈總成-右-氙氣
8K0 941 030C	大燈總成-右-氙氣
8K0 941 030P	大燈總成-右-氙氣
8K0 941 285K	車身水平感知器-前
8K0 941 597	放電器
8K0 941 597C	放電器
8K0 941 699	霧燈-左
8K0 941 699B	霧燈-左
8K0 941 699C	霧燈-左
8K0 941 700	霧燈-右
8K0 941 700B	霧燈-右
8K0 941 700C	霧燈-右
8K0 949 101	方向燈-後視鏡-左
8K0 949 101A	方向燈-後視鏡-左
8K0 949 101C	方向燈-後視鏡-左
8K0 949 102	方向燈-後視鏡-右
8K0 949 102C	方向燈-後視鏡-右
8K0 951 253	繼電器-
8K0 953 236	微動開關-引擎蓋六角鎖
8K0 953 568G	方向盤回正感知器
8K0 955 101A	大燈噴水器-左
8K0 955 101D ~	大燈噴水器-左
8K0 955 102A	大燈噴水器-右
8K0 955 275C  GRU	大燈噴水器外蓋-L
8K0 955 276C  GRU	大燈噴水器外蓋-R
8K0 959 126B	冷氣壓力開關
8K0 959 455AB *	風扇馬達-左
8K0 959 455F	風扇馬達-右
8K0 959 455G	風扇馬達-左
8K0 959 455K	風扇馬達-左
8K0 959 455K #	風扇馬達-左
8K0 959 455K -	風扇馬達-左
8K0 959 455L	風扇馬達-左
8K0 959 455M	風扇馬達-右
8K0 959 455M #	風扇馬達-右
8K0 959 455M -	風扇馬達-右
8K0 959 455M /	風扇馬達-右
8K0 959 455N	風扇馬達-右
8K0 959 455P	風扇馬達-左
8K0 959 455Q	風扇馬達-右
8K0 959 455S *	風扇馬達-右
8K0 959 501C	風扇控制盒
8K0 959 501G	風扇控制盒
8K0 959 501G *	風扇控制盒
8K0 959 565C WEP ~	後視鏡調整開關
8K0 959 851   V10	電窗開關-左前
8K0 965 569	輔助水泵
8K0 998 281 ~	煞車分泵馬達-後-L/R
8K1 422 891L	方向機油管-方機>油壺
8K1 422 891N	方向機油管
8K1 423 055AJ	動力方向機-電動
8K1 719 139A  TAH	排擋頭/防塵皮套-黑
8K1 927 225C  WEP	手煞車開關-電子式駐車
8K1 927 225D  WEF	手煞車開關-電子式駐車
8K1 955 023A	雨刷馬達總成-含支架
8K1 955 023C	雨刷馬達總成-含支架
8K1 955 407   1P9	雨刷臂-左
8K1 955 425	雨刷片-左-軟式
8K1 955 426	雨刷片-右-軟式
8K1 998 002 *	雨刷片組-軟式  119-297
8K5 827 023L	後箱蓋
8K5 827 705A	防水橡皮-後箱
8K5 839 911H	防水橡皮-後門-左/右
8K5 945 093B	尾燈-左內-LED
8K5 945 094B	尾燈-右內-LED
8K5 945 095B	尾燈-左外-LED
8K5 945 096B	尾燈-右外-LED
8K5 945 096D XX	尾燈-右外-中古
8K5 971 821A  01C	護套
8K9 827 505A	六角鎖-後
8KD 819 441	空調濾芯-外
8L0 122 101D	水管-上
8L0 615 301	煞車盤-前
8L0 615 301 !	煞車盤-前
8L0 615 301 -	煞車盤-前
8L0 615 601 -	煞車盤-後
8L0 805 594A Z	水箱架
8L0 807 111AN X	保桿-前
8L0 807 111ANGRU	保桿-前
8L0 807 111B GRU	保桿-前
8L0 807 437B  GRU #	保桿-後
8L0 807 437B GRU	保桿-後
8L0 807 437D -	保桿-後
8L0 807 489F 3FZ	通風網-左
8L0 807 490F 3FZ	通風網-右
8L0 807 521B *	後下擾流板
8L0 807 521B 3FZ	後下擾流板
8L0 821 171B	擋泥板-左前內龜
8L0 823 029A	引擎蓋
8L0 823 029B +	引擎蓋
8L0 823 359 #	撐桿-引擎蓋
8L0 823 359 *	撐桿-引擎蓋
8L0 823 359 /	撐桿-引擎蓋
8L0 823 480	引擎蓋六角鎖
8L0 823 509C	引擎蓋六角鎖
8L0 827 505G	六角鎖-後箱
8L0 827 505M	六角鎖-後箱
8L0 919 051H -	汽油泵/浮筒
8L0 920 900HX >	儀錶總成-舊品繳回件
8L0 941 003AK * ZZ	大燈總成-左-氙氣-暇疵
8L0 941 003K	大燈總成-左
8L0 941 003K *	大燈總成-左
8L0 941 004K	大燈總成-右
8L0 941 004K *	大燈總成-右
8L0 941 509G 01C	故障燈開關
8L0 941 509J 01C	故障燈開關
8L0 941 509L	故障燈開關
8L0 945 111 -	尾燈-左
8L0 945 112 -	尾燈-右
8L0 953 513  01C	方向燈開關
8L0 953 513J 01C ~	方向燈開關-定速
8L1 837 015	六角鎖-左前門
8L1 837 016	六角鎖-右前門
8L1 837 016B	六角鎖-右前門
8L1 941 531D	大燈開關
8L1 941 531F	大燈開關
8L3 853 959  01C	車門下飾條-左
8L3 853 960  01C	車門下飾條-右
8L3 853 984  GRU	後葉飾條-右
8L4 853 963C GRU	車門飾條-左後
8L4 853 964C GRU	車門飾條-右後
8L9 145 790A	通氣管-左
8L9 145 806G	渦輪增壓散熱器-右
8N0 121 051B	水管-下
8N0 145 154A *	方向機泵
8N0 145 803C	渦輪增壓散熱器
8N0 199 555C -	引擎腳-左
8N0 201 550E	油箱蓋
8N0 407 181B -	三角架鐵套
8N0 407 365B /	和尚頭-三角架 L/R
8N0 407 613B	哈扶-前
8N0 411 303H	平衡桿
8N0 422 803C /	惰桿總成-左
8N0 422 811A /	和尚頭-惰桿左
8N0 422 812A /	和尚頭-惰桿右
8N0 611 707A -	煞車軟管-前
8N0 615 423	煞車分泵-後左
8N0 615 424	煞車分泵-後右
8N0 698 151	來令片組-前
8N0 698 151A	來令片組-前
8N0 698 151A *	來令片組-前
8N0 698 151A -	來令片組-前
8N0 698 301A !	煞車盤組-前-*2
8N0 698 601B !	煞車盤組-後*-2
8N0 805 594A	水箱架
8N0 823 359 *	撐桿-引擎蓋
8N0 823 359 -	撐桿-引擎蓋
8N0 825 235F	引擎下護板
8N0 853 651A 3FZ	前柵
8N0 853 743B 2ZZ	TT 標誌-後箱
8N0 941 003AG	大燈總成-左
8N0 941 003AK	大燈總成-左-氙氣
8N0 941 003AK *	大燈總成-左-氙氣
8N0 941 003P	8N0 941 003P
8N0 941 003R *	大燈總成-左-氙氣
8N0 941 004AG	大燈總成-右
8N0 941 004AK *	大燈總成-右-氙氣
8N0 941 004P	右大燈
8N0 941 004R *	大燈總成-右-氙氣
8N0 941 509A	故障燈開關
8N0 945 096 -	尾燈-右
8N0 949 127	側燈
8N1 422 061D X	動力方向機
8N1 422 061DX	動力方向機
8N1 819 415B 01C	拖比蓋板
8N1 919 880EX >	儀錶板總成舊品回收
8N8 827 550B -	撐桿-後箱
8N8 827 552 /	撐桿-後箱
8N8 959 801B	電窗馬達-左
8N8 959 802B	電窗馬達-右
8P0 133 781A	通氣管-電磁閥
8P0 201 550B	油箱蓋-柴油
8P0 698 459	修理包-煞車燈
8P0 807 105D	保桿-前
8P0 810 171D	擋泥板-左後內龜
8P0 810 172F	擋泥板-右後內龜
8P0 821 105C	葉子板-左前
8P0 821 105D	葉子板-左前
8P0 821 105E	葉子板-左前
8P0 821 106C	葉子板-右前
8P0 821 106D	葉子板-右前
8P0 821 106E	葉子板-右前
8P0 821 135	葉子板固定支架-左前
8P0 821 135A	葉子板固定支架-左前
8P0 821 136	葉子板固定支架-右前
8P0 821 171C	擋泥板-左前內龜
8P0 821 171E	擋泥板-左前內龜
8P0 821 172C	擋泥板-右前內龜
8P0 821 172E	擋泥板-右前內龜
8P0 823 359	撐桿-引擎蓋
8P0 823 359 *	撐桿-引擎蓋
8P0 823 359B	撐桿-引擎蓋
8P0 823 433	引擎蓋緩衝橡皮-前
8P0 823 480A	引擎蓋六角鎖-上
8P0 853 651K  1QP	前柵
8P0 853 651L  1RR	前柵
8P0 853 651P 1QP ZZ	前柵-暇疵
8P0 853 887A	前葉前端膠板-左
8P0 853 888A	前葉前端膠板-右
8P0 864 245B  8E1	中央扶手蓋-黑
8P0 864 245E  73G	中央扶手蓋-黑
8P0 867 276	按扣
8P0 885 995A  6PS	置杯架-後
8P0 907 279F	電路係統控制器
8P0 907 357F	車身水平控制電腦
8P0 941 029AM	大燈總成-左-氙氣
8P0 941 029BE	大燈總成-左-氙氣
8P0 941 029BM	大燈總成-左-氙氣
8P0 941 029M  *	大燈總成-左-氙氣
8P0 941 030AM	大燈總成-右-氙氣
8P0 941 030BE	大燈總成-右-氙氣
8P0 941 030BM	大燈總成-右-氙氣
8P0 953 513B  9B9	方向燈開關-定速
8P0 959 801F	電窗馬達-左
8P0 959 802J	電窗馬達-右
8P0 998 002A *	雨刷片組-軟式  119-363
8P1 819 415C  01C	拖比蓋板
8P1 858 531EC	後視鏡座-左電動
8P1 858 532EC	後視鏡座-右電動
8P1 955 119B	雨刷馬達
8P1 998 002 -	雨刷片組-軟式  936S
8P3 807 393	保桿側固定座-後左
8P3 837 461A	升降機-電動-左
8P3 837 461B	升降機-電動-左
8P3 837 462A	升降機-電動-右
8P4 807 309	保桿-後內鐵
8P4 807 377A	保桿側固定座-左後
8P4 807 378A	保桿側固定座-右後
8P4 807 393	保桿側固定座-後左
8P4 807 394	保桿側固定座-後右
8P4 807 501	水箱通風網上支架
8P4 807 501A	水箱通風網上支架
8P4 823 029	引擎蓋
8P4 827 023	後箱蓋
8P4 827 505C	六角鎖-後箱
8P4 827 552B	撐桿-後箱蓋
8P4 827 705A	防水橡皮-後箱
8P4 827 933A  GRU	後擾流板
8P4 831 051	車門總成-左前
8P4 831 052	車門總成-右前
8P4 833 051	車門總成-左後
8P4 833 052	門總成-右後
8P4 837 461A	升降機-電動-左前
8P4 837 461B	升降機-電動-左前
8P4 837 477	外水切-左前
8P4 837 478	外水切-右前
8P4 839 461A	升降機-電動-左後
8P4 839 462A	升降機-電動-右後
8P4 839 477	外水切-左後
8P4 839 478	外水切-右後
8P4 839 478A ZZ	外水切-右後-受損
8P4 853 651   1QP	前柵-含外框/標誌
8P4 853 959B  GRU	車門下飾條-左前
8P4 853 959E  GRU ZZ	車門下飾條-左前-受損
8P4 853 960B  GRU	車門下飾條-右前
8P4 853 963A  GRU	車門飾條-左後
8P4 853 964A  GRU	車門飾條-右後
8P4 853 970B   GRU	車門下飾條-右後
8P4 945 095	尾燈-左外
8P4 945 095C	尾燈-左外
8P4 945 096	尾燈-右外
8P4 945 096C	尾燈-右外
8P4 945 097	第三煞車燈
8P4 959 801B	電窗馬達-左後
8P4 959 802B	電窗馬達-右後
8R0 127 400	燃油濾清器-柴油
8R0 131 969E	尿素泵浦
8R0 131 969F	尿素泵浦
8R0 131 984G	尿素導管
8R0 133 843C	空氣芯
8R0 198 381B	引擎腳組-左+右
8R0 198 381C	引擎腳組-左+右
8R0 198 381F	引擎腳組-左+右
8R0 198 381H	引擎腳組-左+右
8R0 198 381L	引擎腳組-左+右
8R0 198 381M	引擎腳組-左+右
8R0 198 381P	引擎腳組-左+右
8R0 198 381S	引擎腳組-左+右
8R0 199 381AJ	引擎腳-右
8R0 199 381AK -	引擎腳-右
8R0 199 381E	引擎腳-左
8R0 498 203	防塵套修包-外半軸
8R0 505 312B	三角架-後下-右
8R0 615 121A	來令片感應線-前
8R0 615 301	煞車盤-前
8R0 615 301 !	煞車盤-前
8R0 698 151A	來令片組-前
8R0 698 151AA	來令片組-前
8R0 698 151AA !	來令片組-前
8R0 698 151AB	來令片組-前
8R0 698 151E	來令片組-前
8R0 698 151F	來令片組-前
8R0 698 151H -	來令片組-前
8R0 698 151K	來令片組-前
8R0 698 151K +	來令片組-前
8R0 698 151T	來令片組-前
8R0 698 301 !	煞車盤組-前-*2
8R0 805 527	水箱架支架-左
8R0 805 528	水箱架支架-右
8R0 805 594	水箱架
8R0 805 594C	水箱架
8R0 805 607	下橫樑固定板-左
8R0 805 607A	下橫樑固定板-左
8R0 805 608	下橫樑固定板-右
8R0 805 608A	下橫樑固定板-右
8R0 807 110CS  GRU XX	保桿-前-中古總成-烤漆黑
8R0 807 133	保桿支架-左前
8R0 807 217	保桿上蓋板-前
8R0 807 285M  T94 ZZ	牌照板-前-瑕疵
8R0 807 303A  GRU	保桿-後
8R0 807 313A	保桿-後內鐵
8R0 807 449   GRU XX	拖車鉤蓋-後左-中古-烤漆
8R0 807 682J  BJI XX	通風網-右-中古
8R0 810 171D	擋泥板-左後內龜
8R0 821 105	葉子板-左前
8R0 821 105A ZZ	葉子板-左前-瑕疵
8R0 821 106	葉子板-右前
8R0 821 171E	內龜擋泥板-左前
8R0 821 172E	內龜擋泥板-右前
8R0 823 480	引擎蓋六角鎖-上
8R0 827 505	六角鎖-後
8R0 831 051B	車門總成-左前
8R0 831 052B	車門總成-右前
8R0 837 249E	車門止擋器-前-L/R
8R0 839 911G	防水橡皮-後門-左/右
8R0 853 651N  1QP  ZZ	前柵-瑕疵
8R0 853 887A	前葉前端膠板-左
8R0 857 755G  01C	安全帶扣-前-左/右
8R0 906 262E	含氧感知器-前
8R0 919 051G	汽油泵/浮筒
8R0 919 679C ~	燃油芯/含上蓋-汽油
8R0 941 030D	大燈總成-右-氙氣
8R0 941 285D	車身水平感知器-前-左
8R0 941 753	大燈總成-左-氙氣
8R0 941 754	大燈總成-右-氙氣
8R0 945 095 - ZZ	尾燈-左下-LLG632-瑕疵
8R0 945 097	第三煞車燈
8R0 955 101 ~	大燈噴水器-左
8R0 955 453B	雨刷噴水筒
8R0 955 711C *	雨刷馬達-後
8R0 998 029	大燈總成-左-氙氣
8R0 998 030	大燈總成-右-氙氣
8R0 998 030F	大燈總成-右-氙氣
8R0 998 030H	大燈總成-右-氙氣
8S0 407 151B	三角架-左/右
8S0 807 067A  GRU XX	保桿-後-中古
8S0 807 184A	保桿側固定座-左前
8S0 823 029A	引擎蓋
8S0 862 153	中控分泵-油箱蓋
8S0 941 043C	大燈總成-左-氙氣
8S0 941 044C	大燈總成-右-氙氣
8S0 945 095A	尾燈-左
8S0 945 096A	尾燈-右
8S8 825 236L	引擎下護板
8T0 127 401A *	燃油芯-柴油
8T0 260 403	冷排
8T0 260 805N	壓縮機總成
8T0 498 203	乾燥筒
8T0 698 151B	來令片組-前
8T0 805 607B	水箱架下支架-左
8T0 805 608B	水箱架下支架-右
8T0 807 241C  GRU  ZZ	拖車鉤蓋-前-瑕疵
8T0 807 283A	保桿側固定座-左前
8T0 807 283D	保桿側固定座-左前
8T0 807 284A	保桿側固定座-右前
8T0 807 284D	保桿側固定座-右前
8T0 807 550E	前保桿保麗龍
8T0 807 681H  01C XX	通風網-左-中古
8T0 820 679A /	膨脹閥
8T0 821 105A	葉子板-左前
8T0 821 106A	葉子板-右前
8T0 821 135C	葉子板固定支架-左前
8T0 821 135D	葉子板固定支架-左前
8T0 821 136A	葉子板固定支架-右前
8T0 821 136D	葉子板固定支架-右前
8T0 821 171H	擋泥板-左前內龜
8T0 821 171L	內龜擋泥板-左前
8T0 821 172H	內龜擋泥板-右前
8T0 823 029C	引擎蓋
8T0 823 301D	引擎蓋後鈕-左
8T0 823 302D	引擎蓋後鈕-右
8T0 823 359 ~	撐桿-引擎蓋
8T0 837 886A	內把手座-前/後-右
8T0 837 911C	防水橡皮-左前門
8T0 837 912D	防水橡皮-右前門
8T0 853 605	四環標誌-前
8T0 853 651B  1QP	前柵
8T0 853 651C  1RR	前柵
8T0 857 535E	後視鏡片-左-除霧
8T0 857 536D	後視鏡片-右-除霧
8T0 857 536G	後視鏡片-右除霧/防眩
8T0 881 325B  4PK	座椅邊蓋
8T0 907 637	來令片感應線-前
8T0 941 044	大燈總成-右-氙氣
8T0 941 453B	大燈底板-左
8T0 941 454B	大燈底板-右
8T0 941 454D ~	大燈底板-右
8T0 941 699	霧燈-左
8T0 941 699A	霧燈-左
8T0 941 700	霧燈-右
8T0 941 700A	霧燈-右
8T0 943 021	牌照燈
8T0 945 095B	尾燈-左外-LED
8T0 945 096B	尾燈-右外-LED
8T0 945 097	第三煞車燈
8T0 953 236	微動開關-引擎蓋六角鎖
8T0 955 453A	雨刷噴水筒
8T1 823 531	引擎蓋拉線-前段
8T1 823 531B	引擎蓋拉線-前段
8T1 823 533   4PK	引擎蓋拉柄-黑
8T1 823 533B  4PK	引擎蓋拉柄-黑
8T8 807 303A  GRU ZZ	保桿-後-已烤漆
8T8 827 552	撐桿-後箱蓋
8T8 827 552A	撐桿-後箱蓋
8T8 833 051C	車門總成-左後
8T8 833 052C	車門總成-右後
8U0 145 803B	渦輪增壓散熱器
8U0 260 401B #	冷排
8U0 805 594	水箱架
8U0 805 594A	水箱架
8U0 807 061   4U8 XX	前下擾流板-中古
8U0 807 066   GRU XX	保桿-前-右-中古
8U0 807 081A	蓋板-前保桿
8U0 807 434A  4U8 XX	後下擾流板-中古
8U0 821 172C	內龜擋泥板-右前
8U0 823 029A	引擎蓋
8U0 823 480A	引擎蓋六角鎖-上
8U0 823 480B	引擎蓋六角鎖-上
8U0 823 509	引擎蓋六角鎖-下
8U0 827 025	後箱蓋
8U0 833 051	車門總成-左後
8U0 833 052	車門總成-右後
8U0 853 718   4U8 ZZ	輪弧-右前-瑕疵
8U0 857 562   1YE	遮陽板扣
8U0 857 562   4PK	遮陽板扣
8U0 857 562   J50	遮陽板扣
8U0 857 562   Z62	遮陽板扣
8U0 857 562A  1YE	遮陽板扣
8U0 857 562A  4PK	遮陽板扣
8U0 857 562A  EP5	遮陽板扣
8U0 857 562A  Z62	遮陽板扣
8U0 945 093A	尾燈-左上-LED
8U0 945 094A	尾燈-右上-LED
8U0 945 095 ZZ -	尾燈-左下-瑕疵
8U0 945 095B	尾燈-左下
8U0 945 096B	尾燈-右下
8U0 955 453L	雨刷噴水筒
8U0 955 711A	雨刷馬達-後
8V0 121 157	水管
8V0 121 407	副水筒
8V0 199 262B	引擎腳-右
8V0 498 625	前輪軸承-代哈扶
8V0 498 625A	前輪軸承-代哈扶
8V0 498 625B	前輪軸承-代哈扶
8V0 615 125A	煞車分泵架-前左
8V0 615 126A	煞車分泵架-前右
8V0 615 301C	煞車盤-前
8V0 615 423	煞車分泵-後左
8V0 615 424	煞車分泵-後右
8V0 698 151	來令片組-前
8V0 698 151B	來令片組-前
8V0 698 151B !	來令片組-前
8V0 698 151B -	來令片組-前
8V0 698 151C	來令片組-前
8V0 698 151C !	來令片組-前
8V0 698 151C +	來令片組-前
8V0 698 151C -	來令片組-前
8V0 698 151C - ZZ	來令片組-前-瑕疵
8V0 698 151D	來令片組-前
8V0 698 151F	來令片組-前
8V0 698 151G	來令片組-前
8V0 698 151K	來令片組-前
8V0 698 151N	來令片組-前
8V0 698 451	來令片組-後
8V0 698 451 +	來令片組-後
8V0 698 451A	來令片組-後
8V0 698 451B	來令片組-後
8V0 698 451B !	來令片組-後
8V0 698 451D	來令片組-後
8V0 698 451E	來令片組-後
8V0 698 451F	來令片組-後
8V0 821 091B	葉子板固定支架-左前下
8V0 821 092B	葉子板固定支架-右前下
8V0 821 105C	葉子板-左前
8V0 821 105G	葉子板-左前
8V0 821 106C	葉子板-右前
8V0 821 106G	葉子板-右前
8V0 821 106G ZZ	葉子板-右前-瑕疵
8V0 821 135C	葉子板固定支架-左前內
8V0 821 136C	葉子板固定支架-右前內
8V0 821 171	內龜擋泥板-左前
8V0 821 171B	內龜擋泥板-左前
8V0 821 172	內龜擋泥板-右前
8V0 821 172B	內龜擋泥板-右前
8V0 821 172D	內龜擋泥板-右前
8V0 823 185B	引擎蓋上鎖-左
8V0 823 509	引擎蓋六角鎖-下
8V0 857 535E ~	後視鏡片-左除霧
8V0 857 536D ~	後視鏡片-右
8V0 906 262 *	含氧感知器-前
8V0 906 262D	含氧感知器-前
8V0 919 087A	汽油泵
8V0 941 043	大燈總成-左-氙氣
8V0 941 043C	大燈總成-左-氙氣
8V0 941 044	大燈總成-右-氙氣
8V0 941 044C	大燈總成-右-氙氣
8V0 941 044L	大燈總成-右-氙氣
8V0 941 699B	霧燈-左
8V0 941 699C	霧燈-左
8V0 941 699D	霧燈-左
8V0 941 700B	霧燈-右
8V0 941 700C	霧燈-右
8V0 941 773	大燈總成-左-LED
8V0 941 773C	大燈總成-左-LED
8V0 949 101	方向燈-後視鏡-左
8V0 949 102	方向燈-後視鏡-右
8V0 955 101 ~	大燈噴水器-左
8V1 713 023AF	排檔桿機構-自排
8V1 857 409G  9B9	後視鏡座-左電動
8V1 857 410G  9B9	後視鏡座-右電動
8V3 807 329	保桿固定扣-後-左
8V4 827 025B	後箱蓋
8V4 831 051A	車門總成-左前
8V4 831 051B	車門總成-左前
8V4 831 052A	車門總成-右前
8V4 831 052B	車門總成-右前
8V4 833 051A	車門總成-左後
8V4 833 051B	車門總成-左後
8V4 833 052A	車門總成-右後
8V4 833 052B	車門總成-右後
8V4 945 091	尾燈-左外-LED
8V4 945 092	尾燈-右外-LED
8V4 945 094C	尾燈-右內-LED
8V4 945 095A	尾燈-左外-LED
8V4 945 096A	尾燈-右外-LED
8V5 809 906	油箱蓋
8V5 831 051B	車門總成-左前
8V5 831 052B	車門總成-右前
8V5 945 093A	尾燈-左內-LED
8V5 945 094A	尾燈-右內-LED
8W0 121 081DR	水管
8W0 121 405F	副水筒
8W0 133 843 /	空氣芯
8W0 133 843C /	空氣芯
8W0 145 805P	渦輪增壓散熱器
8W0 253 115J	排氣管墊片
8W0 399 156AN	變速箱腳
8W0 407 505C	三角架-上前左
8W0 407 505E -	三角架-上前左
8W0 407 506E -	三角架-上前右
8W0 407 509B	三角架-上後左
8W0 407 509E -	三角架-上後左
8W0 407 510B	三角架-上後右
8W0 407 510E -	三角架-上後右
8W0 412 377B	避震器上座
8W0 413 029H	避震器-前
8W0 512 149A	避震器彈簧橡皮-後上
8W0 615 301G	煞車盤-前
8W0 698 151AF	來令片組-前
8W0 698 151AF +	來令片組-前
8W0 698 151AF -	來令片組-前
8W0 698 451AF	來令片組-後
8W0 698 451G	來令片組-後
8W0 698 451J	來令片組-後
8W0 698 451N	來令片組-後
8W0 698 451P	來令片組-後
8W0 698 451R	來令片組-後
8W0 807 285AE 3FZ	牌照板-前
8W0 807 309	保桿-後內鐵
8W0 807 309B	保桿-後內鐵
8W0 807 771	前保固定支架
8W0 807 771  ZZ	前保固定支架-瑕疵
8W0 816 421J	冷排
8W0 820 679 /	膨脹閥
8W0 853 887A	前葉前端膠板-左
8W0 853 888A	前葉前端膠板-右
8W0 853 888E	前葉前端膠板-右
8W0 863 821B	引擎下護板-前
8W0 906 265N	含氧感知器-前
8W0 941 235	大燈燈泡-氙氣-D5S
8W0 949 101	方向燈-後視鏡-左
8W0 949 102	方向燈-後視鏡-右
8W0 959 455K	風扇馬達-左
8W1 723 173A	踏板橡皮-煞車
8W6 941 774D	大燈總成-右-LED
8W9 827 025B	後箱蓋
8W9 827 552C	撐桿-後箱蓋
8X0 807 377B	保桿側固定座-左後
8X0 807 378B	保桿側固定座-右後
8X0 807 611   XX	前保桿下蓋板-中古
8X0 809 906A	油箱蓋
8X0 809 961C	內龜擋泥板-左前
8X0 809 962C	內龜擋泥板-右前
8X0 821 105	葉子板-左前
8X0 821 106	葉子板-右前
8X0 821 135	葉子板固定支架-左前
8X0 821 136	葉子板固定支架-右前
8X0 823 029  ZZ	引擎蓋-暇疵
8X0 823 301	引擎蓋後鈕-左
8X0 823 302	引擎蓋後鈕-右
8X0 823 480A	引擎蓋六角鎖-上
8X0 823 509B	引擎蓋六角鎖-下
8X0 839 016	六角鎖-右後門
8X0 857 239A  9B9	後視鏡片飾框-左
8X0 857 527A  GRU	後視鏡外殼-左
8X0 857 527F  GRU ZZ	後視鏡外殼-左-已烤漆
8X0 857 528A  GRU	後視鏡外殼-右
8X0 880 201C  6PS	安全氣曩-左
8X0 898 191	乾燥筒
8X0 941 029J	大燈總成-左-氙氣
8X0 941 030J	大燈總成-右-氙氣
8X0 941 030M	大燈總成-右-氙氣
8X0 945 093	尾燈-左-LED
8X0 945 093B	尾燈-左內
8X0 945 094B	尾燈-右內
8X0 949 101	方向燈-後視鏡-左
8X0 949 102	方向燈-後視鏡-右
8X0 955 102C	大燈噴水器-右
8X1 837 016	六角鎖-右前門
8X1 837 016A	六角鎖-右前門
8X1 857 409G  9B9	後視鏡座-左電動
8X1 857 409L  9B9	後視鏡座-左電動
8X1 857 410G  9B9	後視鏡座-右電動
8X1 857 410K  9B9	後視鏡座-右電動
8X1 998 002A *	雨刷片組-軟式  119-260
8X3 827 023  ZZ	後箱蓋-烤過漆-白
8X3 831 051A	車門總成-左
8X3 837 439D	門框橡皮-左
8X4 831 051	車門總成-左前
8X4 831 052	車門總成-右前
8X4 833 051	車門總成-左後
8X4 833 052	車門總成-右後
8X4 837 461	升降機-電動-左前
8Z0 820 535 ~	室外溫度感知器
8Z0 820 535A	室外溫度感知器
8Z0 959 126	冷氣壓力開關
8Z0 959 851A  5PR	電窗開關-左前
8Z0 959 855A  5PR	電窗開關-右前
928 608 104 03 *	汽油泵
93 998 620	活塞組-加大20
930 107 764 01	機油芯
930 107 764 01 *	機油芯
944927-20	活塞組
946 375 057 22	引擎腳-左
946 375 057 40	引擎腳-左
946 375 058 22	引擎腳-右
946 375 058 40	引擎腳-右
946 602 104 03	發火線圈
948 102 118 20	惰輪-綜合皮帶
948 105 935 01 /	汽門蓋墊片-1-4
948 105 936 01 /	汽門蓋墊片-5-8
948 106 034 01	節溫器
948 107 175 00	機油冷卻器墊圈
948 107 222 00 /	機油芯
948 107 322 00	O型環-機油芯
948 602 104 06 *	發火線圈
94951620	活塞組-加大20
955 341 017 61 /	三角架-下-左
955 341 018 61 /	三角架-下-右
955 358 903 00	空氣泵控制盒
955 375 101 12	引擎腳上吊架
955 528 607 01	雨刷噴水筒蓋
958 101 153 01	油封-曲軸後
958 104 173 11 *	汽缸床-1.5mm
958 104 173 21 *	汽缸床-1.63mm
958 106 737 04	熱水閥
958 107 271 21	機油冷卻器
958 115 562 00	機油芯
958 117 021 00	機油冷卻器
958 121 081 00	水管
958 121 111 10	節溫器
958 351 939 30 +	來令片組-前
958 351 939 30 -	來令片組-前
958 612 365 50 /	來令片感應線-後
958 907 386 00	電位計
95B 121 130C	水管
95B 615 301F -	煞車盤-前左
95B 615 302F -	煞車盤-前右
95B 807 221A G2X ZZ	保桿-前-原漆-白
95B 807 221A G2X ZZ1	保桿-前-原漆-黑
95B 807 221AS ZZ	保桿總成-前-原漆-白
95B 854 932	貼紙-右後葉
95B 941 029CT	大燈總成-左
95B 945 095D	尾燈-左外
95B 945 096D	尾燈-右外
95B 945 725J	反光片/倒車燈-左
964 624 035 01 *	風扇馬達-冷氣
970 106 131 03 -	水箱
970 201 424 00	燃油芯/含上蓋-汽油-右
970 343 792 05 /	平衡桿固定橡皮-上
970 343 793 05 /	平衡桿固定橡皮-下
970 355 139 02	煞車軟管-前
970 609 143 00 ~	來令片感應線-前
991 341 053 02  *	三角架-下前-左/右
991 572 371 00 /	空氣芯
993 107 203 03 +	機油芯
993 110 327 00	空氣芯
993 110 327 01 *	空氣芯
996 106 011 54	水泵
996 106 037 51 *	水箱
996 107 225 52	機油芯
996 107 225 52 /	機油芯
996 110 131 04 -	空氣芯
996 110 253 01 *	燃油濾清器-汽油
996 115 015 75 /	惰輪-綜合皮帶
996 341 053 18  /	三角架-前下
996 602 104 00 -	發火線圈
996 613 113 02	煞車燈開關
996 628 901 08 *	雨刷片組-A694S
997 106 011 05	水泵
997 331 043 02 /	三角架-上前/後-L/R
997 343 069 01 *	平衡桿接頭-L
997 343 070 01 *	平衡桿接頭-R
997 343 370 04 *	平衡桿接頭-R
997 351 939 05 +	來令片組-前
997 351 948 01	來令片組-前
997 351 948 01 +	來令片組-前
997 351 948 02 +	來令片組-後
997 352 947 02 !	來令片組-後
997 352 948 00 /	來令片組-後
997 571 219 00	空調濾芯-活性碳
997 602 104 01 -	發火線圈
997 612 754 00 *	來令片感應線-後
99933620	活塞組-加大20
9A1 107 224 00 /	機油芯
9A2 107 225 00	機油芯
9EL 004 220-811	尾燈組-紅/黑
9EL 006 220-851	尾燈組-全黑
9EL 139 138-091	尾燈-全黑-右
9EL 148 179-021	尾燈-左-紅/黑
9EL 148 180-021	尾燈-右-紅/黑
9EL 156 099-801	側燈組-水滴型
9EL 963 561-801	尾燈組-黑色
APS 198 015J -	壓板總成-含片/軸承
B   000 600 A3	煞車油
B   000 700 A3	煞車油
B   000 750 M3 /	煞車油
B   000 750 M9	煞車油-60L
B36-2079	避震器-前-GAS-黃
B36-2080	避震器-後-GAS-黃
BNE-1930	避震器-後-GAS
BNE-1967	避震器-後-GAS
BNE-1968	避震器-後-GAS
BNE-1974	避震器-後-GAS
BNE-1994	避震器-後-GAS
BNE-1996	避震器-後-GAS
BNE-2007	避震器-後-GAS
BNE-2015	避震器-後-GAS
BNE-2019	避震器-前-GAS
BNE-2848	避震器-後-GAS
BNE-2851	避震器-前-GAS
BNE-2852	避震器-後-GAS
BNE-2865	避震器-後-GAS
BNE-2916	避震器-後-GAS
BNE-2917	避震器-後-GAS
BNE-2920	避震器-後-GAS
BNE-2921	避震器-後-GAS
BNE-2921-HE	避震器-後-GAS
BNE-2942	避震器-後-GAS
BNE-2944	避震器-後-GAS
BNE-6107	避震器-後-GAS
BNE-6780	避震器-後-GAS
BNE-A949	避震器-前-GAS
BNE-A951	避震器-前-GAS-SPORT
BNE-A957	避震器-後
BNE-B179	避震器-後-GAS
BNE-B993	避震器-前-GAS
BNE-C743	避震器-後-GAS
BNE-D996	避震器-後
BNE-E010-BG	避震器-後
BNE-E556	避震器-後
D   176 404 A2 -	矽膠-引擎油底殼
D   176 501 A1 -	矽膠-油底殼
DB163-421-0312	煞車盤-前
DH    009 100 3	玻璃膠
ENG OIL 002	機油-5W-40
G    052 512 A2	變速箱油-手排
G   000 603	高溫黃油-傳動軸
G   000 633	高溫黃油-傳動軸
G   001 700 03	汽油精
G   002 000	方向機油
G   002 000  .	方向機油-朔膠罐
G   002 000 -	方向機油
G   002 000 .	方向機油-.
G   004 000 M2 .	方向機油
G   012 A8D A1	水箱精-紅
G   012 A8F A1	水箱精-紫
G   012 A8G A3	水箱精-5.0L
G   012 A8G M1	水箱精-紫G
G   013 A8J M8	水箱精-60L
G   052 107 M2	機油-15W-40
G   052 145 A1	差速器油-自排
G   052 162 A2  .	變速箱油-朔膠罐
G   052 162 A2 .	變速箱油-.
G   052 164 A2	雨刷精
G   052 167 A2	機油
G   052 167 A2 -	機油
G   052 167 M2	機油
G   052 167 M6	機油-5W-40--60L
G   052 178 A2	變速箱油-手排
G   052 180 A2 .	變速箱油-CVT
G   052 180 A2 ZZ	變速箱油-SA  過期
G   052 182 A2 -	變速箱油-DSG
G   052 182 A6	變速箱油-DSG-20ltr
G   052 195 M2	機油-5W-30-Long Life
G   052 502 M2	機油-5W-40-汽油車
G   052 515 A2	加力箱油
G   052 726 A2	變速箱油-手排
G   055 107 M2	機油-10W-40
G   055 175 A1	HALDEX專用油-R32
G   060 164 A2	雨刷精
G   12E 100 M2	水箱精
G   JZW 107 M2	機油-10W-40
G   V52 195 M2	機油-5W-30-Long Life
G  012 A8F M1	水箱精-紫
G  013 774 M2	水箱精-已調和
G  055 015 A2	加力箱油
GAU 052 195 M2	機油-5W-30
GVW 052 195 M2	機油-0W-30
JZW 413 031A	避震器-前
JZW 615 301D	煞車盤-前
JZW 615 301E	煞車盤-前
JZW 698 151	來令片組-前
JZW 915 105	電瓶-61AH/330A-經濟型
JZW 915 105A	電瓶-72AH/380A-經濟型
JZW 915 105B	電瓶-80AH/380A-經濟型
LST 0P2 C5L	點漆
MOON CAKE	中秋月餅
N   011 907 4	水塞-鐵蓋
N   011 908 2	水塞鐵蓋-引擎
N   011 914 8	水塞-鐵蓋
N   013 830 2 /	墊片
N   013 848 6	墊片
N   013 849 4	墊片-油管
N   014 706 7	螺絲-方向泵
N   014 739 2	螺絲-曲軸皮帶盤
N   016 024 1	水塞-螺絲
N   020 353 5	真空管
N   021 071 7	螺絲-油孔
N   024 521 1	束環-流量板
N   028 206 1	O型環
N   029 701 2	放油螺絲-引擎
N   034 790 7	螺絲
N   101 064 02 XX	螺帽-中古
N   101 277 06	螺絲-三角架和尚頭
N   102 130 02 *	預熱塞
N   102 412 01	螺絲
N   102 861 02	螺帽
N   102 922 01	束子
N   103 036 03	螺絲-曲軸皮帶盤
N   103 320 01	螺帽
N   103 546 01	螺絲-內龜膠板
N   104 018 01 XX	螺帽-中古
N   105 661 01	大燈燈泡-氙氣-D1S
N   105 768 01	螺絲
N   105 798 03	預熱塞
N   105 916 02 -	預熱塞
N   105 916 02 /	預熱塞
N   107 218 01	大燈燈泡-氙氣-D3S
N   900 801 02	水管綑
N   902 184 02	螺帽
N   903 086 03	螺絲-曲軸皮帶盤
N   903 086 05	螺絲-曲軸皮帶盤
N   903 145 01	燈泡-鑰匙
N   903 445 01	O型環-機油管
N   903 487 01	螺絲-曲軸皮帶盤
N   903 554 04	螺絲-釋放軸承座
N   903 653 02	O型環
N   904 085 01	平穩桿螺帽-後
N   904 142 01	放油螺絲-變速箱
N   904 674 03	螺絲-油管
N   905 014 02	螺絲-飛輪
N   905 289 01	束子
N   905 712 01	螺絲-煞車盤
N   905 970 01	螺絲
N   906 268 01	螺絲-方向機
N   906 484 01	螺絲
N   906 650 01	螺絲-飛輪
N   906 660 01	O型環-變速箱油管
N   906 990 01	螺絲
N   907 088 02	彈簧螺母
N   907 349 01	螺絲
N   907 667 01	螺帽
N   907 764 01	鉚釘
N   907 764 02	鉚釘
N   907 872 01	鉚釘
N   907 965 02	固定鎖片-引擎護板
N   908 132 01	放油螺絲-引擎
N   908 132 02 +	放油螺絲-引擎
N   909 489 01	螺絲-前葉
N   910 001 01	O型環
N   910 238 02	螺絲
N   910 274 01	螺絲
N   912 395 01	螺絲
N  011 006 24	螺帽-M6
N  011 670 16	墊片
N  013 974 1	螺絲
N  023 004 7	螺帽
N  100 371 05	螺絲
N  102 019 01	真空管束子
N  102 090 09	螺絲
N  103 472 04	螺絲
N  103 546 01	螺絲   5*16Z2
N  105 444 01	扣子
N  901 076 04	墊片
N  902 218 03	螺絲
N  902 428 02	皮帶盤螺絲
N  906 132 01	油封
N  906 481 02	卯釘  M6*0.8-3
N  906 869 01	束子 23*12
N  907 040 06	螺絲
N  907 583 01	螺絲
N  908 476 01	螺絲  M10*25
N  909 694 01	O 型環
N  910 279 01	冷卻器墊圈
N  910 488 02	螺絲  M8*20
N  911 507 01	固定螺絲-變速箱
N  912 105 01	螺絲
NGP 211	蒸發器
NGP D-5A	四圓燈組
NGP DX2 101KM	倒車雷達組-2眼
PNE-3033	避震器芯-前-GAS
PNE-3039	避震器芯-前-GAS
PNE-3040	避震器芯-前-GAS
PNE-3044	避震器芯-前-GAS
PNE-3046	避震器芯-前-GAS
PNE-3116	避震器-前-GAS
V1170	避震器-後
V4505	避震器-前
VM302	雨刷片組-軟式-22"*2
VM310	雨刷片組-軟式-左+右
VNE-4114	避震器-前-GAS
VNE-4123	避震器-前-GAS
VNE-4476	避震器-前-GAS
VNE-4501	避震器-前-GAS
VNE-4502	避震器-前-GAS
VNE-4574	避震器-前-GAS
VNE-4576	避震器-前-GAS
VNE-4577	避震器-前-GAS
VNE-4577-BG	避震器-前-GAS
VNE-4679	避震器-前-GAS
VNE-A581	避震器-前
VNE-D160	避震器-前
VNE-D161	避震器-前-GAS
VNE-E001	避震器-前
VNE-E009	避震器-前
VNE-E555	避震器-前
VTE-4714	避震器-前
WHT 000 229A	螺絲-哈扶
WHT 000 310	量油管螺絲
WHT 000 323	放油螺絲-變速箱
WHT 000 417	O型環
WHT 000 729	螺絲
WHT 000 857B	ABS速度感知器-前/後-左
WHT 000 884 /	O型環-柴油噴油嘴
WHT 000 898	固定腳
WHT 001 506	螺絲
WHT 001 794	螺絲-後工字樑
WHT 003 856	ABS速度感知器-右-前/後
WHT 003 856 +	ABS速度感知器-右-前/後
WHT 003 856 -	ABS速度感知器-右-前/後
WHT 003 856 /	ABS速度感知器-右-前/後
WHT 003 856A	ABS速度感知器-前/後-右
WHT 003 856B	ABS速度感知器-前/後-右
WHT 003 857	ABS速度感知器-左-前/後
WHT 003 857 +	ABS速度感知器-左-前/後
WHT 003 857 -	ABS速度感知器-左-前/後
WHT 003 857 /	ABS速度感知器-左-前/後
WHT 003 857A	ABS速度感知器-前/後-左
WHT 003 857B	ABS速度感知器-前/後-左
WHT 003 858 #	ABS速度感知器-後右
WHT 003 858 +	ABS速度感知器-後右
WHT 003 858 -	ABS速度感知器-後右
WHT 003 858 ~	ABS速度感知器-後右
WHT 003 859 #	ABS速度感知器-後左
WHT 003 859 +	ABS速度感知器-後左
WHT 003 859 -	ABS速度感知器-後左
WHT 003 859 ~	ABS速度感知器-後左
WHT 003 860	ABS速度感知器-右前
WHT 003 861	ABS速度感知器-左前
WHT 003 861 *	ABS速度感知器-左前
WHT 003 861 /	ABS速度感知器-左前
WHT 003 862	ABS速度感知器-右後
WHT 003 862 #	ABS速度感知器-右後
WHT 003 862 -	ABS速度感知器-右後
WHT 003 863	ABS速度感知器-左後
WHT 003 863 !	ABS速度感知器-左後
WHT 003 863 *	ABS速度感知器-左後
WHT 003 864A	ABS速度感知器-後-左/右
WHT 005 305	汽缸蓋螺絲
WHT 005 363	O型環
WHT 005 437	螺絲
WHT 005 499	O型環-變速箱油芯
WHT 005 635	螺絲
WHT 005 651	ABS速度感知器-前-左
WHT 006 901	O型環
WHT 007 212	O型環
ZZ-B	調貨
ZZ-C	退貨折讓處理
ZZ-D	標達運費處理
ZZ-DG	瑕疵品
ZZ-E	標達退料手續費
ZZ-F	標達舊品出貨未繳回件
ZZ-X	舊品交換件押金
ZZ-XX	舊品交換件未繳回差價
ZZZ	進貨差額掛帳