id,tenant_id,role_code,view_code,can_read,can_create,can_update,can_delete,can_export,is_system,seed_type,created_at,created_by,updated_at,updated_by
NX01RVEW0000001,{{TENANT_ID}},SYSADMIN,SYS_DASHBOARD,TRUE,TRUE,TRUE,TRUE,TRUE,TRUE,ALL,NOW(),NX01USER0000001,NOW(),NX01USER0000001
NX01RVEW0000002,{{TENANT_ID}},PURCHASE,SYS_DASHBOARD,TRUE,FALSE,FALSE,FALSE,FALSE,TRUE,ALL,NOW(),NX01USER0000001,NOW(),NX01USER0000001
NX01RVEW0000003,{{TENANT_ID}},SALES,SYS_DASHBOARD,TRUE,FALSE,FALSE,FALSE,FALSE,TRUE,ALL,NOW(),NX01USER0000001,NOW(),NX01USER0000001
NX01RVEW0000004,{{TENANT_ID}},WAREHOUSE,SYS_DASHBOARD,TRUE,FALSE,FALSE,FALSE,FALSE,TRUE,ALL,NOW(),NX01USER0000001,NOW(),NX01USER0000001
NX01RVEW0000005,{{TENANT_ID}},FINANCE,SYS_DASHBOARD,TRUE,FALSE,FALSE,FALSE,FALSE,TRUE,ALL,NOW(),NX01USER0000001,NOW(),NX01USER0000001
NX01RVEW0000007,{{TENANT_ID}},HR,SYS_DASHBOARD,TRUE,FALSE,FALSE,FALSE,FALSE,TRUE,ALL,NOW(),NX01USER0000001,NOW(),NX01USER0000001
NX01RVEW0000008,{{TENANT_ID}},SYSADMIN,SYS_PROFILE,TRUE,TRUE,TRUE,FALSE,FALSE,TRUE,ALL,NOW(),NX01USER0000001,NOW(),NX01USER0000001
NX01RVEW0000009,{{TENANT_ID}},PURCHASE,SYS_PROFILE,TRUE,TRUE,TRUE,FALSE,FALSE,TRUE,ALL,NOW(),NX01USER0000001,NOW(),NX01USER0000001
NX01RVEW0000010,{{TENANT_ID}},SALES,SYS_PROFILE,TRUE,TRUE,TRUE,FALSE,FALSE,TRUE,ALL,NOW(),NX01USER0000001,NOW(),NX01USER0000001
NX01RVEW0000011,{{TENANT_ID}},WAREHOUSE,SYS_PROFILE,TRUE,TRUE,TRUE,FALSE,FALSE,TRUE,ALL,NOW(),NX01USER0000001,NOW(),NX01USER0000001
NX01RVEW0000012,{{TENANT_ID}},FINANCE,SYS_PROFILE,TRUE,TRUE,TRUE,FALSE,FALSE,TRUE,ALL,NOW(),NX01USER0000001,NOW(),NX01USER0000001
NX01RVEW0000014,{{TENANT_ID}},HR,SYS_PROFILE,TRUE,TRUE,TRUE,FALSE,FALSE,TRUE,ALL,NOW(),NX01USER0000001,NOW(),NX01USER0000001
NX01RVEW0000015,{{TENANT_ID}},SYSADMIN,SYS_NOTIFICATION,TRUE,FALSE,FALSE,FALSE,FALSE,TRUE,ALL,NOW(),NX01USER0000001,NOW(),NX01USER0000001
NX01RVEW0000016,{{TENANT_ID}},PURCHASE,SYS_NOTIFICATION,TRUE,FALSE,FALSE,FALSE,FALSE,TRUE,ALL,NOW(),NX01USER0000001,NOW(),NX01USER0000001
NX01RVEW0000017,{{TENANT_ID}},SALES,SYS_NOTIFICATION,TRUE,FALSE,FALSE,FALSE,FALSE,TRUE,ALL,NOW(),NX01USER0000001,NOW(),NX01USER0000001
NX01RVEW0000018,{{TENANT_ID}},WAREHOUSE,SYS_NOTIFICATION,TRUE,FALSE,FALSE,FALSE,FALSE,TRUE,ALL,NOW(),NX01USER0000001,NOW(),NX01USER0000001
NX01RVEW0000019,{{TENANT_ID}},FINANCE,SYS_NOTIFICATION,TRUE,FALSE,FALSE,FALSE,FALSE,TRUE,ALL,NOW(),NX01USER0000001,NOW(),NX01USER0000001
NX01RVEW0000021,{{TENANT_ID}},HR,SYS_NOTIFICATION,TRUE,FALSE,FALSE,FALSE,FALSE,TRUE,ALL,NOW(),NX01USER0000001,NOW(),NX01USER0000001
NX01RVEW0000022,{{TENANT_ID}},SYSADMIN,SYS_PLAN,TRUE,FALSE,FALSE,FALSE,FALSE,TRUE,ALL,NOW(),NX01USER0000001,NOW(),NX01USER0000001
NX01RVEW0000023,{{TENANT_ID}},PURCHASE,SYS_PLAN,FALSE,FALSE,FALSE,FALSE,FALSE,TRUE,ALL,NOW(),NX01USER0000001,NOW(),NX01USER0000001
NX01RVEW0000024,{{TENANT_ID}},SALES,SYS_PLAN,FALSE,FALSE,FALSE,FALSE,FALSE,TRUE,ALL,NOW(),NX01USER0000001,NOW(),NX01USER0000001
NX01RVEW0000025,{{TENANT_ID}},WAREHOUSE,SYS_PLAN,FALSE,FALSE,FALSE,FALSE,FALSE,TRUE,ALL,NOW(),NX01USER0000001,NOW(),NX01USER0000001
NX01RVEW0000026,{{TENANT_ID}},FINANCE,SYS_PLAN,FALSE,FALSE,FALSE,FALSE,FALSE,TRUE,ALL,NOW(),NX01USER0000001,NOW(),NX01USER0000001
NX01RVEW0000028,{{TENANT_ID}},HR,SYS_PLAN,FALSE,FALSE,FALSE,FALSE,FALSE,TRUE,ALL,NOW(),NX01USER0000001,NOW(),NX01USER0000001
NX01RVEW0000029,{{TENANT_ID}},SYSADMIN,NX01_USER,TRUE,TRUE,TRUE,TRUE,TRUE,TRUE,ALL,NOW(),NX01USER0000001,NOW(),NX01USER0000001
NX01RVEW0000030,{{TENANT_ID}},PURCHASE,NX01_USER,FALSE,FALSE,FALSE,FALSE,FALSE,TRUE,ALL,NOW(),NX01USER0000001,NOW(),NX01USER0000001
NX01RVEW0000031,{{TENANT_ID}},SALES,NX01_USER,FALSE,FALSE,FALSE,FALSE,FALSE,TRUE,ALL,NOW(),NX01USER0000001,NOW(),NX01USER0000001
NX01RVEW0000032,{{TENANT_ID}},WAREHOUSE,NX01_USER,FALSE,FALSE,FALSE,FALSE,FALSE,TRUE,ALL,NOW(),NX01USER0000001,NOW(),NX01USER0000001
NX01RVEW0000033,{{TENANT_ID}},FINANCE,NX01_USER,FALSE,FALSE,FALSE,FALSE,FALSE,TRUE,ALL,NOW(),NX01USER0000001,NOW(),NX01USER0000001
NX01RVEW0000035,{{TENANT_ID}},HR,NX01_USER,TRUE,TRUE,TRUE,FALSE,FALSE,TRUE,ALL,NOW(),NX01USER0000001,NOW(),NX01USER0000001
NX01RVEW0000036,{{TENANT_ID}},SYSADMIN,NX01_ROLE,TRUE,TRUE,TRUE,TRUE,TRUE,TRUE,ALL,NOW(),NX01USER0000001,NOW(),NX01USER0000001
NX01RVEW0000037,{{TENANT_ID}},PURCHASE,NX01_ROLE,FALSE,FALSE,FALSE,FALSE,FALSE,TRUE,ALL,NOW(),NX01USER0000001,NOW(),NX01USER0000001
NX01RVEW0000038,{{TENANT_ID}},SALES,NX01_ROLE,FALSE,FALSE,FALSE,FALSE,FALSE,TRUE,ALL,NOW(),NX01USER0000001,NOW(),NX01USER0000001
NX01RVEW0000039,{{TENANT_ID}},WAREHOUSE,NX01_ROLE,FALSE,FALSE,FALSE,FALSE,FALSE,TRUE,ALL,NOW(),NX01USER0000001,NOW(),NX01USER0000001
NX01RVEW0000040,{{TENANT_ID}},FINANCE,NX01_ROLE,FALSE,FALSE,FALSE,FALSE,FALSE,TRUE,ALL,NOW(),NX01USER0000001,NOW(),NX01USER0000001
NX01RVEW0000042,{{TENANT_ID}},HR,NX01_ROLE,FALSE,FALSE,FALSE,FALSE,FALSE,TRUE,ALL,NOW(),NX01USER0000001,NOW(),NX01USER0000001
NX01RVEW0000043,{{TENANT_ID}},SYSADMIN,NX01_ROLE_VIEW,TRUE,TRUE,TRUE,TRUE,TRUE,TRUE,ALL,NOW(),NX01USER0000001,NOW(),NX01USER0000001
NX01RVEW0000044,{{TENANT_ID}},PURCHASE,NX01_ROLE_VIEW,FALSE,FALSE,FALSE,FALSE,FALSE,TRUE,ALL,NOW(),NX01USER0000001,NOW(),NX01USER0000001
NX01RVEW0000045,{{TENANT_ID}},SALES,NX01_ROLE_VIEW,FALSE,FALSE,FALSE,FALSE,FALSE,TRUE,ALL,NOW(),NX01USER0000001,NOW(),NX01USER0000001
NX01RVEW0000046,{{TENANT_ID}},WAREHOUSE,NX01_ROLE_VIEW,FALSE,FALSE,FALSE,FALSE,FALSE,TRUE,ALL,NOW(),NX01USER0000001,NOW(),NX01USER0000001
NX01RVEW0000047,{{TENANT_ID}},FINANCE,NX01_ROLE_VIEW,FALSE,FALSE,FALSE,FALSE,FALSE,TRUE,ALL,NOW(),NX01USER0000001,NOW(),NX01USER0000001
NX01RVEW0000049,{{TENANT_ID}},HR,NX01_ROLE_VIEW,FALSE,FALSE,FALSE,FALSE,FALSE,TRUE,ALL,NOW(),NX01USER0000001,NOW(),NX01USER0000001
NX01RVEW0000050,{{TENANT_ID}},SYSADMIN,NX01_PART,TRUE,TRUE,TRUE,TRUE,TRUE,TRUE,ALL,NOW(),NX01USER0000001,NOW(),NX01USER0000001
NX01RVEW0000051,{{TENANT_ID}},PURCHASE,NX01_PART,TRUE,TRUE,TRUE,FALSE,FALSE,TRUE,ALL,NOW(),NX01USER0000001,NOW(),NX01USER0000001
NX01RVEW0000052,{{TENANT_ID}},SALES,NX01_PART,TRUE,FALSE,FALSE,FALSE,FALSE,TRUE,ALL,NOW(),NX01USER0000001,NOW(),NX01USER0000001
NX01RVEW0000053,{{TENANT_ID}},WAREHOUSE,NX01_PART,TRUE,FALSE,FALSE,FALSE,FALSE,TRUE,ALL,NOW(),NX01USER0000001,NOW(),NX01USER0000001
NX01RVEW0000054,{{TENANT_ID}},FINANCE,NX01_PART,TRUE,FALSE,FALSE,FALSE,FALSE,TRUE,ALL,NOW(),NX01USER0000001,NOW(),NX01USER0000001
NX01RVEW0000056,{{TENANT_ID}},HR,NX01_PART,FALSE,FALSE,FALSE,FALSE,FALSE,TRUE,ALL,NOW(),NX01USER0000001,NOW(),NX01USER0000001
NX01RVEW0000057,{{TENANT_ID}},SYSADMIN,NX01_PART_PRICE,TRUE,TRUE,TRUE,TRUE,TRUE,TRUE,ALL,NOW(),NX01USER0000001,NOW(),NX01USER0000001
NX01RVEW0000058,{{TENANT_ID}},PURCHASE,NX01_PART_PRICE,TRUE,TRUE,TRUE,FALSE,FALSE,TRUE,ALL,NOW(),NX01USER0000001,NOW(),NX01USER0000001
NX01RVEW0000059,{{TENANT_ID}},SALES,NX01_PART_PRICE,TRUE,FALSE,FALSE,FALSE,FALSE,TRUE,ALL,NOW(),NX01USER0000001,NOW(),NX01USER0000001
NX01RVEW0000060,{{TENANT_ID}},WAREHOUSE,NX01_PART_PRICE,FALSE,FALSE,FALSE,FALSE,FALSE,TRUE,ALL,NOW(),NX01USER0000001,NOW(),NX01USER0000001
NX01RVEW0000061,{{TENANT_ID}},FINANCE,NX01_PART_PRICE,FALSE,FALSE,FALSE,FALSE,FALSE,TRUE,ALL,NOW(),NX01USER0000001,NOW(),NX01USER0000001
NX01RVEW0000063,{{TENANT_ID}},HR,NX01_PART_PRICE,FALSE,FALSE,FALSE,FALSE,FALSE,TRUE,ALL,NOW(),NX01USER0000001,NOW(),NX01USER0000001
NX01RVEW0000064,{{TENANT_ID}},SYSADMIN,NX01_PART_BRAND,TRUE,TRUE,TRUE,TRUE,TRUE,TRUE,ALL,NOW(),NX01USER0000001,NOW(),NX01USER0000001
NX01RVEW0000065,{{TENANT_ID}},PURCHASE,NX01_PART_BRAND,TRUE,TRUE,TRUE,FALSE,FALSE,TRUE,ALL,NOW(),NX01USER0000001,NOW(),NX01USER0000001
NX01RVEW0000066,{{TENANT_ID}},SALES,NX01_PART_BRAND,FALSE,FALSE,FALSE,FALSE,FALSE,TRUE,ALL,NOW(),NX01USER0000001,NOW(),NX01USER0000001
NX01RVEW0000067,{{TENANT_ID}},WAREHOUSE,NX01_PART_BRAND,FALSE,FALSE,FALSE,FALSE,FALSE,TRUE,ALL,NOW(),NX01USER0000001,NOW(),NX01USER0000001
NX01RVEW0000068,{{TENANT_ID}},FINANCE,NX01_PART_BRAND,FALSE,FALSE,FALSE,FALSE,FALSE,TRUE,ALL,NOW(),NX01USER0000001,NOW(),NX01USER0000001
NX01RVEW0000070,{{TENANT_ID}},HR,NX01_PART_BRAND,FALSE,FALSE,FALSE,FALSE,FALSE,TRUE,ALL,NOW(),NX01USER0000001,NOW(),NX01USER0000001
NX01RVEW0000071,{{TENANT_ID}},SYSADMIN,NX01_PART_GROUP,TRUE,TRUE,TRUE,TRUE,TRUE,TRUE,ALL,NOW(),NX01USER0000001,NOW(),NX01USER0000001
NX01RVEW0000072,{{TENANT_ID}},PURCHASE,NX01_PART_GROUP,TRUE,TRUE,TRUE,FALSE,FALSE,TRUE,ALL,NOW(),NX01USER0000001,NOW(),NX01USER0000001
NX01RVEW0000073,{{TENANT_ID}},SALES,NX01_PART_GROUP,FALSE,FALSE,FALSE,FALSE,FALSE,TRUE,ALL,NOW(),NX01USER0000001,NOW(),NX01USER0000001
NX01RVEW0000074,{{TENANT_ID}},WAREHOUSE,NX01_PART_GROUP,FALSE,FALSE,FALSE,FALSE,FALSE,TRUE,ALL,NOW(),NX01USER0000001,NOW(),NX01USER0000001
NX01RVEW0000075,{{TENANT_ID}},FINANCE,NX01_PART_GROUP,FALSE,FALSE,FALSE,FALSE,FALSE,TRUE,ALL,NOW(),NX01USER0000001,NOW(),NX01USER0000001
NX01RVEW0000077,{{TENANT_ID}},HR,NX01_PART_GROUP,FALSE,FALSE,FALSE,FALSE,FALSE,TRUE,ALL,NOW(),NX01USER0000001,NOW(),NX01USER0000001
NX01RVEW0000078,{{TENANT_ID}},SYSADMIN,NX01_CAR_BRAND,TRUE,TRUE,TRUE,TRUE,TRUE,TRUE,ALL,NOW(),NX01USER0000001,NOW(),NX01USER0000001
NX01RVEW0000079,{{TENANT_ID}},PURCHASE,NX01_CAR_BRAND,TRUE,TRUE,TRUE,FALSE,FALSE,TRUE,ALL,NOW(),NX01USER0000001,NOW(),NX01USER0000001
NX01RVEW0000080,{{TENANT_ID}},SALES,NX01_CAR_BRAND,FALSE,FALSE,FALSE,FALSE,FALSE,TRUE,ALL,NOW(),NX01USER0000001,NOW(),NX01USER0000001
NX01RVEW0000081,{{TENANT_ID}},WAREHOUSE,NX01_CAR_BRAND,FALSE,FALSE,FALSE,FALSE,FALSE,TRUE,ALL,NOW(),NX01USER0000001,NOW(),NX01USER0000001
NX01RVEW0000082,{{TENANT_ID}},FINANCE,NX01_CAR_BRAND,FALSE,FALSE,FALSE,FALSE,FALSE,TRUE,ALL,NOW(),NX01USER0000001,NOW(),NX01USER0000001
NX01RVEW0000084,{{TENANT_ID}},HR,NX01_CAR_BRAND,FALSE,FALSE,FALSE,FALSE,FALSE,TRUE,ALL,NOW(),NX01USER0000001,NOW(),NX01USER0000001
NX01RVEW0000085,{{TENANT_ID}},SYSADMIN,NX01_BRAND_RULE,TRUE,TRUE,TRUE,TRUE,TRUE,TRUE,ALL,NOW(),NX01USER0000001,NOW(),NX01USER0000001
NX01RVEW0000086,{{TENANT_ID}},PURCHASE,NX01_BRAND_RULE,TRUE,TRUE,TRUE,FALSE,FALSE,TRUE,ALL,NOW(),NX01USER0000001,NOW(),NX01USER0000001
NX01RVEW0000087,{{TENANT_ID}},SALES,NX01_BRAND_RULE,FALSE,FALSE,FALSE,FALSE,FALSE,TRUE,ALL,NOW(),NX01USER0000001,NOW(),NX01USER0000001
NX01RVEW0000088,{{TENANT_ID}},WAREHOUSE,NX01_BRAND_RULE,FALSE,FALSE,FALSE,FALSE,FALSE,TRUE,ALL,NOW(),NX01USER0000001,NOW(),NX01USER0000001
NX01RVEW0000089,{{TENANT_ID}},FINANCE,NX01_BRAND_RULE,FALSE,FALSE,FALSE,FALSE,FALSE,TRUE,ALL,NOW(),NX01USER0000001,NOW(),NX01USER0000001
NX01RVEW0000091,{{TENANT_ID}},HR,NX01_BRAND_RULE,FALSE,FALSE,FALSE,FALSE,FALSE,TRUE,ALL,NOW(),NX01USER0000001,NOW(),NX01USER0000001
NX01RVEW0000092,{{TENANT_ID}},SYSADMIN,NX01_PARTNER,TRUE,TRUE,TRUE,TRUE,TRUE,TRUE,ALL,NOW(),NX01USER0000001,NOW(),NX01USER0000001
NX01RVEW0000093,{{TENANT_ID}},PURCHASE,NX01_PARTNER,TRUE,TRUE,TRUE,FALSE,FALSE,TRUE,ALL,NOW(),NX01USER0000001,NOW(),NX01USER0000001
NX01RVEW0000094,{{TENANT_ID}},SALES,NX01_PARTNER,TRUE,TRUE,TRUE,FALSE,FALSE,TRUE,ALL,NOW(),NX01USER0000001,NOW(),NX01USER0000001
NX01RVEW0000095,{{TENANT_ID}},WAREHOUSE,NX01_PARTNER,FALSE,FALSE,FALSE,FALSE,FALSE,TRUE,ALL,NOW(),NX01USER0000001,NOW(),NX01USER0000001
NX01RVEW0000096,{{TENANT_ID}},FINANCE,NX01_PARTNER,TRUE,FALSE,FALSE,FALSE,FALSE,TRUE,ALL,NOW(),NX01USER0000001,NOW(),NX01USER0000001
NX01RVEW0000098,{{TENANT_ID}},HR,NX01_PARTNER,FALSE,FALSE,FALSE,FALSE,FALSE,TRUE,ALL,NOW(),NX01USER0000001,NOW(),NX01USER0000001
NX01RVEW0000099,{{TENANT_ID}},SYSADMIN,NX01_PARTNER_CREDIT,TRUE,TRUE,TRUE,TRUE,TRUE,TRUE,ALL,NOW(),NX01USER0000001,NOW(),NX01USER0000001
NX01RVEW0000100,{{TENANT_ID}},PURCHASE,NX01_PARTNER_CREDIT,FALSE,FALSE,FALSE,FALSE,FALSE,TRUE,ALL,NOW(),NX01USER0000001,NOW(),NX01USER0000001
NX01RVEW0000101,{{TENANT_ID}},SALES,NX01_PARTNER_CREDIT,TRUE,TRUE,TRUE,FALSE,FALSE,TRUE,ALL,NOW(),NX01USER0000001,NOW(),NX01USER0000001
NX01RVEW0000102,{{TENANT_ID}},WAREHOUSE,NX01_PARTNER_CREDIT,FALSE,FALSE,FALSE,FALSE,FALSE,TRUE,ALL,NOW(),NX01USER0000001,NOW(),NX01USER0000001
NX01RVEW0000103,{{TENANT_ID}},FINANCE,NX01_PARTNER_CREDIT,TRUE,FALSE,FALSE,FALSE,FALSE,TRUE,ALL,NOW(),NX01USER0000001,NOW(),NX01USER0000001
NX01RVEW0000105,{{TENANT_ID}},HR,NX01_PARTNER_CREDIT,FALSE,FALSE,FALSE,FALSE,FALSE,TRUE,ALL,NOW(),NX01USER0000001,NOW(),NX01USER0000001
NX01RVEW0000106,{{TENANT_ID}},SYSADMIN,NX01_CUSTOMER_GRADE,TRUE,TRUE,TRUE,TRUE,TRUE,TRUE,ALL,NOW(),NX01USER0000001,NOW(),NX01USER0000001
NX01RVEW0000107,{{TENANT_ID}},PURCHASE,NX01_CUSTOMER_GRADE,FALSE,FALSE,FALSE,FALSE,FALSE,TRUE,ALL,NOW(),NX01USER0000001,NOW(),NX01USER0000001
NX01RVEW0000108,{{TENANT_ID}},SALES,NX01_CUSTOMER_GRADE,TRUE,FALSE,FALSE,FALSE,FALSE,TRUE,ALL,NOW(),NX01USER0000001,NOW(),NX01USER0000001
NX01RVEW0000109,{{TENANT_ID}},WAREHOUSE,NX01_CUSTOMER_GRADE,FALSE,FALSE,FALSE,FALSE,FALSE,TRUE,ALL,NOW(),NX01USER0000001,NOW(),NX01USER0000001
NX01RVEW0000110,{{TENANT_ID}},FINANCE,NX01_CUSTOMER_GRADE,FALSE,FALSE,FALSE,FALSE,FALSE,TRUE,ALL,NOW(),NX01USER0000001,NOW(),NX01USER0000001
NX01RVEW0000112,{{TENANT_ID}},HR,NX01_CUSTOMER_GRADE,FALSE,FALSE,FALSE,FALSE,FALSE,TRUE,ALL,NOW(),NX01USER0000001,NOW(),NX01USER0000001
NX01RVEW0000113,{{TENANT_ID}},SYSADMIN,NX01_DISCOUNT_CODE,TRUE,TRUE,TRUE,TRUE,TRUE,TRUE,ALL,NOW(),NX01USER0000001,NOW(),NX01USER0000001
NX01RVEW0000114,{{TENANT_ID}},PURCHASE,NX01_DISCOUNT_CODE,TRUE,FALSE,FALSE,FALSE,FALSE,TRUE,ALL,NOW(),NX01USER0000001,NOW(),NX01USER0000001
NX01RVEW0000115,{{TENANT_ID}},SALES,NX01_DISCOUNT_CODE,TRUE,FALSE,FALSE,FALSE,FALSE,TRUE,ALL,NOW(),NX01USER0000001,NOW(),NX01USER0000001
NX01RVEW0000116,{{TENANT_ID}},WAREHOUSE,NX01_DISCOUNT_CODE,FALSE,FALSE,FALSE,FALSE,FALSE,TRUE,ALL,NOW(),NX01USER0000001,NOW(),NX01USER0000001
NX01RVEW0000117,{{TENANT_ID}},FINANCE,NX01_DISCOUNT_CODE,FALSE,FALSE,FALSE,FALSE,FALSE,TRUE,ALL,NOW(),NX01USER0000001,NOW(),NX01USER0000001
NX01RVEW0000119,{{TENANT_ID}},HR,NX01_DISCOUNT_CODE,FALSE,FALSE,FALSE,FALSE,FALSE,TRUE,ALL,NOW(),NX01USER0000001,NOW(),NX01USER0000001
NX01RVEW0000120,{{TENANT_ID}},SYSADMIN,NX01_WAREHOUSE,TRUE,TRUE,TRUE,TRUE,TRUE,TRUE,ALL,NOW(),NX01USER0000001,NOW(),NX01USER0000001
NX01RVEW0000121,{{TENANT_ID}},PURCHASE,NX01_WAREHOUSE,FALSE,FALSE,FALSE,FALSE,FALSE,TRUE,ALL,NOW(),NX01USER0000001,NOW(),NX01USER0000001
NX01RVEW0000122,{{TENANT_ID}},SALES,NX01_WAREHOUSE,FALSE,FALSE,FALSE,FALSE,FALSE,TRUE,ALL,NOW(),NX01USER0000001,NOW(),NX01USER0000001
NX01RVEW0000123,{{TENANT_ID}},WAREHOUSE,NX01_WAREHOUSE,TRUE,FALSE,FALSE,FALSE,FALSE,TRUE,ALL,NOW(),NX01USER0000001,NOW(),NX01USER0000001
NX01RVEW0000124,{{TENANT_ID}},FINANCE,NX01_WAREHOUSE,FALSE,FALSE,FALSE,FALSE,FALSE,TRUE,ALL,NOW(),NX01USER0000001,NOW(),NX01USER0000001
NX01RVEW0000126,{{TENANT_ID}},HR,NX01_WAREHOUSE,FALSE,FALSE,FALSE,FALSE,FALSE,TRUE,ALL,NOW(),NX01USER0000001,NOW(),NX01USER0000001
NX01RVEW0000127,{{TENANT_ID}},SYSADMIN,NX01_LOCATION,TRUE,TRUE,TRUE,TRUE,TRUE,TRUE,ALL,NOW(),NX01USER0000001,NOW(),NX01USER0000001
NX01RVEW0000128,{{TENANT_ID}},PURCHASE,NX01_LOCATION,FALSE,FALSE,FALSE,FALSE,FALSE,TRUE,ALL,NOW(),NX01USER0000001,NOW(),NX01USER0000001
NX01RVEW0000129,{{TENANT_ID}},SALES,NX01_LOCATION,FALSE,FALSE,FALSE,FALSE,FALSE,TRUE,ALL,NOW(),NX01USER0000001,NOW(),NX01USER0000001
NX01RVEW0000130,{{TENANT_ID}},WAREHOUSE,NX01_LOCATION,TRUE,TRUE,TRUE,FALSE,FALSE,TRUE,ALL,NOW(),NX01USER0000001,NOW(),NX01USER0000001
NX01RVEW0000131,{{TENANT_ID}},FINANCE,NX01_LOCATION,FALSE,FALSE,FALSE,FALSE,FALSE,TRUE,ALL,NOW(),NX01USER0000001,NOW(),NX01USER0000001
NX01RVEW0000133,{{TENANT_ID}},HR,NX01_LOCATION,FALSE,FALSE,FALSE,FALSE,FALSE,TRUE,ALL,NOW(),NX01USER0000001,NOW(),NX01USER0000001
NX01RVEW0000134,{{TENANT_ID}},SYSADMIN,NX01_WAREHOUSE_TYPE,TRUE,TRUE,TRUE,TRUE,TRUE,TRUE,ALL,NOW(),NX01USER0000001,NOW(),NX01USER0000001
NX01RVEW0000135,{{TENANT_ID}},PURCHASE,NX01_WAREHOUSE_TYPE,FALSE,FALSE,FALSE,FALSE,FALSE,TRUE,ALL,NOW(),NX01USER0000001,NOW(),NX01USER0000001
NX01RVEW0000136,{{TENANT_ID}},SALES,NX01_WAREHOUSE_TYPE,FALSE,FALSE,FALSE,FALSE,FALSE,TRUE,ALL,NOW(),NX01USER0000001,NOW(),NX01USER0000001
NX01RVEW0000137,{{TENANT_ID}},WAREHOUSE,NX01_WAREHOUSE_TYPE,FALSE,FALSE,FALSE,FALSE,FALSE,TRUE,ALL,NOW(),NX01USER0000001,NOW(),NX01USER0000001
NX01RVEW0000138,{{TENANT_ID}},FINANCE,NX01_WAREHOUSE_TYPE,FALSE,FALSE,FALSE,FALSE,FALSE,TRUE,ALL,NOW(),NX01USER0000001,NOW(),NX01USER0000001
NX01RVEW0000140,{{TENANT_ID}},HR,NX01_WAREHOUSE_TYPE,FALSE,FALSE,FALSE,FALSE,FALSE,TRUE,ALL,NOW(),NX01USER0000001,NOW(),NX01USER0000001
NX01RVEW0000141,{{TENANT_ID}},SYSADMIN,NX01_USER_WAREHOUSE,TRUE,TRUE,TRUE,TRUE,TRUE,TRUE,ALL,NOW(),NX01USER0000001,NOW(),NX01USER0000001
NX01RVEW0000142,{{TENANT_ID}},PURCHASE,NX01_USER_WAREHOUSE,FALSE,FALSE,FALSE,FALSE,FALSE,TRUE,ALL,NOW(),NX01USER0000001,NOW(),NX01USER0000001
NX01RVEW0000143,{{TENANT_ID}},SALES,NX01_USER_WAREHOUSE,FALSE,FALSE,FALSE,FALSE,FALSE,TRUE,ALL,NOW(),NX01USER0000001,NOW(),NX01USER0000001
NX01RVEW0000144,{{TENANT_ID}},WAREHOUSE,NX01_USER_WAREHOUSE,FALSE,FALSE,FALSE,FALSE,FALSE,TRUE,ALL,NOW(),NX01USER0000001,NOW(),NX01USER0000001
NX01RVEW0000145,{{TENANT_ID}},FINANCE,NX01_USER_WAREHOUSE,FALSE,FALSE,FALSE,FALSE,FALSE,TRUE,ALL,NOW(),NX01USER0000001,NOW(),NX01USER0000001
NX01RVEW0000147,{{TENANT_ID}},HR,NX01_USER_WAREHOUSE,FALSE,FALSE,FALSE,FALSE,FALSE,TRUE,ALL,NOW(),NX01USER0000001,NOW(),NX01USER0000001
NX01RVEW0000148,{{TENANT_ID}},SYSADMIN,NX01_DEPARTMENT,TRUE,TRUE,TRUE,TRUE,TRUE,TRUE,ALL,NOW(),NX01USER0000001,NOW(),NX01USER0000001
NX01RVEW0000149,{{TENANT_ID}},PURCHASE,NX01_DEPARTMENT,FALSE,FALSE,FALSE,FALSE,FALSE,TRUE,ALL,NOW(),NX01USER0000001,NOW(),NX01USER0000001
NX01RVEW0000150,{{TENANT_ID}},SALES,NX01_DEPARTMENT,FALSE,FALSE,FALSE,FALSE,FALSE,TRUE,ALL,NOW(),NX01USER0000001,NOW(),NX01USER0000001
NX01RVEW0000151,{{TENANT_ID}},WAREHOUSE,NX01_DEPARTMENT,FALSE,FALSE,FALSE,FALSE,FALSE,TRUE,ALL,NOW(),NX01USER0000001,NOW(),NX01USER0000001
NX01RVEW0000152,{{TENANT_ID}},FINANCE,NX01_DEPARTMENT,FALSE,FALSE,FALSE,FALSE,FALSE,TRUE,ALL,NOW(),NX01USER0000001,NOW(),NX01USER0000001
NX01RVEW0000154,{{TENANT_ID}},HR,NX01_DEPARTMENT,TRUE,FALSE,FALSE,FALSE,FALSE,TRUE,ALL,NOW(),NX01USER0000001,NOW(),NX01USER0000001
NX01RVEW0000155,{{TENANT_ID}},SYSADMIN,NX01_TEAM,TRUE,TRUE,TRUE,TRUE,TRUE,TRUE,ALL,NOW(),NX01USER0000001,NOW(),NX01USER0000001
NX01RVEW0000156,{{TENANT_ID}},PURCHASE,NX01_TEAM,FALSE,FALSE,FALSE,FALSE,FALSE,TRUE,ALL,NOW(),NX01USER0000001,NOW(),NX01USER0000001
NX01RVEW0000157,{{TENANT_ID}},SALES,NX01_TEAM,FALSE,FALSE,FALSE,FALSE,FALSE,TRUE,ALL,NOW(),NX01USER0000001,NOW(),NX01USER0000001
NX01RVEW0000158,{{TENANT_ID}},WAREHOUSE,NX01_TEAM,FALSE,FALSE,FALSE,FALSE,FALSE,TRUE,ALL,NOW(),NX01USER0000001,NOW(),NX01USER0000001
NX01RVEW0000159,{{TENANT_ID}},FINANCE,NX01_TEAM,FALSE,FALSE,FALSE,FALSE,FALSE,TRUE,ALL,NOW(),NX01USER0000001,NOW(),NX01USER0000001
NX01RVEW0000161,{{TENANT_ID}},HR,NX01_TEAM,TRUE,FALSE,FALSE,FALSE,FALSE,TRUE,ALL,NOW(),NX01USER0000001,NOW(),NX01USER0000001
NX01RVEW0000162,{{TENANT_ID}},SYSADMIN,NX01_USER_TEAM,TRUE,TRUE,TRUE,TRUE,TRUE,TRUE,ALL,NOW(),NX01USER0000001,NOW(),NX01USER0000001
NX01RVEW0000163,{{TENANT_ID}},PURCHASE,NX01_USER_TEAM,FALSE,FALSE,FALSE,FALSE,FALSE,TRUE,ALL,NOW(),NX01USER0000001,NOW(),NX01USER0000001
NX01RVEW0000164,{{TENANT_ID}},SALES,NX01_USER_TEAM,FALSE,FALSE,FALSE,FALSE,FALSE,TRUE,ALL,NOW(),NX01USER0000001,NOW(),NX01USER0000001
NX01RVEW0000165,{{TENANT_ID}},WAREHOUSE,NX01_USER_TEAM,FALSE,FALSE,FALSE,FALSE,FALSE,TRUE,ALL,NOW(),NX01USER0000001,NOW(),NX01USER0000001
NX01RVEW0000166,{{TENANT_ID}},FINANCE,NX01_USER_TEAM,FALSE,FALSE,FALSE,FALSE,FALSE,TRUE,ALL,NOW(),NX01USER0000001,NOW(),NX01USER0000001
NX01RVEW0000168,{{TENANT_ID}},HR,NX01_USER_TEAM,TRUE,TRUE,TRUE,FALSE,FALSE,TRUE,ALL,NOW(),NX01USER0000001,NOW(),NX01USER0000001
NX01RVEW0000169,{{TENANT_ID}},SYSADMIN,NX01_COUNTRY,TRUE,TRUE,TRUE,TRUE,TRUE,TRUE,ALL,NOW(),NX01USER0000001,NOW(),NX01USER0000001
NX01RVEW0000170,{{TENANT_ID}},PURCHASE,NX01_COUNTRY,TRUE,FALSE,FALSE,FALSE,FALSE,TRUE,ALL,NOW(),NX01USER0000001,NOW(),NX01USER0000001
NX01RVEW0000171,{{TENANT_ID}},SALES,NX01_COUNTRY,TRUE,FALSE,FALSE,FALSE,FALSE,TRUE,ALL,NOW(),NX01USER0000001,NOW(),NX01USER0000001
NX01RVEW0000172,{{TENANT_ID}},WAREHOUSE,NX01_COUNTRY,FALSE,FALSE,FALSE,FALSE,FALSE,TRUE,ALL,NOW(),NX01USER0000001,NOW(),NX01USER0000001
NX01RVEW0000173,{{TENANT_ID}},FINANCE,NX01_COUNTRY,TRUE,FALSE,FALSE,FALSE,FALSE,TRUE,ALL,NOW(),NX01USER0000001,NOW(),NX01USER0000001
NX01RVEW0000175,{{TENANT_ID}},HR,NX01_COUNTRY,FALSE,FALSE,FALSE,FALSE,FALSE,TRUE,ALL,NOW(),NX01USER0000001,NOW(),NX01USER0000001
NX01RVEW0000176,{{TENANT_ID}},SYSADMIN,NX01_CURRENCY,TRUE,TRUE,TRUE,TRUE,TRUE,TRUE,ALL,NOW(),NX01USER0000001,NOW(),NX01USER0000001
NX01RVEW0000177,{{TENANT_ID}},PURCHASE,NX01_CURRENCY,TRUE,FALSE,FALSE,FALSE,FALSE,TRUE,ALL,NOW(),NX01USER0000001,NOW(),NX01USER0000001
NX01RVEW0000178,{{TENANT_ID}},SALES,NX01_CURRENCY,TRUE,FALSE,FALSE,FALSE,FALSE,TRUE,ALL,NOW(),NX01USER0000001,NOW(),NX01USER0000001
NX01RVEW0000179,{{TENANT_ID}},WAREHOUSE,NX01_CURRENCY,FALSE,FALSE,FALSE,FALSE,FALSE,TRUE,ALL,NOW(),NX01USER0000001,NOW(),NX01USER0000001
NX01RVEW0000180,{{TENANT_ID}},FINANCE,NX01_CURRENCY,TRUE,TRUE,TRUE,FALSE,FALSE,TRUE,ALL,NOW(),NX01USER0000001,NOW(),NX01USER0000001
NX01RVEW0000182,{{TENANT_ID}},HR,NX01_CURRENCY,FALSE,FALSE,FALSE,FALSE,FALSE,TRUE,ALL,NOW(),NX01USER0000001,NOW(),NX01USER0000001
NX01RVEW0000183,{{TENANT_ID}},SYSADMIN,NX01_BULLETIN,TRUE,TRUE,TRUE,TRUE,TRUE,TRUE,ALL,NOW(),NX01USER0000001,NOW(),NX01USER0000001
NX01RVEW0000184,{{TENANT_ID}},PURCHASE,NX01_BULLETIN,TRUE,FALSE,FALSE,FALSE,FALSE,TRUE,ALL,NOW(),NX01USER0000001,NOW(),NX01USER0000001
NX01RVEW0000185,{{TENANT_ID}},SALES,NX01_BULLETIN,TRUE,FALSE,FALSE,FALSE,FALSE,TRUE,ALL,NOW(),NX01USER0000001,NOW(),NX01USER0000001
NX01RVEW0000186,{{TENANT_ID}},WAREHOUSE,NX01_BULLETIN,TRUE,FALSE,FALSE,FALSE,FALSE,TRUE,ALL,NOW(),NX01USER0000001,NOW(),NX01USER0000001
NX01RVEW0000187,{{TENANT_ID}},FINANCE,NX01_BULLETIN,TRUE,FALSE,FALSE,FALSE,FALSE,TRUE,ALL,NOW(),NX01USER0000001,NOW(),NX01USER0000001
NX01RVEW0000189,{{TENANT_ID}},HR,NX01_BULLETIN,TRUE,FALSE,FALSE,FALSE,FALSE,TRUE,ALL,NOW(),NX01USER0000001,NOW(),NX01USER0000001
NX01RVEW0000190,{{TENANT_ID}},SYSADMIN,NX01_CALENDAR,TRUE,TRUE,TRUE,TRUE,TRUE,TRUE,ALL,NOW(),NX01USER0000001,NOW(),NX01USER0000001
NX01RVEW0000191,{{TENANT_ID}},PURCHASE,NX01_CALENDAR,TRUE,TRUE,TRUE,FALSE,FALSE,TRUE,ALL,NOW(),NX01USER0000001,NOW(),NX01USER0000001
NX01RVEW0000192,{{TENANT_ID}},SALES,NX01_CALENDAR,TRUE,TRUE,TRUE,FALSE,FALSE,TRUE,ALL,NOW(),NX01USER0000001,NOW(),NX01USER0000001
NX01RVEW0000193,{{TENANT_ID}},WAREHOUSE,NX01_CALENDAR,TRUE,TRUE,TRUE,FALSE,FALSE,TRUE,ALL,NOW(),NX01USER0000001,NOW(),NX01USER0000001
NX01RVEW0000194,{{TENANT_ID}},FINANCE,NX01_CALENDAR,TRUE,TRUE,TRUE,FALSE,FALSE,TRUE,ALL,NOW(),NX01USER0000001,NOW(),NX01USER0000001
NX01RVEW0000196,{{TENANT_ID}},HR,NX01_CALENDAR,TRUE,TRUE,TRUE,FALSE,FALSE,TRUE,ALL,NOW(),NX01USER0000001,NOW(),NX01USER0000001
NX01RVEW0000197,{{TENANT_ID}},SYSADMIN,NX01_AUDIT_LOG,TRUE,FALSE,FALSE,FALSE,TRUE,TRUE,ALL,NOW(),NX01USER0000001,NOW(),NX01USER0000001
NX01RVEW0000198,{{TENANT_ID}},PURCHASE,NX01_AUDIT_LOG,FALSE,FALSE,FALSE,FALSE,FALSE,TRUE,ALL,NOW(),NX01USER0000001,NOW(),NX01USER0000001
NX01RVEW0000199,{{TENANT_ID}},SALES,NX01_AUDIT_LOG,FALSE,FALSE,FALSE,FALSE,FALSE,TRUE,ALL,NOW(),NX01USER0000001,NOW(),NX01USER0000001
NX01RVEW0000200,{{TENANT_ID}},WAREHOUSE,NX01_AUDIT_LOG,FALSE,FALSE,FALSE,FALSE,FALSE,TRUE,ALL,NOW(),NX01USER0000001,NOW(),NX01USER0000001
NX01RVEW0000201,{{TENANT_ID}},FINANCE,NX01_AUDIT_LOG,FALSE,FALSE,FALSE,FALSE,FALSE,TRUE,ALL,NOW(),NX01USER0000001,NOW(),NX01USER0000001
NX01RVEW0000203,{{TENANT_ID}},HR,NX01_AUDIT_LOG,FALSE,FALSE,FALSE,FALSE,FALSE,TRUE,ALL,NOW(),NX01USER0000001,NOW(),NX01USER0000001
NX01RVEW0000204,{{TENANT_ID}},SYSADMIN,NX01_KPI_TEMPLATE,TRUE,TRUE,TRUE,TRUE,TRUE,TRUE,ALL,NOW(),NX01USER0000001,NOW(),NX01USER0000001
NX01RVEW0000205,{{TENANT_ID}},PURCHASE,NX01_KPI_TEMPLATE,FALSE,FALSE,FALSE,FALSE,FALSE,TRUE,ALL,NOW(),NX01USER0000001,NOW(),NX01USER0000001
NX01RVEW0000206,{{TENANT_ID}},SALES,NX01_KPI_TEMPLATE,FALSE,FALSE,FALSE,FALSE,FALSE,TRUE,ALL,NOW(),NX01USER0000001,NOW(),NX01USER0000001
NX01RVEW0000207,{{TENANT_ID}},WAREHOUSE,NX01_KPI_TEMPLATE,FALSE,FALSE,FALSE,FALSE,FALSE,TRUE,ALL,NOW(),NX01USER0000001,NOW(),NX01USER0000001
NX01RVEW0000208,{{TENANT_ID}},FINANCE,NX01_KPI_TEMPLATE,FALSE,FALSE,FALSE,FALSE,FALSE,TRUE,ALL,NOW(),NX01USER0000001,NOW(),NX01USER0000001
NX01RVEW0000210,{{TENANT_ID}},HR,NX01_KPI_TEMPLATE,TRUE,TRUE,TRUE,FALSE,FALSE,TRUE,ALL,NOW(),NX01USER0000001,NOW(),NX01USER0000001
NX01RVEW0000211,{{TENANT_ID}},SYSADMIN,NX01_KPI_TARGET,TRUE,TRUE,TRUE,TRUE,TRUE,TRUE,ALL,NOW(),NX01USER0000001,NOW(),NX01USER0000001
NX01RVEW0000212,{{TENANT_ID}},PURCHASE,NX01_KPI_TARGET,TRUE,FALSE,FALSE,FALSE,FALSE,TRUE,ALL,NOW(),NX01USER0000001,NOW(),NX01USER0000001
NX01RVEW0000213,{{TENANT_ID}},SALES,NX01_KPI_TARGET,TRUE,FALSE,FALSE,FALSE,FALSE,TRUE,ALL,NOW(),NX01USER0000001,NOW(),NX01USER0000001
NX01RVEW0000214,{{TENANT_ID}},WAREHOUSE,NX01_KPI_TARGET,TRUE,FALSE,FALSE,FALSE,FALSE,TRUE,ALL,NOW(),NX01USER0000001,NOW(),NX01USER0000001
NX01RVEW0000215,{{TENANT_ID}},FINANCE,NX01_KPI_TARGET,TRUE,FALSE,FALSE,FALSE,FALSE,TRUE,ALL,NOW(),NX01USER0000001,NOW(),NX01USER0000001
NX01RVEW0000217,{{TENANT_ID}},HR,NX01_KPI_TARGET,TRUE,TRUE,TRUE,FALSE,FALSE,TRUE,ALL,NOW(),NX01USER0000001,NOW(),NX01USER0000001
NX01RVEW0000218,{{TENANT_ID}},SYSADMIN,NX01_KPI_RECORD,TRUE,FALSE,FALSE,FALSE,TRUE,TRUE,ALL,NOW(),NX01USER0000001,NOW(),NX01USER0000001
NX01RVEW0000219,{{TENANT_ID}},PURCHASE,NX01_KPI_RECORD,TRUE,FALSE,FALSE,FALSE,FALSE,TRUE,ALL,NOW(),NX01USER0000001,NOW(),NX01USER0000001
NX01RVEW0000220,{{TENANT_ID}},SALES,NX01_KPI_RECORD,TRUE,FALSE,FALSE,FALSE,FALSE,TRUE,ALL,NOW(),NX01USER0000001,NOW(),NX01USER0000001
NX01RVEW0000221,{{TENANT_ID}},WAREHOUSE,NX01_KPI_RECORD,TRUE,FALSE,FALSE,FALSE,FALSE,TRUE,ALL,NOW(),NX01USER0000001,NOW(),NX01USER0000001
NX01RVEW0000222,{{TENANT_ID}},FINANCE,NX01_KPI_RECORD,TRUE,FALSE,FALSE,FALSE,FALSE,TRUE,ALL,NOW(),NX01USER0000001,NOW(),NX01USER0000001
NX01RVEW0000224,{{TENANT_ID}},HR,NX01_KPI_RECORD,TRUE,FALSE,FALSE,FALSE,TRUE,TRUE,ALL,NOW(),NX01USER0000001,NOW(),NX01USER0000001
NX01RVEW0000225,{{TENANT_ID}},SYSADMIN,NX02_DASHBOARD,TRUE,FALSE,FALSE,FALSE,FALSE,TRUE,ALL,NOW(),NX01USER0000001,NOW(),NX01USER0000001
NX01RVEW0000226,{{TENANT_ID}},PURCHASE,NX02_DASHBOARD,TRUE,FALSE,FALSE,FALSE,FALSE,TRUE,ALL,NOW(),NX01USER0000001,NOW(),NX01USER0000001
NX01RVEW0000227,{{TENANT_ID}},SALES,NX02_DASHBOARD,FALSE,FALSE,FALSE,FALSE,FALSE,TRUE,ALL,NOW(),NX01USER0000001,NOW(),NX01USER0000001
NX01RVEW0000228,{{TENANT_ID}},WAREHOUSE,NX02_DASHBOARD,TRUE,FALSE,FALSE,FALSE,FALSE,TRUE,ALL,NOW(),NX01USER0000001,NOW(),NX01USER0000001
NX01RVEW0000229,{{TENANT_ID}},FINANCE,NX02_DASHBOARD,FALSE,FALSE,FALSE,FALSE,FALSE,TRUE,ALL,NOW(),NX01USER0000001,NOW(),NX01USER0000001
NX01RVEW0000231,{{TENANT_ID}},HR,NX02_DASHBOARD,FALSE,FALSE,FALSE,FALSE,FALSE,TRUE,ALL,NOW(),NX01USER0000001,NOW(),NX01USER0000001
NX01RVEW0000232,{{TENANT_ID}},SYSADMIN,NX02_DEMAND,TRUE,TRUE,TRUE,TRUE,TRUE,TRUE,ALL,NOW(),NX01USER0000001,NOW(),NX01USER0000001
NX01RVEW0000233,{{TENANT_ID}},PURCHASE,NX02_DEMAND,TRUE,TRUE,TRUE,TRUE,TRUE,TRUE,ALL,NOW(),NX01USER0000001,NOW(),NX01USER0000001
NX01RVEW0000234,{{TENANT_ID}},SALES,NX02_DEMAND,TRUE,TRUE,FALSE,FALSE,FALSE,TRUE,ALL,NOW(),NX01USER0000001,NOW(),NX01USER0000001
NX01RVEW0000235,{{TENANT_ID}},WAREHOUSE,NX02_DEMAND,TRUE,FALSE,FALSE,FALSE,FALSE,TRUE,ALL,NOW(),NX01USER0000001,NOW(),NX01USER0000001
NX01RVEW0000236,{{TENANT_ID}},FINANCE,NX02_DEMAND,FALSE,FALSE,FALSE,FALSE,FALSE,TRUE,ALL,NOW(),NX01USER0000001,NOW(),NX01USER0000001
NX01RVEW0000238,{{TENANT_ID}},HR,NX02_DEMAND,FALSE,FALSE,FALSE,FALSE,FALSE,TRUE,ALL,NOW(),NX01USER0000001,NOW(),NX01USER0000001
NX01RVEW0000239,{{TENANT_ID}},SYSADMIN,NX02_RFQ,TRUE,TRUE,TRUE,TRUE,TRUE,TRUE,ALL,NOW(),NX01USER0000001,NOW(),NX01USER0000001
NX01RVEW0000240,{{TENANT_ID}},PURCHASE,NX02_RFQ,TRUE,TRUE,TRUE,TRUE,TRUE,TRUE,ALL,NOW(),NX01USER0000001,NOW(),NX01USER0000001
NX01RVEW0000241,{{TENANT_ID}},SALES,NX02_RFQ,TRUE,TRUE,FALSE,FALSE,FALSE,TRUE,ALL,NOW(),NX01USER0000001,NOW(),NX01USER0000001
NX01RVEW0000242,{{TENANT_ID}},WAREHOUSE,NX02_RFQ,FALSE,FALSE,FALSE,FALSE,FALSE,TRUE,ALL,NOW(),NX01USER0000001,NOW(),NX01USER0000001
NX01RVEW0000243,{{TENANT_ID}},FINANCE,NX02_RFQ,TRUE,FALSE,FALSE,FALSE,FALSE,TRUE,ALL,NOW(),NX01USER0000001,NOW(),NX01USER0000001
NX01RVEW0000245,{{TENANT_ID}},HR,NX02_RFQ,FALSE,FALSE,FALSE,FALSE,FALSE,TRUE,ALL,NOW(),NX01USER0000001,NOW(),NX01USER0000001
NX01RVEW0000246,{{TENANT_ID}},SYSADMIN,NX02_PO,TRUE,TRUE,TRUE,TRUE,TRUE,TRUE,ALL,NOW(),NX01USER0000001,NOW(),NX01USER0000001
NX01RVEW0000247,{{TENANT_ID}},PURCHASE,NX02_PO,TRUE,TRUE,TRUE,TRUE,TRUE,TRUE,ALL,NOW(),NX01USER0000001,NOW(),NX01USER0000001
NX01RVEW0000248,{{TENANT_ID}},SALES,NX02_PO,FALSE,FALSE,FALSE,FALSE,FALSE,TRUE,ALL,NOW(),NX01USER0000001,NOW(),NX01USER0000001
NX01RVEW0000249,{{TENANT_ID}},WAREHOUSE,NX02_PO,FALSE,FALSE,FALSE,FALSE,FALSE,TRUE,ALL,NOW(),NX01USER0000001,NOW(),NX01USER0000001
NX01RVEW0000250,{{TENANT_ID}},FINANCE,NX02_PO,TRUE,FALSE,FALSE,FALSE,FALSE,TRUE,ALL,NOW(),NX01USER0000001,NOW(),NX01USER0000001
NX01RVEW0000252,{{TENANT_ID}},HR,NX02_PO,FALSE,FALSE,FALSE,FALSE,FALSE,TRUE,ALL,NOW(),NX01USER0000001,NOW(),NX01USER0000001
NX01RVEW0000253,{{TENANT_ID}},SYSADMIN,NX02_RR,TRUE,TRUE,TRUE,TRUE,TRUE,TRUE,ALL,NOW(),NX01USER0000001,NOW(),NX01USER0000001
NX01RVEW0000254,{{TENANT_ID}},PURCHASE,NX02_RR,TRUE,TRUE,TRUE,FALSE,FALSE,TRUE,ALL,NOW(),NX01USER0000001,NOW(),NX01USER0000001
NX01RVEW0000255,{{TENANT_ID}},SALES,NX02_RR,FALSE,FALSE,FALSE,FALSE,FALSE,TRUE,ALL,NOW(),NX01USER0000001,NOW(),NX01USER0000001
NX01RVEW0000256,{{TENANT_ID}},WAREHOUSE,NX02_RR,TRUE,TRUE,TRUE,FALSE,FALSE,TRUE,ALL,NOW(),NX01USER0000001,NOW(),NX01USER0000001
NX01RVEW0000257,{{TENANT_ID}},FINANCE,NX02_RR,TRUE,FALSE,FALSE,FALSE,FALSE,TRUE,ALL,NOW(),NX01USER0000001,NOW(),NX01USER0000001
NX01RVEW0000259,{{TENANT_ID}},HR,NX02_RR,FALSE,FALSE,FALSE,FALSE,FALSE,TRUE,ALL,NOW(),NX01USER0000001,NOW(),NX01USER0000001
NX01RVEW0000260,{{TENANT_ID}},SYSADMIN,NX02_RR_IMPORT,TRUE,TRUE,TRUE,TRUE,TRUE,TRUE,ALL,NOW(),NX01USER0000001,NOW(),NX01USER0000001
NX01RVEW0000261,{{TENANT_ID}},PURCHASE,NX02_RR_IMPORT,TRUE,TRUE,TRUE,FALSE,FALSE,TRUE,ALL,NOW(),NX01USER0000001,NOW(),NX01USER0000001
NX01RVEW0000262,{{TENANT_ID}},SALES,NX02_RR_IMPORT,FALSE,FALSE,FALSE,FALSE,FALSE,TRUE,ALL,NOW(),NX01USER0000001,NOW(),NX01USER0000001
NX01RVEW0000263,{{TENANT_ID}},WAREHOUSE,NX02_RR_IMPORT,FALSE,FALSE,FALSE,FALSE,FALSE,TRUE,ALL,NOW(),NX01USER0000001,NOW(),NX01USER0000001
NX01RVEW0000264,{{TENANT_ID}},FINANCE,NX02_RR_IMPORT,TRUE,FALSE,FALSE,FALSE,FALSE,TRUE,ALL,NOW(),NX01USER0000001,NOW(),NX01USER0000001
NX01RVEW0000266,{{TENANT_ID}},HR,NX02_RR_IMPORT,FALSE,FALSE,FALSE,FALSE,FALSE,TRUE,ALL,NOW(),NX01USER0000001,NOW(),NX01USER0000001
NX01RVEW0000267,{{TENANT_ID}},SYSADMIN,NX02_PR,TRUE,TRUE,TRUE,TRUE,TRUE,TRUE,ALL,NOW(),NX01USER0000001,NOW(),NX01USER0000001
NX01RVEW0000268,{{TENANT_ID}},PURCHASE,NX02_PR,TRUE,TRUE,TRUE,TRUE,TRUE,TRUE,ALL,NOW(),NX01USER0000001,NOW(),NX01USER0000001
NX01RVEW0000269,{{TENANT_ID}},SALES,NX02_PR,FALSE,FALSE,FALSE,FALSE,FALSE,TRUE,ALL,NOW(),NX01USER0000001,NOW(),NX01USER0000001
NX01RVEW0000270,{{TENANT_ID}},WAREHOUSE,NX02_PR,TRUE,FALSE,FALSE,FALSE,FALSE,TRUE,ALL,NOW(),NX01USER0000001,NOW(),NX01USER0000001
NX01RVEW0000271,{{TENANT_ID}},FINANCE,NX02_PR,TRUE,FALSE,FALSE,FALSE,FALSE,TRUE,ALL,NOW(),NX01USER0000001,NOW(),NX01USER0000001
NX01RVEW0000273,{{TENANT_ID}},HR,NX02_PR,FALSE,FALSE,FALSE,FALSE,FALSE,TRUE,ALL,NOW(),NX01USER0000001,NOW(),NX01USER0000001
NX01RVEW0000274,{{TENANT_ID}},SYSADMIN,NX02_TI,TRUE,TRUE,TRUE,TRUE,TRUE,TRUE,ALL,NOW(),NX01USER0000001,NOW(),NX01USER0000001
NX01RVEW0000275,{{TENANT_ID}},PURCHASE,NX02_TI,TRUE,TRUE,TRUE,FALSE,FALSE,TRUE,ALL,NOW(),NX01USER0000001,NOW(),NX01USER0000001
NX01RVEW0000276,{{TENANT_ID}},SALES,NX02_TI,TRUE,TRUE,FALSE,FALSE,FALSE,TRUE,ALL,NOW(),NX01USER0000001,NOW(),NX01USER0000001
NX01RVEW0000277,{{TENANT_ID}},WAREHOUSE,NX02_TI,TRUE,FALSE,FALSE,FALSE,FALSE,TRUE,ALL,NOW(),NX01USER0000001,NOW(),NX01USER0000001
NX01RVEW0000278,{{TENANT_ID}},FINANCE,NX02_TI,FALSE,FALSE,FALSE,FALSE,FALSE,TRUE,ALL,NOW(),NX01USER0000001,NOW(),NX01USER0000001
NX01RVEW0000280,{{TENANT_ID}},HR,NX02_TI,FALSE,FALSE,FALSE,FALSE,FALSE,TRUE,ALL,NOW(),NX01USER0000001,NOW(),NX01USER0000001
NX01RVEW0000281,{{TENANT_ID}},SYSADMIN,NX02_WARRANTY,TRUE,TRUE,TRUE,TRUE,TRUE,TRUE,ALL,NOW(),NX01USER0000001,NOW(),NX01USER0000001
NX01RVEW0000282,{{TENANT_ID}},PURCHASE,NX02_WARRANTY,TRUE,TRUE,TRUE,FALSE,FALSE,TRUE,ALL,NOW(),NX01USER0000001,NOW(),NX01USER0000001
NX01RVEW0000283,{{TENANT_ID}},SALES,NX02_WARRANTY,TRUE,TRUE,FALSE,FALSE,FALSE,TRUE,ALL,NOW(),NX01USER0000001,NOW(),NX01USER0000001
NX01RVEW0000284,{{TENANT_ID}},WAREHOUSE,NX02_WARRANTY,TRUE,FALSE,FALSE,FALSE,FALSE,TRUE,ALL,NOW(),NX01USER0000001,NOW(),NX01USER0000001
NX01RVEW0000285,{{TENANT_ID}},FINANCE,NX02_WARRANTY,FALSE,FALSE,FALSE,FALSE,FALSE,TRUE,ALL,NOW(),NX01USER0000001,NOW(),NX01USER0000001
NX01RVEW0000287,{{TENANT_ID}},HR,NX02_WARRANTY,FALSE,FALSE,FALSE,FALSE,FALSE,TRUE,ALL,NOW(),NX01USER0000001,NOW(),NX01USER0000001
NX01RVEW0000288,{{TENANT_ID}},SYSADMIN,NX02_PARTNER_EVAL,TRUE,TRUE,TRUE,TRUE,TRUE,TRUE,ALL,NOW(),NX01USER0000001,NOW(),NX01USER0000001
NX01RVEW0000289,{{TENANT_ID}},PURCHASE,NX02_PARTNER_EVAL,TRUE,TRUE,TRUE,FALSE,FALSE,TRUE,ALL,NOW(),NX01USER0000001,NOW(),NX01USER0000001
NX01RVEW0000290,{{TENANT_ID}},SALES,NX02_PARTNER_EVAL,FALSE,FALSE,FALSE,FALSE,FALSE,TRUE,ALL,NOW(),NX01USER0000001,NOW(),NX01USER0000001
NX01RVEW0000291,{{TENANT_ID}},WAREHOUSE,NX02_PARTNER_EVAL,FALSE,FALSE,FALSE,FALSE,FALSE,TRUE,ALL,NOW(),NX01USER0000001,NOW(),NX01USER0000001
NX01RVEW0000292,{{TENANT_ID}},FINANCE,NX02_PARTNER_EVAL,FALSE,FALSE,FALSE,FALSE,FALSE,TRUE,ALL,NOW(),NX01USER0000001,NOW(),NX01USER0000001
NX01RVEW0000294,{{TENANT_ID}},HR,NX02_PARTNER_EVAL,FALSE,FALSE,FALSE,FALSE,FALSE,TRUE,ALL,NOW(),NX01USER0000001,NOW(),NX01USER0000001
NX01RVEW0000295,{{TENANT_ID}},SYSADMIN,NX02_STOCK_SETTING,TRUE,TRUE,TRUE,TRUE,TRUE,TRUE,ALL,NOW(),NX01USER0000001,NOW(),NX01USER0000001
NX01RVEW0000296,{{TENANT_ID}},PURCHASE,NX02_STOCK_SETTING,TRUE,TRUE,TRUE,FALSE,FALSE,TRUE,ALL,NOW(),NX01USER0000001,NOW(),NX01USER0000001
NX01RVEW0000297,{{TENANT_ID}},SALES,NX02_STOCK_SETTING,FALSE,FALSE,FALSE,FALSE,FALSE,TRUE,ALL,NOW(),NX01USER0000001,NOW(),NX01USER0000001
NX01RVEW0000298,{{TENANT_ID}},WAREHOUSE,NX02_STOCK_SETTING,TRUE,FALSE,FALSE,FALSE,FALSE,TRUE,ALL,NOW(),NX01USER0000001,NOW(),NX01USER0000001
NX01RVEW0000299,{{TENANT_ID}},FINANCE,NX02_STOCK_SETTING,FALSE,FALSE,FALSE,FALSE,FALSE,TRUE,ALL,NOW(),NX01USER0000001,NOW(),NX01USER0000001
NX01RVEW0000301,{{TENANT_ID}},HR,NX02_STOCK_SETTING,FALSE,FALSE,FALSE,FALSE,FALSE,TRUE,ALL,NOW(),NX01USER0000001,NOW(),NX01USER0000001
NX01RVEW0000302,{{TENANT_ID}},SYSADMIN,NX03_DASHBOARD,TRUE,FALSE,FALSE,FALSE,FALSE,TRUE,ALL,NOW(),NX01USER0000001,NOW(),NX01USER0000001
NX01RVEW0000303,{{TENANT_ID}},PURCHASE,NX03_DASHBOARD,TRUE,FALSE,FALSE,FALSE,FALSE,TRUE,ALL,NOW(),NX01USER0000001,NOW(),NX01USER0000001
NX01RVEW0000304,{{TENANT_ID}},SALES,NX03_DASHBOARD,TRUE,FALSE,FALSE,FALSE,FALSE,TRUE,ALL,NOW(),NX01USER0000001,NOW(),NX01USER0000001
NX01RVEW0000305,{{TENANT_ID}},WAREHOUSE,NX03_DASHBOARD,TRUE,FALSE,FALSE,FALSE,FALSE,TRUE,ALL,NOW(),NX01USER0000001,NOW(),NX01USER0000001
NX01RVEW0000306,{{TENANT_ID}},FINANCE,NX03_DASHBOARD,FALSE,FALSE,FALSE,FALSE,FALSE,TRUE,ALL,NOW(),NX01USER0000001,NOW(),NX01USER0000001
NX01RVEW0000308,{{TENANT_ID}},HR,NX03_DASHBOARD,FALSE,FALSE,FALSE,FALSE,FALSE,TRUE,ALL,NOW(),NX01USER0000001,NOW(),NX01USER0000001
NX01RVEW0000309,{{TENANT_ID}},SYSADMIN,NX03_BALANCE,TRUE,FALSE,FALSE,FALSE,TRUE,TRUE,ALL,NOW(),NX01USER0000001,NOW(),NX01USER0000001
NX01RVEW0000310,{{TENANT_ID}},PURCHASE,NX03_BALANCE,TRUE,FALSE,FALSE,FALSE,TRUE,TRUE,ALL,NOW(),NX01USER0000001,NOW(),NX01USER0000001
NX01RVEW0000311,{{TENANT_ID}},SALES,NX03_BALANCE,TRUE,FALSE,FALSE,FALSE,FALSE,TRUE,ALL,NOW(),NX01USER0000001,NOW(),NX01USER0000001
NX01RVEW0000312,{{TENANT_ID}},WAREHOUSE,NX03_BALANCE,TRUE,FALSE,FALSE,FALSE,TRUE,TRUE,ALL,NOW(),NX01USER0000001,NOW(),NX01USER0000001
NX01RVEW0000313,{{TENANT_ID}},FINANCE,NX03_BALANCE,TRUE,FALSE,FALSE,FALSE,FALSE,TRUE,ALL,NOW(),NX01USER0000001,NOW(),NX01USER0000001
NX01RVEW0000315,{{TENANT_ID}},HR,NX03_BALANCE,FALSE,FALSE,FALSE,FALSE,FALSE,TRUE,ALL,NOW(),NX01USER0000001,NOW(),NX01USER0000001
NX01RVEW0000316,{{TENANT_ID}},SYSADMIN,NX03_LEDGER,TRUE,FALSE,FALSE,FALSE,TRUE,TRUE,ALL,NOW(),NX01USER0000001,NOW(),NX01USER0000001
NX01RVEW0000317,{{TENANT_ID}},PURCHASE,NX03_LEDGER,TRUE,FALSE,FALSE,FALSE,FALSE,TRUE,ALL,NOW(),NX01USER0000001,NOW(),NX01USER0000001
NX01RVEW0000318,{{TENANT_ID}},SALES,NX03_LEDGER,TRUE,FALSE,FALSE,FALSE,FALSE,TRUE,ALL,NOW(),NX01USER0000001,NOW(),NX01USER0000001
NX01RVEW0000319,{{TENANT_ID}},WAREHOUSE,NX03_LEDGER,TRUE,FALSE,FALSE,FALSE,TRUE,TRUE,ALL,NOW(),NX01USER0000001,NOW(),NX01USER0000001
NX01RVEW0000320,{{TENANT_ID}},FINANCE,NX03_LEDGER,TRUE,FALSE,FALSE,FALSE,FALSE,TRUE,ALL,NOW(),NX01USER0000001,NOW(),NX01USER0000001
NX01RVEW0000322,{{TENANT_ID}},HR,NX03_LEDGER,FALSE,FALSE,FALSE,FALSE,FALSE,TRUE,ALL,NOW(),NX01USER0000001,NOW(),NX01USER0000001
NX01RVEW0000323,{{TENANT_ID}},SYSADMIN,NX03_INIT,TRUE,TRUE,TRUE,TRUE,TRUE,TRUE,ALL,NOW(),NX01USER0000001,NOW(),NX01USER0000001
NX01RVEW0000324,{{TENANT_ID}},PURCHASE,NX03_INIT,FALSE,FALSE,FALSE,FALSE,FALSE,TRUE,ALL,NOW(),NX01USER0000001,NOW(),NX01USER0000001
NX01RVEW0000325,{{TENANT_ID}},SALES,NX03_INIT,FALSE,FALSE,FALSE,FALSE,FALSE,TRUE,ALL,NOW(),NX01USER0000001,NOW(),NX01USER0000001
NX01RVEW0000326,{{TENANT_ID}},WAREHOUSE,NX03_INIT,TRUE,TRUE,TRUE,FALSE,FALSE,TRUE,ALL,NOW(),NX01USER0000001,NOW(),NX01USER0000001
NX01RVEW0000327,{{TENANT_ID}},FINANCE,NX03_INIT,FALSE,FALSE,FALSE,FALSE,FALSE,TRUE,ALL,NOW(),NX01USER0000001,NOW(),NX01USER0000001
NX01RVEW0000329,{{TENANT_ID}},HR,NX03_INIT,FALSE,FALSE,FALSE,FALSE,FALSE,TRUE,ALL,NOW(),NX01USER0000001,NOW(),NX01USER0000001
NX01RVEW0000330,{{TENANT_ID}},SYSADMIN,NX03_STOCK_TAKE,TRUE,TRUE,TRUE,TRUE,TRUE,TRUE,ALL,NOW(),NX01USER0000001,NOW(),NX01USER0000001
NX01RVEW0000331,{{TENANT_ID}},PURCHASE,NX03_STOCK_TAKE,FALSE,FALSE,FALSE,FALSE,FALSE,TRUE,ALL,NOW(),NX01USER0000001,NOW(),NX01USER0000001
NX01RVEW0000332,{{TENANT_ID}},SALES,NX03_STOCK_TAKE,FALSE,FALSE,FALSE,FALSE,FALSE,TRUE,ALL,NOW(),NX01USER0000001,NOW(),NX01USER0000001
NX01RVEW0000333,{{TENANT_ID}},WAREHOUSE,NX03_STOCK_TAKE,TRUE,TRUE,TRUE,TRUE,TRUE,TRUE,ALL,NOW(),NX01USER0000001,NOW(),NX01USER0000001
NX01RVEW0000334,{{TENANT_ID}},FINANCE,NX03_STOCK_TAKE,FALSE,FALSE,FALSE,FALSE,FALSE,TRUE,ALL,NOW(),NX01USER0000001,NOW(),NX01USER0000001
NX01RVEW0000336,{{TENANT_ID}},HR,NX03_STOCK_TAKE,FALSE,FALSE,FALSE,FALSE,FALSE,TRUE,ALL,NOW(),NX01USER0000001,NOW(),NX01USER0000001
NX01RVEW0000337,{{TENANT_ID}},SYSADMIN,NX03_TRANSFER,TRUE,TRUE,TRUE,TRUE,TRUE,TRUE,ALL,NOW(),NX01USER0000001,NOW(),NX01USER0000001
NX01RVEW0000338,{{TENANT_ID}},PURCHASE,NX03_TRANSFER,TRUE,FALSE,FALSE,FALSE,FALSE,TRUE,ALL,NOW(),NX01USER0000001,NOW(),NX01USER0000001
NX01RVEW0000339,{{TENANT_ID}},SALES,NX03_TRANSFER,TRUE,FALSE,FALSE,FALSE,FALSE,TRUE,ALL,NOW(),NX01USER0000001,NOW(),NX01USER0000001
NX01RVEW0000340,{{TENANT_ID}},WAREHOUSE,NX03_TRANSFER,TRUE,TRUE,TRUE,TRUE,TRUE,TRUE,ALL,NOW(),NX01USER0000001,NOW(),NX01USER0000001
NX01RVEW0000341,{{TENANT_ID}},FINANCE,NX03_TRANSFER,FALSE,FALSE,FALSE,FALSE,FALSE,TRUE,ALL,NOW(),NX01USER0000001,NOW(),NX01USER0000001
NX01RVEW0000343,{{TENANT_ID}},HR,NX03_TRANSFER,FALSE,FALSE,FALSE,FALSE,FALSE,TRUE,ALL,NOW(),NX01USER0000001,NOW(),NX01USER0000001
NX01RVEW0000344,{{TENANT_ID}},SYSADMIN,NX03_SHORTAGE,TRUE,FALSE,FALSE,FALSE,FALSE,TRUE,ALL,NOW(),NX01USER0000001,NOW(),NX01USER0000001
NX01RVEW0000345,{{TENANT_ID}},PURCHASE,NX03_SHORTAGE,TRUE,FALSE,FALSE,FALSE,FALSE,TRUE,ALL,NOW(),NX01USER0000001,NOW(),NX01USER0000001
NX01RVEW0000346,{{TENANT_ID}},SALES,NX03_SHORTAGE,TRUE,FALSE,FALSE,FALSE,FALSE,TRUE,ALL,NOW(),NX01USER0000001,NOW(),NX01USER0000001
NX01RVEW0000347,{{TENANT_ID}},WAREHOUSE,NX03_SHORTAGE,TRUE,FALSE,FALSE,FALSE,FALSE,TRUE,ALL,NOW(),NX01USER0000001,NOW(),NX01USER0000001
NX01RVEW0000348,{{TENANT_ID}},FINANCE,NX03_SHORTAGE,FALSE,FALSE,FALSE,FALSE,FALSE,TRUE,ALL,NOW(),NX01USER0000001,NOW(),NX01USER0000001
NX01RVEW0000350,{{TENANT_ID}},HR,NX03_SHORTAGE,FALSE,FALSE,FALSE,FALSE,FALSE,TRUE,ALL,NOW(),NX01USER0000001,NOW(),NX01USER0000001
NX01RVEW0000351,{{TENANT_ID}},SYSADMIN,NX03_AUTO_REPLENISH,TRUE,TRUE,TRUE,TRUE,TRUE,TRUE,ALL,NOW(),NX01USER0000001,NOW(),NX01USER0000001
NX01RVEW0000352,{{TENANT_ID}},PURCHASE,NX03_AUTO_REPLENISH,FALSE,FALSE,FALSE,FALSE,FALSE,TRUE,ALL,NOW(),NX01USER0000001,NOW(),NX01USER0000001
NX01RVEW0000353,{{TENANT_ID}},SALES,NX03_AUTO_REPLENISH,FALSE,FALSE,FALSE,FALSE,FALSE,TRUE,ALL,NOW(),NX01USER0000001,NOW(),NX01USER0000001
NX01RVEW0000354,{{TENANT_ID}},WAREHOUSE,NX03_AUTO_REPLENISH,TRUE,TRUE,TRUE,FALSE,FALSE,TRUE,ALL,NOW(),NX01USER0000001,NOW(),NX01USER0000001
NX01RVEW0000355,{{TENANT_ID}},FINANCE,NX03_AUTO_REPLENISH,FALSE,FALSE,FALSE,FALSE,FALSE,TRUE,ALL,NOW(),NX01USER0000001,NOW(),NX01USER0000001
NX01RVEW0000357,{{TENANT_ID}},HR,NX03_AUTO_REPLENISH,FALSE,FALSE,FALSE,FALSE,FALSE,TRUE,ALL,NOW(),NX01USER0000001,NOW(),NX01USER0000001
NX01RVEW0000358,{{TENANT_ID}},SYSADMIN,NX03_PK,TRUE,TRUE,TRUE,TRUE,TRUE,TRUE,ALL,NOW(),NX01USER0000001,NOW(),NX01USER0000001
NX01RVEW0000359,{{TENANT_ID}},PURCHASE,NX03_PK,FALSE,FALSE,FALSE,FALSE,FALSE,TRUE,ALL,NOW(),NX01USER0000001,NOW(),NX01USER0000001
NX01RVEW0000360,{{TENANT_ID}},SALES,NX03_PK,FALSE,FALSE,FALSE,FALSE,FALSE,TRUE,ALL,NOW(),NX01USER0000001,NOW(),NX01USER0000001
NX01RVEW0000361,{{TENANT_ID}},WAREHOUSE,NX03_PK,TRUE,TRUE,TRUE,TRUE,TRUE,TRUE,ALL,NOW(),NX01USER0000001,NOW(),NX01USER0000001
NX01RVEW0000362,{{TENANT_ID}},FINANCE,NX03_PK,FALSE,FALSE,FALSE,FALSE,FALSE,TRUE,ALL,NOW(),NX01USER0000001,NOW(),NX01USER0000001
NX01RVEW0000364,{{TENANT_ID}},HR,NX03_PK,FALSE,FALSE,FALSE,FALSE,FALSE,TRUE,ALL,NOW(),NX01USER0000001,NOW(),NX01USER0000001
NX01RVEW0000365,{{TENANT_ID}},SYSADMIN,NX03_PL,TRUE,TRUE,TRUE,TRUE,TRUE,TRUE,ALL,NOW(),NX01USER0000001,NOW(),NX01USER0000001
NX01RVEW0000366,{{TENANT_ID}},PURCHASE,NX03_PL,FALSE,FALSE,FALSE,FALSE,FALSE,TRUE,ALL,NOW(),NX01USER0000001,NOW(),NX01USER0000001
NX01RVEW0000367,{{TENANT_ID}},SALES,NX03_PL,FALSE,FALSE,FALSE,FALSE,FALSE,TRUE,ALL,NOW(),NX01USER0000001,NOW(),NX01USER0000001
NX01RVEW0000368,{{TENANT_ID}},WAREHOUSE,NX03_PL,TRUE,TRUE,TRUE,TRUE,TRUE,TRUE,ALL,NOW(),NX01USER0000001,NOW(),NX01USER0000001
NX01RVEW0000369,{{TENANT_ID}},FINANCE,NX03_PL,FALSE,FALSE,FALSE,FALSE,FALSE,TRUE,ALL,NOW(),NX01USER0000001,NOW(),NX01USER0000001
NX01RVEW0000371,{{TENANT_ID}},HR,NX03_PL,FALSE,FALSE,FALSE,FALSE,FALSE,TRUE,ALL,NOW(),NX01USER0000001,NOW(),NX01USER0000001
NX01RVEW0000372,{{TENANT_ID}},SYSADMIN,NX03_PARCEL,TRUE,FALSE,FALSE,FALSE,FALSE,TRUE,ALL,NOW(),NX01USER0000001,NOW(),NX01USER0000001
NX01RVEW0000373,{{TENANT_ID}},PURCHASE,NX03_PARCEL,FALSE,FALSE,FALSE,FALSE,FALSE,TRUE,ALL,NOW(),NX01USER0000001,NOW(),NX01USER0000001
NX01RVEW0000374,{{TENANT_ID}},SALES,NX03_PARCEL,TRUE,FALSE,FALSE,FALSE,FALSE,TRUE,ALL,NOW(),NX01USER0000001,NOW(),NX01USER0000001
NX01RVEW0000375,{{TENANT_ID}},WAREHOUSE,NX03_PARCEL,TRUE,FALSE,FALSE,FALSE,FALSE,TRUE,ALL,NOW(),NX01USER0000001,NOW(),NX01USER0000001
NX01RVEW0000376,{{TENANT_ID}},FINANCE,NX03_PARCEL,FALSE,FALSE,FALSE,FALSE,FALSE,TRUE,ALL,NOW(),NX01USER0000001,NOW(),NX01USER0000001
NX01RVEW0000378,{{TENANT_ID}},HR,NX03_PARCEL,FALSE,FALSE,FALSE,FALSE,FALSE,TRUE,ALL,NOW(),NX01USER0000001,NOW(),NX01USER0000001
NX01RVEW0000379,{{TENANT_ID}},SYSADMIN,NX03_LOCATION_MGMT,TRUE,TRUE,TRUE,TRUE,TRUE,TRUE,ALL,NOW(),NX01USER0000001,NOW(),NX01USER0000001
NX01RVEW0000380,{{TENANT_ID}},PURCHASE,NX03_LOCATION_MGMT,FALSE,FALSE,FALSE,FALSE,FALSE,TRUE,ALL,NOW(),NX01USER0000001,NOW(),NX01USER0000001
NX01RVEW0000381,{{TENANT_ID}},SALES,NX03_LOCATION_MGMT,FALSE,FALSE,FALSE,FALSE,FALSE,TRUE,ALL,NOW(),NX01USER0000001,NOW(),NX01USER0000001
NX01RVEW0000382,{{TENANT_ID}},WAREHOUSE,NX03_LOCATION_MGMT,TRUE,TRUE,TRUE,FALSE,FALSE,TRUE,ALL,NOW(),NX01USER0000001,NOW(),NX01USER0000001
NX01RVEW0000383,{{TENANT_ID}},FINANCE,NX03_LOCATION_MGMT,FALSE,FALSE,FALSE,FALSE,FALSE,TRUE,ALL,NOW(),NX01USER0000001,NOW(),NX01USER0000001
NX01RVEW0000385,{{TENANT_ID}},HR,NX03_LOCATION_MGMT,FALSE,FALSE,FALSE,FALSE,FALSE,TRUE,ALL,NOW(),NX01USER0000001,NOW(),NX01USER0000001
NX01RVEW0000386,{{TENANT_ID}},SYSADMIN,NX04_DASHBOARD,TRUE,FALSE,FALSE,FALSE,FALSE,TRUE,ALL,NOW(),NX01USER0000001,NOW(),NX01USER0000001
NX01RVEW0000387,{{TENANT_ID}},PURCHASE,NX04_DASHBOARD,FALSE,FALSE,FALSE,FALSE,FALSE,TRUE,ALL,NOW(),NX01USER0000001,NOW(),NX01USER0000001
NX01RVEW0000388,{{TENANT_ID}},SALES,NX04_DASHBOARD,TRUE,FALSE,FALSE,FALSE,FALSE,TRUE,ALL,NOW(),NX01USER0000001,NOW(),NX01USER0000001
NX01RVEW0000389,{{TENANT_ID}},WAREHOUSE,NX04_DASHBOARD,TRUE,FALSE,FALSE,FALSE,FALSE,TRUE,ALL,NOW(),NX01USER0000001,NOW(),NX01USER0000001
NX01RVEW0000390,{{TENANT_ID}},FINANCE,NX04_DASHBOARD,TRUE,FALSE,FALSE,FALSE,FALSE,TRUE,ALL,NOW(),NX01USER0000001,NOW(),NX01USER0000001
NX01RVEW0000392,{{TENANT_ID}},HR,NX04_DASHBOARD,FALSE,FALSE,FALSE,FALSE,FALSE,TRUE,ALL,NOW(),NX01USER0000001,NOW(),NX01USER0000001
NX01RVEW0000393,{{TENANT_ID}},SYSADMIN,NX04_QUOTE,TRUE,TRUE,TRUE,TRUE,TRUE,TRUE,ALL,NOW(),NX01USER0000001,NOW(),NX01USER0000001
NX01RVEW0000394,{{TENANT_ID}},PURCHASE,NX04_QUOTE,FALSE,FALSE,FALSE,FALSE,FALSE,TRUE,ALL,NOW(),NX01USER0000001,NOW(),NX01USER0000001
NX01RVEW0000395,{{TENANT_ID}},SALES,NX04_QUOTE,TRUE,TRUE,TRUE,TRUE,TRUE,TRUE,ALL,NOW(),NX01USER0000001,NOW(),NX01USER0000001
NX01RVEW0000396,{{TENANT_ID}},WAREHOUSE,NX04_QUOTE,FALSE,FALSE,FALSE,FALSE,FALSE,TRUE,ALL,NOW(),NX01USER0000001,NOW(),NX01USER0000001
NX01RVEW0000397,{{TENANT_ID}},FINANCE,NX04_QUOTE,TRUE,FALSE,FALSE,FALSE,FALSE,TRUE,ALL,NOW(),NX01USER0000001,NOW(),NX01USER0000001
NX01RVEW0000399,{{TENANT_ID}},HR,NX04_QUOTE,FALSE,FALSE,FALSE,FALSE,FALSE,TRUE,ALL,NOW(),NX01USER0000001,NOW(),NX01USER0000001
NX01RVEW0000400,{{TENANT_ID}},SYSADMIN,NX04_SO,TRUE,TRUE,TRUE,TRUE,TRUE,TRUE,ALL,NOW(),NX01USER0000001,NOW(),NX01USER0000001
NX01RVEW0000401,{{TENANT_ID}},PURCHASE,NX04_SO,FALSE,FALSE,FALSE,FALSE,FALSE,TRUE,ALL,NOW(),NX01USER0000001,NOW(),NX01USER0000001
NX01RVEW0000402,{{TENANT_ID}},SALES,NX04_SO,TRUE,TRUE,TRUE,TRUE,TRUE,TRUE,ALL,NOW(),NX01USER0000001,NOW(),NX01USER0000001
NX01RVEW0000403,{{TENANT_ID}},WAREHOUSE,NX04_SO,TRUE,FALSE,FALSE,FALSE,FALSE,TRUE,ALL,NOW(),NX01USER0000001,NOW(),NX01USER0000001
NX01RVEW0000404,{{TENANT_ID}},FINANCE,NX04_SO,TRUE,FALSE,FALSE,FALSE,FALSE,TRUE,ALL,NOW(),NX01USER0000001,NOW(),NX01USER0000001
NX01RVEW0000406,{{TENANT_ID}},HR,NX04_SO,FALSE,FALSE,FALSE,FALSE,FALSE,TRUE,ALL,NOW(),NX01USER0000001,NOW(),NX01USER0000001
NX01RVEW0000407,{{TENANT_ID}},SYSADMIN,NX04_SR,TRUE,TRUE,TRUE,TRUE,TRUE,TRUE,ALL,NOW(),NX01USER0000001,NOW(),NX01USER0000001
NX01RVEW0000408,{{TENANT_ID}},PURCHASE,NX04_SR,FALSE,FALSE,FALSE,FALSE,FALSE,TRUE,ALL,NOW(),NX01USER0000001,NOW(),NX01USER0000001
NX01RVEW0000409,{{TENANT_ID}},SALES,NX04_SR,TRUE,TRUE,TRUE,TRUE,TRUE,TRUE,ALL,NOW(),NX01USER0000001,NOW(),NX01USER0000001
NX01RVEW0000410,{{TENANT_ID}},WAREHOUSE,NX04_SR,TRUE,FALSE,FALSE,FALSE,FALSE,TRUE,ALL,NOW(),NX01USER0000001,NOW(),NX01USER0000001
NX01RVEW0000411,{{TENANT_ID}},FINANCE,NX04_SR,TRUE,FALSE,FALSE,FALSE,FALSE,TRUE,ALL,NOW(),NX01USER0000001,NOW(),NX01USER0000001
NX01RVEW0000413,{{TENANT_ID}},HR,NX04_SR,FALSE,FALSE,FALSE,FALSE,FALSE,TRUE,ALL,NOW(),NX01USER0000001,NOW(),NX01USER0000001
NX01RVEW0000414,{{TENANT_ID}},SYSADMIN,NX04_CUSTOMER_DEV,TRUE,TRUE,TRUE,TRUE,TRUE,TRUE,ALL,NOW(),NX01USER0000001,NOW(),NX01USER0000001
NX01RVEW0000415,{{TENANT_ID}},PURCHASE,NX04_CUSTOMER_DEV,FALSE,FALSE,FALSE,FALSE,FALSE,TRUE,ALL,NOW(),NX01USER0000001,NOW(),NX01USER0000001
NX01RVEW0000416,{{TENANT_ID}},SALES,NX04_CUSTOMER_DEV,TRUE,TRUE,TRUE,TRUE,TRUE,TRUE,ALL,NOW(),NX01USER0000001,NOW(),NX01USER0000001
NX01RVEW0000417,{{TENANT_ID}},WAREHOUSE,NX04_CUSTOMER_DEV,FALSE,FALSE,FALSE,FALSE,FALSE,TRUE,ALL,NOW(),NX01USER0000001,NOW(),NX01USER0000001
NX01RVEW0000418,{{TENANT_ID}},FINANCE,NX04_CUSTOMER_DEV,FALSE,FALSE,FALSE,FALSE,FALSE,TRUE,ALL,NOW(),NX01USER0000001,NOW(),NX01USER0000001
NX01RVEW0000420,{{TENANT_ID}},HR,NX04_CUSTOMER_DEV,FALSE,FALSE,FALSE,FALSE,FALSE,TRUE,ALL,NOW(),NX01USER0000001,NOW(),NX01USER0000001
NX01RVEW0000421,{{TENANT_ID}},SYSADMIN,NX04_CUSTOMER_GRADE_REQ,TRUE,TRUE,TRUE,TRUE,TRUE,TRUE,ALL,NOW(),NX01USER0000001,NOW(),NX01USER0000001
NX01RVEW0000422,{{TENANT_ID}},PURCHASE,NX04_CUSTOMER_GRADE_REQ,FALSE,FALSE,FALSE,FALSE,FALSE,TRUE,ALL,NOW(),NX01USER0000001,NOW(),NX01USER0000001
NX01RVEW0000423,{{TENANT_ID}},SALES,NX04_CUSTOMER_GRADE_REQ,TRUE,TRUE,TRUE,FALSE,FALSE,TRUE,ALL,NOW(),NX01USER0000001,NOW(),NX01USER0000001
NX01RVEW0000424,{{TENANT_ID}},WAREHOUSE,NX04_CUSTOMER_GRADE_REQ,FALSE,FALSE,FALSE,FALSE,FALSE,TRUE,ALL,NOW(),NX01USER0000001,NOW(),NX01USER0000001
NX01RVEW0000425,{{TENANT_ID}},FINANCE,NX04_CUSTOMER_GRADE_REQ,TRUE,FALSE,FALSE,FALSE,FALSE,TRUE,ALL,NOW(),NX01USER0000001,NOW(),NX01USER0000001
NX01RVEW0000427,{{TENANT_ID}},HR,NX04_CUSTOMER_GRADE_REQ,FALSE,FALSE,FALSE,FALSE,FALSE,TRUE,ALL,NOW(),NX01USER0000001,NOW(),NX01USER0000001
NX01RVEW0000428,{{TENANT_ID}},SYSADMIN,NX04_CUSTOMER_FEEDBACK,TRUE,TRUE,TRUE,TRUE,TRUE,TRUE,ALL,NOW(),NX01USER0000001,NOW(),NX01USER0000001
NX01RVEW0000429,{{TENANT_ID}},PURCHASE,NX04_CUSTOMER_FEEDBACK,TRUE,FALSE,FALSE,FALSE,FALSE,TRUE,ALL,NOW(),NX01USER0000001,NOW(),NX01USER0000001
NX01RVEW0000430,{{TENANT_ID}},SALES,NX04_CUSTOMER_FEEDBACK,TRUE,TRUE,TRUE,TRUE,TRUE,TRUE,ALL,NOW(),NX01USER0000001,NOW(),NX01USER0000001
NX01RVEW0000431,{{TENANT_ID}},WAREHOUSE,NX04_CUSTOMER_FEEDBACK,FALSE,FALSE,FALSE,FALSE,FALSE,TRUE,ALL,NOW(),NX01USER0000001,NOW(),NX01USER0000001
NX01RVEW0000432,{{TENANT_ID}},FINANCE,NX04_CUSTOMER_FEEDBACK,FALSE,FALSE,FALSE,FALSE,FALSE,TRUE,ALL,NOW(),NX01USER0000001,NOW(),NX01USER0000001
NX01RVEW0000434,{{TENANT_ID}},HR,NX04_CUSTOMER_FEEDBACK,FALSE,FALSE,FALSE,FALSE,FALSE,TRUE,ALL,NOW(),NX01USER0000001,NOW(),NX01USER0000001
NX01RVEW0000435,{{TENANT_ID}},SYSADMIN,NX04_FOREIGN_SO,TRUE,TRUE,TRUE,TRUE,TRUE,TRUE,ALL,NOW(),NX01USER0000001,NOW(),NX01USER0000001
NX01RVEW0000436,{{TENANT_ID}},PURCHASE,NX04_FOREIGN_SO,FALSE,FALSE,FALSE,FALSE,FALSE,TRUE,ALL,NOW(),NX01USER0000001,NOW(),NX01USER0000001
NX01RVEW0000437,{{TENANT_ID}},SALES,NX04_FOREIGN_SO,TRUE,TRUE,TRUE,TRUE,TRUE,TRUE,ALL,NOW(),NX01USER0000001,NOW(),NX01USER0000001
NX01RVEW0000438,{{TENANT_ID}},WAREHOUSE,NX04_FOREIGN_SO,FALSE,FALSE,FALSE,FALSE,FALSE,TRUE,ALL,NOW(),NX01USER0000001,NOW(),NX01USER0000001
NX01RVEW0000439,{{TENANT_ID}},FINANCE,NX04_FOREIGN_SO,TRUE,FALSE,FALSE,FALSE,FALSE,TRUE,ALL,NOW(),NX01USER0000001,NOW(),NX01USER0000001
NX01RVEW0000441,{{TENANT_ID}},HR,NX04_FOREIGN_SO,FALSE,FALSE,FALSE,FALSE,FALSE,TRUE,ALL,NOW(),NX01USER0000001,NOW(),NX01USER0000001
NX01RVEW0000442,{{TENANT_ID}},SYSADMIN,NX05_DASHBOARD,TRUE,FALSE,FALSE,FALSE,FALSE,TRUE,ALL,NOW(),NX01USER0000001,NOW(),NX01USER0000001
NX01RVEW0000443,{{TENANT_ID}},PURCHASE,NX05_DASHBOARD,FALSE,FALSE,FALSE,FALSE,FALSE,TRUE,ALL,NOW(),NX01USER0000001,NOW(),NX01USER0000001
NX01RVEW0000444,{{TENANT_ID}},SALES,NX05_DASHBOARD,FALSE,FALSE,FALSE,FALSE,FALSE,TRUE,ALL,NOW(),NX01USER0000001,NOW(),NX01USER0000001
NX01RVEW0000445,{{TENANT_ID}},WAREHOUSE,NX05_DASHBOARD,FALSE,FALSE,FALSE,FALSE,FALSE,TRUE,ALL,NOW(),NX01USER0000001,NOW(),NX01USER0000001
NX01RVEW0000446,{{TENANT_ID}},FINANCE,NX05_DASHBOARD,TRUE,FALSE,FALSE,FALSE,FALSE,TRUE,ALL,NOW(),NX01USER0000001,NOW(),NX01USER0000001
NX01RVEW0000448,{{TENANT_ID}},HR,NX05_DASHBOARD,FALSE,FALSE,FALSE,FALSE,FALSE,TRUE,ALL,NOW(),NX01USER0000001,NOW(),NX01USER0000001
NX01RVEW0000449,{{TENANT_ID}},SYSADMIN,NX05_AR,TRUE,TRUE,TRUE,TRUE,TRUE,TRUE,ALL,NOW(),NX01USER0000001,NOW(),NX01USER0000001
NX01RVEW0000450,{{TENANT_ID}},PURCHASE,NX05_AR,FALSE,FALSE,FALSE,FALSE,FALSE,TRUE,ALL,NOW(),NX01USER0000001,NOW(),NX01USER0000001
NX01RVEW0000451,{{TENANT_ID}},SALES,NX05_AR,TRUE,FALSE,FALSE,FALSE,FALSE,TRUE,ALL,NOW(),NX01USER0000001,NOW(),NX01USER0000001
NX01RVEW0000452,{{TENANT_ID}},WAREHOUSE,NX05_AR,FALSE,FALSE,FALSE,FALSE,FALSE,TRUE,ALL,NOW(),NX01USER0000001,NOW(),NX01USER0000001
NX01RVEW0000453,{{TENANT_ID}},FINANCE,NX05_AR,TRUE,TRUE,TRUE,TRUE,TRUE,TRUE,ALL,NOW(),NX01USER0000001,NOW(),NX01USER0000001
NX01RVEW0000455,{{TENANT_ID}},HR,NX05_AR,FALSE,FALSE,FALSE,FALSE,FALSE,TRUE,ALL,NOW(),NX01USER0000001,NOW(),NX01USER0000001
NX01RVEW0000456,{{TENANT_ID}},SYSADMIN,NX05_AR_COLLECT,TRUE,TRUE,TRUE,TRUE,TRUE,TRUE,ALL,NOW(),NX01USER0000001,NOW(),NX01USER0000001
NX01RVEW0000457,{{TENANT_ID}},PURCHASE,NX05_AR_COLLECT,FALSE,FALSE,FALSE,FALSE,FALSE,TRUE,ALL,NOW(),NX01USER0000001,NOW(),NX01USER0000001
NX01RVEW0000458,{{TENANT_ID}},SALES,NX05_AR_COLLECT,TRUE,FALSE,FALSE,FALSE,FALSE,TRUE,ALL,NOW(),NX01USER0000001,NOW(),NX01USER0000001
NX01RVEW0000459,{{TENANT_ID}},WAREHOUSE,NX05_AR_COLLECT,FALSE,FALSE,FALSE,FALSE,FALSE,TRUE,ALL,NOW(),NX01USER0000001,NOW(),NX01USER0000001
NX01RVEW0000460,{{TENANT_ID}},FINANCE,NX05_AR_COLLECT,TRUE,TRUE,TRUE,TRUE,TRUE,TRUE,ALL,NOW(),NX01USER0000001,NOW(),NX01USER0000001
NX01RVEW0000462,{{TENANT_ID}},HR,NX05_AR_COLLECT,FALSE,FALSE,FALSE,FALSE,FALSE,TRUE,ALL,NOW(),NX01USER0000001,NOW(),NX01USER0000001
NX01RVEW0000463,{{TENANT_ID}},SYSADMIN,NX05_INVOICE,TRUE,TRUE,TRUE,TRUE,TRUE,TRUE,ALL,NOW(),NX01USER0000001,NOW(),NX01USER0000001
NX01RVEW0000464,{{TENANT_ID}},PURCHASE,NX05_INVOICE,FALSE,FALSE,FALSE,FALSE,FALSE,TRUE,ALL,NOW(),NX01USER0000001,NOW(),NX01USER0000001
NX01RVEW0000465,{{TENANT_ID}},SALES,NX05_INVOICE,TRUE,FALSE,FALSE,FALSE,FALSE,TRUE,ALL,NOW(),NX01USER0000001,NOW(),NX01USER0000001
NX01RVEW0000466,{{TENANT_ID}},WAREHOUSE,NX05_INVOICE,FALSE,FALSE,FALSE,FALSE,FALSE,TRUE,ALL,NOW(),NX01USER0000001,NOW(),NX01USER0000001
NX01RVEW0000467,{{TENANT_ID}},FINANCE,NX05_INVOICE,TRUE,TRUE,TRUE,TRUE,TRUE,TRUE,ALL,NOW(),NX01USER0000001,NOW(),NX01USER0000001
NX01RVEW0000469,{{TENANT_ID}},HR,NX05_INVOICE,FALSE,FALSE,FALSE,FALSE,FALSE,TRUE,ALL,NOW(),NX01USER0000001,NOW(),NX01USER0000001
NX01RVEW0000470,{{TENANT_ID}},SYSADMIN,NX05_AP,TRUE,TRUE,TRUE,TRUE,TRUE,TRUE,ALL,NOW(),NX01USER0000001,NOW(),NX01USER0000001
NX01RVEW0000471,{{TENANT_ID}},PURCHASE,NX05_AP,TRUE,FALSE,FALSE,FALSE,FALSE,TRUE,ALL,NOW(),NX01USER0000001,NOW(),NX01USER0000001
NX01RVEW0000472,{{TENANT_ID}},SALES,NX05_AP,FALSE,FALSE,FALSE,FALSE,FALSE,TRUE,ALL,NOW(),NX01USER0000001,NOW(),NX01USER0000001
NX01RVEW0000473,{{TENANT_ID}},WAREHOUSE,NX05_AP,FALSE,FALSE,FALSE,FALSE,FALSE,TRUE,ALL,NOW(),NX01USER0000001,NOW(),NX01USER0000001
NX01RVEW0000474,{{TENANT_ID}},FINANCE,NX05_AP,TRUE,TRUE,TRUE,TRUE,TRUE,TRUE,ALL,NOW(),NX01USER0000001,NOW(),NX01USER0000001
NX01RVEW0000476,{{TENANT_ID}},HR,NX05_AP,FALSE,FALSE,FALSE,FALSE,FALSE,TRUE,ALL,NOW(),NX01USER0000001,NOW(),NX01USER0000001
NX01RVEW0000477,{{TENANT_ID}},SYSADMIN,NX05_PAYLOG,TRUE,TRUE,TRUE,TRUE,TRUE,TRUE,ALL,NOW(),NX01USER0000001,NOW(),NX01USER0000001
NX01RVEW0000478,{{TENANT_ID}},PURCHASE,NX05_PAYLOG,FALSE,FALSE,FALSE,FALSE,FALSE,TRUE,ALL,NOW(),NX01USER0000001,NOW(),NX01USER0000001
NX01RVEW0000479,{{TENANT_ID}},SALES,NX05_PAYLOG,FALSE,FALSE,FALSE,FALSE,FALSE,TRUE,ALL,NOW(),NX01USER0000001,NOW(),NX01USER0000001
NX01RVEW0000480,{{TENANT_ID}},WAREHOUSE,NX05_PAYLOG,FALSE,FALSE,FALSE,FALSE,FALSE,TRUE,ALL,NOW(),NX01USER0000001,NOW(),NX01USER0000001
NX01RVEW0000481,{{TENANT_ID}},FINANCE,NX05_PAYLOG,TRUE,TRUE,TRUE,TRUE,TRUE,TRUE,ALL,NOW(),NX01USER0000001,NOW(),NX01USER0000001
NX01RVEW0000483,{{TENANT_ID}},HR,NX05_PAYLOG,FALSE,FALSE,FALSE,FALSE,FALSE,TRUE,ALL,NOW(),NX01USER0000001,NOW(),NX01USER0000001
NX01RVEW0000484,{{TENANT_ID}},SYSADMIN,NX05_NOTE,TRUE,TRUE,TRUE,TRUE,TRUE,TRUE,ALL,NOW(),NX01USER0000001,NOW(),NX01USER0000001
NX01RVEW0000485,{{TENANT_ID}},PURCHASE,NX05_NOTE,FALSE,FALSE,FALSE,FALSE,FALSE,TRUE,ALL,NOW(),NX01USER0000001,NOW(),NX01USER0000001
NX01RVEW0000486,{{TENANT_ID}},SALES,NX05_NOTE,FALSE,FALSE,FALSE,FALSE,FALSE,TRUE,ALL,NOW(),NX01USER0000001,NOW(),NX01USER0000001
NX01RVEW0000487,{{TENANT_ID}},WAREHOUSE,NX05_NOTE,FALSE,FALSE,FALSE,FALSE,FALSE,TRUE,ALL,NOW(),NX01USER0000001,NOW(),NX01USER0000001
NX01RVEW0000488,{{TENANT_ID}},FINANCE,NX05_NOTE,TRUE,TRUE,TRUE,TRUE,TRUE,TRUE,ALL,NOW(),NX01USER0000001,NOW(),NX01USER0000001
NX01RVEW0000490,{{TENANT_ID}},HR,NX05_NOTE,FALSE,FALSE,FALSE,FALSE,FALSE,TRUE,ALL,NOW(),NX01USER0000001,NOW(),NX01USER0000001
NX01RVEW0000491,{{TENANT_ID}},SYSADMIN,NX05_ALLOWANCE,TRUE,TRUE,TRUE,TRUE,TRUE,TRUE,ALL,NOW(),NX01USER0000001,NOW(),NX01USER0000001
NX01RVEW0000492,{{TENANT_ID}},PURCHASE,NX05_ALLOWANCE,TRUE,FALSE,FALSE,FALSE,FALSE,TRUE,ALL,NOW(),NX01USER0000001,NOW(),NX01USER0000001
NX01RVEW0000493,{{TENANT_ID}},SALES,NX05_ALLOWANCE,TRUE,FALSE,FALSE,FALSE,FALSE,TRUE,ALL,NOW(),NX01USER0000001,NOW(),NX01USER0000001
NX01RVEW0000494,{{TENANT_ID}},WAREHOUSE,NX05_ALLOWANCE,FALSE,FALSE,FALSE,FALSE,FALSE,TRUE,ALL,NOW(),NX01USER0000001,NOW(),NX01USER0000001
NX01RVEW0000495,{{TENANT_ID}},FINANCE,NX05_ALLOWANCE,TRUE,TRUE,TRUE,TRUE,TRUE,TRUE,ALL,NOW(),NX01USER0000001,NOW(),NX01USER0000001
NX01RVEW0000497,{{TENANT_ID}},HR,NX05_ALLOWANCE,FALSE,FALSE,FALSE,FALSE,FALSE,TRUE,ALL,NOW(),NX01USER0000001,NOW(),NX01USER0000001
NX01RVEW0000498,{{TENANT_ID}},SYSADMIN,NX05_CLOSING,TRUE,TRUE,TRUE,TRUE,TRUE,TRUE,ALL,NOW(),NX01USER0000001,NOW(),NX01USER0000001
NX01RVEW0000499,{{TENANT_ID}},PURCHASE,NX05_CLOSING,FALSE,FALSE,FALSE,FALSE,FALSE,TRUE,ALL,NOW(),NX01USER0000001,NOW(),NX01USER0000001
NX01RVEW0000500,{{TENANT_ID}},SALES,NX05_CLOSING,FALSE,FALSE,FALSE,FALSE,FALSE,TRUE,ALL,NOW(),NX01USER0000001,NOW(),NX01USER0000001
NX01RVEW0000501,{{TENANT_ID}},WAREHOUSE,NX05_CLOSING,FALSE,FALSE,FALSE,FALSE,FALSE,TRUE,ALL,NOW(),NX01USER0000001,NOW(),NX01USER0000001
NX01RVEW0000502,{{TENANT_ID}},FINANCE,NX05_CLOSING,TRUE,TRUE,TRUE,TRUE,TRUE,TRUE,ALL,NOW(),NX01USER0000001,NOW(),NX01USER0000001
NX01RVEW0000504,{{TENANT_ID}},HR,NX05_CLOSING,FALSE,FALSE,FALSE,FALSE,FALSE,TRUE,ALL,NOW(),NX01USER0000001,NOW(),NX01USER0000001
NX01RVEW0000505,{{TENANT_ID}},SYSADMIN,NX05_ACCOUNT_CODE,TRUE,TRUE,TRUE,TRUE,TRUE,TRUE,ALL,NOW(),NX01USER0000001,NOW(),NX01USER0000001
NX01RVEW0000506,{{TENANT_ID}},PURCHASE,NX05_ACCOUNT_CODE,FALSE,FALSE,FALSE,FALSE,FALSE,TRUE,ALL,NOW(),NX01USER0000001,NOW(),NX01USER0000001
NX01RVEW0000507,{{TENANT_ID}},SALES,NX05_ACCOUNT_CODE,FALSE,FALSE,FALSE,FALSE,FALSE,TRUE,ALL,NOW(),NX01USER0000001,NOW(),NX01USER0000001
NX01RVEW0000508,{{TENANT_ID}},WAREHOUSE,NX05_ACCOUNT_CODE,FALSE,FALSE,FALSE,FALSE,FALSE,TRUE,ALL,NOW(),NX01USER0000001,NOW(),NX01USER0000001
NX01RVEW0000509,{{TENANT_ID}},FINANCE,NX05_ACCOUNT_CODE,TRUE,TRUE,TRUE,FALSE,FALSE,TRUE,ALL,NOW(),NX01USER0000001,NOW(),NX01USER0000001
NX01RVEW0000511,{{TENANT_ID}},HR,NX05_ACCOUNT_CODE,FALSE,FALSE,FALSE,FALSE,FALSE,TRUE,ALL,NOW(),NX01USER0000001,NOW(),NX01USER0000001
NX01RVEW0000512,{{TENANT_ID}},SYSADMIN,NX06_DASHBOARD,TRUE,FALSE,FALSE,FALSE,FALSE,TRUE,ALL,NOW(),NX01USER0000001,NOW(),NX01USER0000001
NX01RVEW0000513,{{TENANT_ID}},PURCHASE,NX06_DASHBOARD,FALSE,FALSE,FALSE,FALSE,FALSE,TRUE,ALL,NOW(),NX01USER0000001,NOW(),NX01USER0000001
NX01RVEW0000514,{{TENANT_ID}},SALES,NX06_DASHBOARD,TRUE,FALSE,FALSE,FALSE,FALSE,TRUE,ALL,NOW(),NX01USER0000001,NOW(),NX01USER0000001
NX01RVEW0000515,{{TENANT_ID}},WAREHOUSE,NX06_DASHBOARD,TRUE,FALSE,FALSE,FALSE,FALSE,TRUE,ALL,NOW(),NX01USER0000001,NOW(),NX01USER0000001
NX01RVEW0000516,{{TENANT_ID}},FINANCE,NX06_DASHBOARD,FALSE,FALSE,FALSE,FALSE,FALSE,TRUE,ALL,NOW(),NX01USER0000001,NOW(),NX01USER0000001
NX01RVEW0000518,{{TENANT_ID}},HR,NX06_DASHBOARD,FALSE,FALSE,FALSE,FALSE,FALSE,TRUE,ALL,NOW(),NX01USER0000001,NOW(),NX01USER0000001
NX01RVEW0000519,{{TENANT_ID}},SYSADMIN,NX06_DN,TRUE,TRUE,TRUE,TRUE,TRUE,TRUE,ALL,NOW(),NX01USER0000001,NOW(),NX01USER0000001
NX01RVEW0000520,{{TENANT_ID}},PURCHASE,NX06_DN,FALSE,FALSE,FALSE,FALSE,FALSE,TRUE,ALL,NOW(),NX01USER0000001,NOW(),NX01USER0000001
NX01RVEW0000521,{{TENANT_ID}},SALES,NX06_DN,TRUE,FALSE,FALSE,FALSE,FALSE,TRUE,ALL,NOW(),NX01USER0000001,NOW(),NX01USER0000001
NX01RVEW0000522,{{TENANT_ID}},WAREHOUSE,NX06_DN,TRUE,FALSE,FALSE,FALSE,FALSE,TRUE,ALL,NOW(),NX01USER0000001,NOW(),NX01USER0000001
NX01RVEW0000523,{{TENANT_ID}},FINANCE,NX06_DN,FALSE,FALSE,FALSE,FALSE,FALSE,TRUE,ALL,NOW(),NX01USER0000001,NOW(),NX01USER0000001
NX01RVEW0000525,{{TENANT_ID}},HR,NX06_DN,FALSE,FALSE,FALSE,FALSE,FALSE,TRUE,ALL,NOW(),NX01USER0000001,NOW(),NX01USER0000001
NX01RVEW0000526,{{TENANT_ID}},SYSADMIN,NX06_DN_DRIVER,TRUE,FALSE,FALSE,FALSE,FALSE,TRUE,ALL,NOW(),NX01USER0000001,NOW(),NX01USER0000001
NX01RVEW0000527,{{TENANT_ID}},PURCHASE,NX06_DN_DRIVER,FALSE,FALSE,FALSE,FALSE,FALSE,TRUE,ALL,NOW(),NX01USER0000001,NOW(),NX01USER0000001
NX01RVEW0000528,{{TENANT_ID}},SALES,NX06_DN_DRIVER,FALSE,FALSE,FALSE,FALSE,FALSE,TRUE,ALL,NOW(),NX01USER0000001,NOW(),NX01USER0000001
NX01RVEW0000529,{{TENANT_ID}},WAREHOUSE,NX06_DN_DRIVER,FALSE,FALSE,FALSE,FALSE,FALSE,TRUE,ALL,NOW(),NX01USER0000001,NOW(),NX01USER0000001
NX01RVEW0000530,{{TENANT_ID}},FINANCE,NX06_DN_DRIVER,FALSE,FALSE,FALSE,FALSE,FALSE,TRUE,ALL,NOW(),NX01USER0000001,NOW(),NX01USER0000001
NX01RVEW0000532,{{TENANT_ID}},HR,NX06_DN_DRIVER,FALSE,FALSE,FALSE,FALSE,FALSE,TRUE,ALL,NOW(),NX01USER0000001,NOW(),NX01USER0000001
NX01RVEW0000533,{{TENANT_ID}},SYSADMIN,NX06_RETURN_PICKUP,TRUE,TRUE,TRUE,TRUE,TRUE,TRUE,ALL,NOW(),NX01USER0000001,NOW(),NX01USER0000001
NX01RVEW0000534,{{TENANT_ID}},PURCHASE,NX06_RETURN_PICKUP,FALSE,FALSE,FALSE,FALSE,FALSE,TRUE,ALL,NOW(),NX01USER0000001,NOW(),NX01USER0000001
NX01RVEW0000535,{{TENANT_ID}},SALES,NX06_RETURN_PICKUP,TRUE,FALSE,FALSE,FALSE,FALSE,TRUE,ALL,NOW(),NX01USER0000001,NOW(),NX01USER0000001
NX01RVEW0000536,{{TENANT_ID}},WAREHOUSE,NX06_RETURN_PICKUP,FALSE,FALSE,FALSE,FALSE,FALSE,TRUE,ALL,NOW(),NX01USER0000001,NOW(),NX01USER0000001
NX01RVEW0000537,{{TENANT_ID}},FINANCE,NX06_RETURN_PICKUP,FALSE,FALSE,FALSE,FALSE,FALSE,TRUE,ALL,NOW(),NX01USER0000001,NOW(),NX01USER0000001
NX01RVEW0000539,{{TENANT_ID}},HR,NX06_RETURN_PICKUP,FALSE,FALSE,FALSE,FALSE,FALSE,TRUE,ALL,NOW(),NX01USER0000001,NOW(),NX01USER0000001
NX01RVEW0000540,{{TENANT_ID}},SYSADMIN,NX06_INTL_LOGISTICS,TRUE,TRUE,TRUE,TRUE,TRUE,TRUE,ALL,NOW(),NX01USER0000001,NOW(),NX01USER0000001
NX01RVEW0000541,{{TENANT_ID}},PURCHASE,NX06_INTL_LOGISTICS,TRUE,FALSE,FALSE,FALSE,FALSE,TRUE,ALL,NOW(),NX01USER0000001,NOW(),NX01USER0000001
NX01RVEW0000542,{{TENANT_ID}},SALES,NX06_INTL_LOGISTICS,TRUE,FALSE,FALSE,FALSE,FALSE,TRUE,ALL,NOW(),NX01USER0000001,NOW(),NX01USER0000001
NX01RVEW0000543,{{TENANT_ID}},WAREHOUSE,NX06_INTL_LOGISTICS,FALSE,FALSE,FALSE,FALSE,FALSE,TRUE,ALL,NOW(),NX01USER0000001,NOW(),NX01USER0000001
NX01RVEW0000544,{{TENANT_ID}},FINANCE,NX06_INTL_LOGISTICS,FALSE,FALSE,FALSE,FALSE,FALSE,TRUE,ALL,NOW(),NX01USER0000001,NOW(),NX01USER0000001
NX01RVEW0000546,{{TENANT_ID}},HR,NX06_INTL_LOGISTICS,FALSE,FALSE,FALSE,FALSE,FALSE,TRUE,ALL,NOW(),NX01USER0000001,NOW(),NX01USER0000001
NX01RVEW0000547,{{TENANT_ID}},SYSADMIN,NX07_EMPLOYEE,TRUE,TRUE,TRUE,TRUE,TRUE,TRUE,ALL,NOW(),NX01USER0000001,NOW(),NX01USER0000001
NX01RVEW0000548,{{TENANT_ID}},PURCHASE,NX07_EMPLOYEE,FALSE,FALSE,FALSE,FALSE,FALSE,TRUE,ALL,NOW(),NX01USER0000001,NOW(),NX01USER0000001
NX01RVEW0000549,{{TENANT_ID}},SALES,NX07_EMPLOYEE,FALSE,FALSE,FALSE,FALSE,FALSE,TRUE,ALL,NOW(),NX01USER0000001,NOW(),NX01USER0000001
NX01RVEW0000550,{{TENANT_ID}},WAREHOUSE,NX07_EMPLOYEE,FALSE,FALSE,FALSE,FALSE,FALSE,TRUE,ALL,NOW(),NX01USER0000001,NOW(),NX01USER0000001
NX01RVEW0000551,{{TENANT_ID}},FINANCE,NX07_EMPLOYEE,FALSE,FALSE,FALSE,FALSE,FALSE,TRUE,ALL,NOW(),NX01USER0000001,NOW(),NX01USER0000001
NX01RVEW0000553,{{TENANT_ID}},HR,NX07_EMPLOYEE,TRUE,TRUE,TRUE,TRUE,TRUE,TRUE,ALL,NOW(),NX01USER0000001,NOW(),NX01USER0000001
NX01RVEW0000554,{{TENANT_ID}},SYSADMIN,NX07_ONBOARDING,TRUE,TRUE,TRUE,TRUE,TRUE,TRUE,ALL,NOW(),NX01USER0000001,NOW(),NX01USER0000001
NX01RVEW0000555,{{TENANT_ID}},PURCHASE,NX07_ONBOARDING,FALSE,FALSE,FALSE,FALSE,FALSE,TRUE,ALL,NOW(),NX01USER0000001,NOW(),NX01USER0000001
NX01RVEW0000556,{{TENANT_ID}},SALES,NX07_ONBOARDING,FALSE,FALSE,FALSE,FALSE,FALSE,TRUE,ALL,NOW(),NX01USER0000001,NOW(),NX01USER0000001
NX01RVEW0000557,{{TENANT_ID}},WAREHOUSE,NX07_ONBOARDING,FALSE,FALSE,FALSE,FALSE,FALSE,TRUE,ALL,NOW(),NX01USER0000001,NOW(),NX01USER0000001
NX01RVEW0000558,{{TENANT_ID}},FINANCE,NX07_ONBOARDING,FALSE,FALSE,FALSE,FALSE,FALSE,TRUE,ALL,NOW(),NX01USER0000001,NOW(),NX01USER0000001
NX01RVEW0000560,{{TENANT_ID}},HR,NX07_ONBOARDING,TRUE,TRUE,TRUE,TRUE,TRUE,TRUE,ALL,NOW(),NX01USER0000001,NOW(),NX01USER0000001
NX01RVEW0000561,{{TENANT_ID}},SYSADMIN,NX07_SHIFT_TYPE,TRUE,TRUE,TRUE,TRUE,TRUE,TRUE,ALL,NOW(),NX01USER0000001,NOW(),NX01USER0000001
NX01RVEW0000562,{{TENANT_ID}},PURCHASE,NX07_SHIFT_TYPE,FALSE,FALSE,FALSE,FALSE,FALSE,TRUE,ALL,NOW(),NX01USER0000001,NOW(),NX01USER0000001
NX01RVEW0000563,{{TENANT_ID}},SALES,NX07_SHIFT_TYPE,FALSE,FALSE,FALSE,FALSE,FALSE,TRUE,ALL,NOW(),NX01USER0000001,NOW(),NX01USER0000001
NX01RVEW0000564,{{TENANT_ID}},WAREHOUSE,NX07_SHIFT_TYPE,FALSE,FALSE,FALSE,FALSE,FALSE,TRUE,ALL,NOW(),NX01USER0000001,NOW(),NX01USER0000001
NX01RVEW0000565,{{TENANT_ID}},FINANCE,NX07_SHIFT_TYPE,FALSE,FALSE,FALSE,FALSE,FALSE,TRUE,ALL,NOW(),NX01USER0000001,NOW(),NX01USER0000001
NX01RVEW0000567,{{TENANT_ID}},HR,NX07_SHIFT_TYPE,TRUE,TRUE,TRUE,FALSE,FALSE,TRUE,ALL,NOW(),NX01USER0000001,NOW(),NX01USER0000001
NX01RVEW0000568,{{TENANT_ID}},SYSADMIN,NX07_SCHEDULE,TRUE,TRUE,TRUE,TRUE,TRUE,TRUE,ALL,NOW(),NX01USER0000001,NOW(),NX01USER0000001
NX01RVEW0000569,{{TENANT_ID}},PURCHASE,NX07_SCHEDULE,TRUE,FALSE,FALSE,FALSE,FALSE,TRUE,ALL,NOW(),NX01USER0000001,NOW(),NX01USER0000001
NX01RVEW0000570,{{TENANT_ID}},SALES,NX07_SCHEDULE,TRUE,FALSE,FALSE,FALSE,FALSE,TRUE,ALL,NOW(),NX01USER0000001,NOW(),NX01USER0000001
NX01RVEW0000571,{{TENANT_ID}},WAREHOUSE,NX07_SCHEDULE,TRUE,FALSE,FALSE,FALSE,FALSE,TRUE,ALL,NOW(),NX01USER0000001,NOW(),NX01USER0000001
NX01RVEW0000572,{{TENANT_ID}},FINANCE,NX07_SCHEDULE,TRUE,FALSE,FALSE,FALSE,FALSE,TRUE,ALL,NOW(),NX01USER0000001,NOW(),NX01USER0000001
NX01RVEW0000574,{{TENANT_ID}},HR,NX07_SCHEDULE,TRUE,TRUE,TRUE,TRUE,TRUE,TRUE,ALL,NOW(),NX01USER0000001,NOW(),NX01USER0000001
NX01RVEW0000575,{{TENANT_ID}},SYSADMIN,NX07_ATTENDANCE,TRUE,TRUE,TRUE,TRUE,TRUE,TRUE,ALL,NOW(),NX01USER0000001,NOW(),NX01USER0000001
NX01RVEW0000576,{{TENANT_ID}},PURCHASE,NX07_ATTENDANCE,TRUE,FALSE,FALSE,FALSE,FALSE,TRUE,ALL,NOW(),NX01USER0000001,NOW(),NX01USER0000001
NX01RVEW0000577,{{TENANT_ID}},SALES,NX07_ATTENDANCE,TRUE,FALSE,FALSE,FALSE,FALSE,TRUE,ALL,NOW(),NX01USER0000001,NOW(),NX01USER0000001
NX01RVEW0000578,{{TENANT_ID}},WAREHOUSE,NX07_ATTENDANCE,TRUE,FALSE,FALSE,FALSE,FALSE,TRUE,ALL,NOW(),NX01USER0000001,NOW(),NX01USER0000001
NX01RVEW0000579,{{TENANT_ID}},FINANCE,NX07_ATTENDANCE,TRUE,FALSE,FALSE,FALSE,FALSE,TRUE,ALL,NOW(),NX01USER0000001,NOW(),NX01USER0000001
NX01RVEW0000581,{{TENANT_ID}},HR,NX07_ATTENDANCE,TRUE,TRUE,TRUE,TRUE,TRUE,TRUE,ALL,NOW(),NX01USER0000001,NOW(),NX01USER0000001
NX01RVEW0000582,{{TENANT_ID}},SYSADMIN,NX07_LEAVE_TYPE,TRUE,TRUE,TRUE,TRUE,TRUE,TRUE,ALL,NOW(),NX01USER0000001,NOW(),NX01USER0000001
NX01RVEW0000583,{{TENANT_ID}},PURCHASE,NX07_LEAVE_TYPE,FALSE,FALSE,FALSE,FALSE,FALSE,TRUE,ALL,NOW(),NX01USER0000001,NOW(),NX01USER0000001
NX01RVEW0000584,{{TENANT_ID}},SALES,NX07_LEAVE_TYPE,FALSE,FALSE,FALSE,FALSE,FALSE,TRUE,ALL,NOW(),NX01USER0000001,NOW(),NX01USER0000001
NX01RVEW0000585,{{TENANT_ID}},WAREHOUSE,NX07_LEAVE_TYPE,FALSE,FALSE,FALSE,FALSE,FALSE,TRUE,ALL,NOW(),NX01USER0000001,NOW(),NX01USER0000001
NX01RVEW0000586,{{TENANT_ID}},FINANCE,NX07_LEAVE_TYPE,FALSE,FALSE,FALSE,FALSE,FALSE,TRUE,ALL,NOW(),NX01USER0000001,NOW(),NX01USER0000001
NX01RVEW0000588,{{TENANT_ID}},HR,NX07_LEAVE_TYPE,TRUE,TRUE,TRUE,FALSE,FALSE,TRUE,ALL,NOW(),NX01USER0000001,NOW(),NX01USER0000001
NX01RVEW0000589,{{TENANT_ID}},SYSADMIN,NX07_LEAVE_BALANCE,TRUE,FALSE,FALSE,FALSE,FALSE,TRUE,ALL,NOW(),NX01USER0000001,NOW(),NX01USER0000001
NX01RVEW0000590,{{TENANT_ID}},PURCHASE,NX07_LEAVE_BALANCE,TRUE,FALSE,FALSE,FALSE,FALSE,TRUE,ALL,NOW(),NX01USER0000001,NOW(),NX01USER0000001
NX01RVEW0000591,{{TENANT_ID}},SALES,NX07_LEAVE_BALANCE,TRUE,FALSE,FALSE,FALSE,FALSE,TRUE,ALL,NOW(),NX01USER0000001,NOW(),NX01USER0000001
NX01RVEW0000592,{{TENANT_ID}},WAREHOUSE,NX07_LEAVE_BALANCE,TRUE,FALSE,FALSE,FALSE,FALSE,TRUE,ALL,NOW(),NX01USER0000001,NOW(),NX01USER0000001
NX01RVEW0000593,{{TENANT_ID}},FINANCE,NX07_LEAVE_BALANCE,TRUE,FALSE,FALSE,FALSE,FALSE,TRUE,ALL,NOW(),NX01USER0000001,NOW(),NX01USER0000001
NX01RVEW0000595,{{TENANT_ID}},HR,NX07_LEAVE_BALANCE,TRUE,FALSE,FALSE,FALSE,FALSE,TRUE,ALL,NOW(),NX01USER0000001,NOW(),NX01USER0000001
NX01RVEW0000596,{{TENANT_ID}},SYSADMIN,NX07_LEAVE_REQUEST,TRUE,TRUE,TRUE,TRUE,TRUE,TRUE,ALL,NOW(),NX01USER0000001,NOW(),NX01USER0000001
NX01RVEW0000597,{{TENANT_ID}},PURCHASE,NX07_LEAVE_REQUEST,TRUE,TRUE,TRUE,FALSE,FALSE,TRUE,ALL,NOW(),NX01USER0000001,NOW(),NX01USER0000001
NX01RVEW0000598,{{TENANT_ID}},SALES,NX07_LEAVE_REQUEST,TRUE,TRUE,TRUE,FALSE,FALSE,TRUE,ALL,NOW(),NX01USER0000001,NOW(),NX01USER0000001
NX01RVEW0000599,{{TENANT_ID}},WAREHOUSE,NX07_LEAVE_REQUEST,TRUE,TRUE,TRUE,FALSE,FALSE,TRUE,ALL,NOW(),NX01USER0000001,NOW(),NX01USER0000001
NX01RVEW0000600,{{TENANT_ID}},FINANCE,NX07_LEAVE_REQUEST,TRUE,TRUE,TRUE,FALSE,FALSE,TRUE,ALL,NOW(),NX01USER0000001,NOW(),NX01USER0000001
NX01RVEW0000602,{{TENANT_ID}},HR,NX07_LEAVE_REQUEST,TRUE,TRUE,TRUE,TRUE,TRUE,TRUE,ALL,NOW(),NX01USER0000001,NOW(),NX01USER0000001
NX01RVEW0000603,{{TENANT_ID}},SYSADMIN,NX07_OT_REQUEST,TRUE,TRUE,TRUE,TRUE,TRUE,TRUE,ALL,NOW(),NX01USER0000001,NOW(),NX01USER0000001
NX01RVEW0000604,{{TENANT_ID}},PURCHASE,NX07_OT_REQUEST,TRUE,TRUE,TRUE,FALSE,FALSE,TRUE,ALL,NOW(),NX01USER0000001,NOW(),NX01USER0000001
NX01RVEW0000605,{{TENANT_ID}},SALES,NX07_OT_REQUEST,TRUE,TRUE,TRUE,FALSE,FALSE,TRUE,ALL,NOW(),NX01USER0000001,NOW(),NX01USER0000001
NX01RVEW0000606,{{TENANT_ID}},WAREHOUSE,NX07_OT_REQUEST,TRUE,TRUE,TRUE,FALSE,FALSE,TRUE,ALL,NOW(),NX01USER0000001,NOW(),NX01USER0000001
NX01RVEW0000607,{{TENANT_ID}},FINANCE,NX07_OT_REQUEST,TRUE,TRUE,TRUE,FALSE,FALSE,TRUE,ALL,NOW(),NX01USER0000001,NOW(),NX01USER0000001
NX01RVEW0000609,{{TENANT_ID}},HR,NX07_OT_REQUEST,TRUE,TRUE,TRUE,TRUE,TRUE,TRUE,ALL,NOW(),NX01USER0000001,NOW(),NX01USER0000001
NX01RVEW0000610,{{TENANT_ID}},SYSADMIN,NX07_TRAINING,TRUE,TRUE,TRUE,TRUE,TRUE,TRUE,ALL,NOW(),NX01USER0000001,NOW(),NX01USER0000001
NX01RVEW0000611,{{TENANT_ID}},PURCHASE,NX07_TRAINING,TRUE,FALSE,FALSE,FALSE,FALSE,TRUE,ALL,NOW(),NX01USER0000001,NOW(),NX01USER0000001
NX01RVEW0000612,{{TENANT_ID}},SALES,NX07_TRAINING,TRUE,FALSE,FALSE,FALSE,FALSE,TRUE,ALL,NOW(),NX01USER0000001,NOW(),NX01USER0000001
NX01RVEW0000613,{{TENANT_ID}},WAREHOUSE,NX07_TRAINING,TRUE,FALSE,FALSE,FALSE,FALSE,TRUE,ALL,NOW(),NX01USER0000001,NOW(),NX01USER0000001
NX01RVEW0000614,{{TENANT_ID}},FINANCE,NX07_TRAINING,TRUE,FALSE,FALSE,FALSE,FALSE,TRUE,ALL,NOW(),NX01USER0000001,NOW(),NX01USER0000001
NX01RVEW0000616,{{TENANT_ID}},HR,NX07_TRAINING,TRUE,TRUE,TRUE,TRUE,TRUE,TRUE,ALL,NOW(),NX01USER0000001,NOW(),NX01USER0000001
NX01RVEW0000617,{{TENANT_ID}},SYSADMIN,NX07_PERFORMANCE,TRUE,TRUE,TRUE,TRUE,TRUE,TRUE,ALL,NOW(),NX01USER0000001,NOW(),NX01USER0000001
NX01RVEW0000618,{{TENANT_ID}},PURCHASE,NX07_PERFORMANCE,TRUE,TRUE,TRUE,FALSE,FALSE,TRUE,ALL,NOW(),NX01USER0000001,NOW(),NX01USER0000001
NX01RVEW0000619,{{TENANT_ID}},SALES,NX07_PERFORMANCE,TRUE,TRUE,TRUE,FALSE,FALSE,TRUE,ALL,NOW(),NX01USER0000001,NOW(),NX01USER0000001
NX01RVEW0000620,{{TENANT_ID}},WAREHOUSE,NX07_PERFORMANCE,TRUE,TRUE,TRUE,FALSE,FALSE,TRUE,ALL,NOW(),NX01USER0000001,NOW(),NX01USER0000001
NX01RVEW0000621,{{TENANT_ID}},FINANCE,NX07_PERFORMANCE,TRUE,TRUE,TRUE,FALSE,FALSE,TRUE,ALL,NOW(),NX01USER0000001,NOW(),NX01USER0000001
NX01RVEW0000623,{{TENANT_ID}},HR,NX07_PERFORMANCE,TRUE,FALSE,FALSE,FALSE,TRUE,TRUE,ALL,NOW(),NX01USER0000001,NOW(),NX01USER0000001
NX01RVEW0000624,{{TENANT_ID}},SYSADMIN,NX07_SALARY_SETTING,TRUE,TRUE,TRUE,TRUE,TRUE,TRUE,ALL,NOW(),NX01USER0000001,NOW(),NX01USER0000001
NX01RVEW0000625,{{TENANT_ID}},PURCHASE,NX07_SALARY_SETTING,FALSE,FALSE,FALSE,FALSE,FALSE,TRUE,ALL,NOW(),NX01USER0000001,NOW(),NX01USER0000001
NX01RVEW0000626,{{TENANT_ID}},SALES,NX07_SALARY_SETTING,FALSE,FALSE,FALSE,FALSE,FALSE,TRUE,ALL,NOW(),NX01USER0000001,NOW(),NX01USER0000001
NX01RVEW0000627,{{TENANT_ID}},WAREHOUSE,NX07_SALARY_SETTING,FALSE,FALSE,FALSE,FALSE,FALSE,TRUE,ALL,NOW(),NX01USER0000001,NOW(),NX01USER0000001
NX01RVEW0000628,{{TENANT_ID}},FINANCE,NX07_SALARY_SETTING,FALSE,FALSE,FALSE,FALSE,FALSE,TRUE,ALL,NOW(),NX01USER0000001,NOW(),NX01USER0000001
NX01RVEW0000630,{{TENANT_ID}},HR,NX07_SALARY_SETTING,TRUE,TRUE,TRUE,FALSE,FALSE,TRUE,ALL,NOW(),NX01USER0000001,NOW(),NX01USER0000001
NX01RVEW0000631,{{TENANT_ID}},SYSADMIN,NX07_SALARY_COMP,TRUE,TRUE,TRUE,TRUE,TRUE,TRUE,ALL,NOW(),NX01USER0000001,NOW(),NX01USER0000001
NX01RVEW0000632,{{TENANT_ID}},PURCHASE,NX07_SALARY_COMP,FALSE,FALSE,FALSE,FALSE,FALSE,TRUE,ALL,NOW(),NX01USER0000001,NOW(),NX01USER0000001
NX01RVEW0000633,{{TENANT_ID}},SALES,NX07_SALARY_COMP,FALSE,FALSE,FALSE,FALSE,FALSE,TRUE,ALL,NOW(),NX01USER0000001,NOW(),NX01USER0000001
NX01RVEW0000634,{{TENANT_ID}},WAREHOUSE,NX07_SALARY_COMP,FALSE,FALSE,FALSE,FALSE,FALSE,TRUE,ALL,NOW(),NX01USER0000001,NOW(),NX01USER0000001
NX01RVEW0000635,{{TENANT_ID}},FINANCE,NX07_SALARY_COMP,FALSE,FALSE,FALSE,FALSE,FALSE,TRUE,ALL,NOW(),NX01USER0000001,NOW(),NX01USER0000001
NX01RVEW0000637,{{TENANT_ID}},HR,NX07_SALARY_COMP,TRUE,TRUE,TRUE,FALSE,FALSE,TRUE,ALL,NOW(),NX01USER0000001,NOW(),NX01USER0000001
NX01RVEW0000638,{{TENANT_ID}},SYSADMIN,NX07_SALARY_RECORD,TRUE,TRUE,TRUE,TRUE,TRUE,TRUE,ALL,NOW(),NX01USER0000001,NOW(),NX01USER0000001
NX01RVEW0000639,{{TENANT_ID}},PURCHASE,NX07_SALARY_RECORD,FALSE,FALSE,FALSE,FALSE,FALSE,TRUE,ALL,NOW(),NX01USER0000001,NOW(),NX01USER0000001
NX01RVEW0000640,{{TENANT_ID}},SALES,NX07_SALARY_RECORD,FALSE,FALSE,FALSE,FALSE,FALSE,TRUE,ALL,NOW(),NX01USER0000001,NOW(),NX01USER0000001
NX01RVEW0000641,{{TENANT_ID}},WAREHOUSE,NX07_SALARY_RECORD,FALSE,FALSE,FALSE,FALSE,FALSE,TRUE,ALL,NOW(),NX01USER0000001,NOW(),NX01USER0000001
NX01RVEW0000642,{{TENANT_ID}},FINANCE,NX07_SALARY_RECORD,FALSE,FALSE,FALSE,FALSE,FALSE,TRUE,ALL,NOW(),NX01USER0000001,NOW(),NX01USER0000001
NX01RVEW0000644,{{TENANT_ID}},HR,NX07_SALARY_RECORD,TRUE,FALSE,FALSE,FALSE,TRUE,TRUE,ALL,NOW(),NX01USER0000001,NOW(),NX01USER0000001
NX01RVEW0000645,{{TENANT_ID}},SYSADMIN,NX07_IP_WHITELIST,TRUE,TRUE,TRUE,TRUE,TRUE,TRUE,ALL,NOW(),NX01USER0000001,NOW(),NX01USER0000001
NX01RVEW0000646,{{TENANT_ID}},PURCHASE,NX07_IP_WHITELIST,FALSE,FALSE,FALSE,FALSE,FALSE,TRUE,ALL,NOW(),NX01USER0000001,NOW(),NX01USER0000001
NX01RVEW0000647,{{TENANT_ID}},SALES,NX07_IP_WHITELIST,FALSE,FALSE,FALSE,FALSE,FALSE,TRUE,ALL,NOW(),NX01USER0000001,NOW(),NX01USER0000001
NX01RVEW0000648,{{TENANT_ID}},WAREHOUSE,NX07_IP_WHITELIST,FALSE,FALSE,FALSE,FALSE,FALSE,TRUE,ALL,NOW(),NX01USER0000001,NOW(),NX01USER0000001
NX01RVEW0000649,{{TENANT_ID}},FINANCE,NX07_IP_WHITELIST,FALSE,FALSE,FALSE,FALSE,FALSE,TRUE,ALL,NOW(),NX01USER0000001,NOW(),NX01USER0000001
NX01RVEW0000651,{{TENANT_ID}},HR,NX07_IP_WHITELIST,TRUE,FALSE,FALSE,FALSE,FALSE,TRUE,ALL,NOW(),NX01USER0000001,NOW(),NX01USER0000001
NX01RVEW0000652,{{TENANT_ID}},SYSADMIN,NX08_DASHBOARD,TRUE,FALSE,FALSE,FALSE,FALSE,TRUE,ALL,NOW(),NX01USER0000001,NOW(),NX01USER0000001
NX01RVEW0000653,{{TENANT_ID}},PURCHASE,NX08_DASHBOARD,TRUE,FALSE,FALSE,FALSE,FALSE,TRUE,ALL,NOW(),NX01USER0000001,NOW(),NX01USER0000001
NX01RVEW0000654,{{TENANT_ID}},SALES,NX08_DASHBOARD,TRUE,FALSE,FALSE,FALSE,FALSE,TRUE,ALL,NOW(),NX01USER0000001,NOW(),NX01USER0000001
NX01RVEW0000655,{{TENANT_ID}},WAREHOUSE,NX08_DASHBOARD,TRUE,FALSE,FALSE,FALSE,FALSE,TRUE,ALL,NOW(),NX01USER0000001,NOW(),NX01USER0000001
NX01RVEW0000656,{{TENANT_ID}},FINANCE,NX08_DASHBOARD,TRUE,FALSE,FALSE,FALSE,FALSE,TRUE,ALL,NOW(),NX01USER0000001,NOW(),NX01USER0000001
NX01RVEW0000658,{{TENANT_ID}},HR,NX08_DASHBOARD,TRUE,FALSE,FALSE,FALSE,FALSE,TRUE,ALL,NOW(),NX01USER0000001,NOW(),NX01USER0000001
NX01RVEW0000659,{{TENANT_ID}},SYSADMIN,NX08_DAILY_REPORT,TRUE,FALSE,FALSE,FALSE,TRUE,TRUE,ALL,NOW(),NX01USER0000001,NOW(),NX01USER0000001
NX01RVEW0000660,{{TENANT_ID}},PURCHASE,NX08_DAILY_REPORT,TRUE,TRUE,TRUE,FALSE,FALSE,TRUE,ALL,NOW(),NX01USER0000001,NOW(),NX01USER0000001
NX01RVEW0000661,{{TENANT_ID}},SALES,NX08_DAILY_REPORT,TRUE,TRUE,TRUE,FALSE,FALSE,TRUE,ALL,NOW(),NX01USER0000001,NOW(),NX01USER0000001
NX01RVEW0000662,{{TENANT_ID}},WAREHOUSE,NX08_DAILY_REPORT,TRUE,TRUE,TRUE,FALSE,FALSE,TRUE,ALL,NOW(),NX01USER0000001,NOW(),NX01USER0000001
NX01RVEW0000663,{{TENANT_ID}},FINANCE,NX08_DAILY_REPORT,TRUE,TRUE,TRUE,FALSE,FALSE,TRUE,ALL,NOW(),NX01USER0000001,NOW(),NX01USER0000001
NX01RVEW0000665,{{TENANT_ID}},HR,NX08_DAILY_REPORT,TRUE,TRUE,TRUE,FALSE,FALSE,TRUE,ALL,NOW(),NX01USER0000001,NOW(),NX01USER0000001
NX01RVEW0000666,{{TENANT_ID}},SYSADMIN,NX08_MONTHLY_REPORT,TRUE,FALSE,FALSE,FALSE,TRUE,TRUE,ALL,NOW(),NX01USER0000001,NOW(),NX01USER0000001
NX01RVEW0000667,{{TENANT_ID}},PURCHASE,NX08_MONTHLY_REPORT,TRUE,TRUE,TRUE,FALSE,FALSE,TRUE,ALL,NOW(),NX01USER0000001,NOW(),NX01USER0000001
NX01RVEW0000668,{{TENANT_ID}},SALES,NX08_MONTHLY_REPORT,TRUE,TRUE,TRUE,FALSE,FALSE,TRUE,ALL,NOW(),NX01USER0000001,NOW(),NX01USER0000001
NX01RVEW0000669,{{TENANT_ID}},WAREHOUSE,NX08_MONTHLY_REPORT,TRUE,TRUE,TRUE,FALSE,FALSE,TRUE,ALL,NOW(),NX01USER0000001,NOW(),NX01USER0000001
NX01RVEW0000670,{{TENANT_ID}},FINANCE,NX08_MONTHLY_REPORT,TRUE,TRUE,TRUE,FALSE,FALSE,TRUE,ALL,NOW(),NX01USER0000001,NOW(),NX01USER0000001
NX01RVEW0000672,{{TENANT_ID}},HR,NX08_MONTHLY_REPORT,TRUE,TRUE,TRUE,FALSE,FALSE,TRUE,ALL,NOW(),NX01USER0000001,NOW(),NX01USER0000001
NX01RVEW0000673,{{TENANT_ID}},SYSADMIN,NX08_SALES_ANALYSIS,TRUE,FALSE,FALSE,FALSE,TRUE,TRUE,ALL,NOW(),NX01USER0000001,NOW(),NX01USER0000001
NX01RVEW0000674,{{TENANT_ID}},PURCHASE,NX08_SALES_ANALYSIS,TRUE,FALSE,FALSE,FALSE,FALSE,TRUE,ALL,NOW(),NX01USER0000001,NOW(),NX01USER0000001
NX01RVEW0000675,{{TENANT_ID}},SALES,NX08_SALES_ANALYSIS,TRUE,FALSE,FALSE,FALSE,TRUE,TRUE,ALL,NOW(),NX01USER0000001,NOW(),NX01USER0000001
NX01RVEW0000676,{{TENANT_ID}},WAREHOUSE,NX08_SALES_ANALYSIS,FALSE,FALSE,FALSE,FALSE,FALSE,TRUE,ALL,NOW(),NX01USER0000001,NOW(),NX01USER0000001
NX01RVEW0000677,{{TENANT_ID}},FINANCE,NX08_SALES_ANALYSIS,TRUE,FALSE,FALSE,FALSE,FALSE,TRUE,ALL,NOW(),NX01USER0000001,NOW(),NX01USER0000001
NX01RVEW0000679,{{TENANT_ID}},HR,NX08_SALES_ANALYSIS,FALSE,FALSE,FALSE,FALSE,FALSE,TRUE,ALL,NOW(),NX01USER0000001,NOW(),NX01USER0000001
NX01RVEW0000680,{{TENANT_ID}},SYSADMIN,NX08_PURCHASE_ANALYSIS,TRUE,FALSE,FALSE,FALSE,TRUE,TRUE,ALL,NOW(),NX01USER0000001,NOW(),NX01USER0000001
NX01RVEW0000681,{{TENANT_ID}},PURCHASE,NX08_PURCHASE_ANALYSIS,TRUE,FALSE,FALSE,FALSE,TRUE,TRUE,ALL,NOW(),NX01USER0000001,NOW(),NX01USER0000001
NX01RVEW0000682,{{TENANT_ID}},SALES,NX08_PURCHASE_ANALYSIS,FALSE,FALSE,FALSE,FALSE,FALSE,TRUE,ALL,NOW(),NX01USER0000001,NOW(),NX01USER0000001
NX01RVEW0000683,{{TENANT_ID}},WAREHOUSE,NX08_PURCHASE_ANALYSIS,FALSE,FALSE,FALSE,FALSE,FALSE,TRUE,ALL,NOW(),NX01USER0000001,NOW(),NX01USER0000001
NX01RVEW0000684,{{TENANT_ID}},FINANCE,NX08_PURCHASE_ANALYSIS,TRUE,FALSE,FALSE,FALSE,FALSE,TRUE,ALL,NOW(),NX01USER0000001,NOW(),NX01USER0000001
NX01RVEW0000686,{{TENANT_ID}},HR,NX08_PURCHASE_ANALYSIS,FALSE,FALSE,FALSE,FALSE,FALSE,TRUE,ALL,NOW(),NX01USER0000001,NOW(),NX01USER0000001
NX01RVEW0000687,{{TENANT_ID}},SYSADMIN,NX08_INVENTORY_ANALYSIS,TRUE,FALSE,FALSE,FALSE,TRUE,TRUE,ALL,NOW(),NX01USER0000001,NOW(),NX01USER0000001
NX01RVEW0000688,{{TENANT_ID}},PURCHASE,NX08_INVENTORY_ANALYSIS,TRUE,FALSE,FALSE,FALSE,TRUE,TRUE,ALL,NOW(),NX01USER0000001,NOW(),NX01USER0000001
NX01RVEW0000689,{{TENANT_ID}},SALES,NX08_INVENTORY_ANALYSIS,TRUE,FALSE,FALSE,FALSE,FALSE,TRUE,ALL,NOW(),NX01USER0000001,NOW(),NX01USER0000001
NX01RVEW0000690,{{TENANT_ID}},WAREHOUSE,NX08_INVENTORY_ANALYSIS,TRUE,FALSE,FALSE,FALSE,TRUE,TRUE,ALL,NOW(),NX01USER0000001,NOW(),NX01USER0000001
NX01RVEW0000691,{{TENANT_ID}},FINANCE,NX08_INVENTORY_ANALYSIS,TRUE,FALSE,FALSE,FALSE,FALSE,TRUE,ALL,NOW(),NX01USER0000001,NOW(),NX01USER0000001
NX01RVEW0000693,{{TENANT_ID}},HR,NX08_INVENTORY_ANALYSIS,FALSE,FALSE,FALSE,FALSE,FALSE,TRUE,ALL,NOW(),NX01USER0000001,NOW(),NX01USER0000001
NX01RVEW0000694,{{TENANT_ID}},SYSADMIN,NX08_FINANCE_ANALYSIS,TRUE,FALSE,FALSE,FALSE,TRUE,TRUE,ALL,NOW(),NX01USER0000001,NOW(),NX01USER0000001
NX01RVEW0000695,{{TENANT_ID}},PURCHASE,NX08_FINANCE_ANALYSIS,FALSE,FALSE,FALSE,FALSE,FALSE,TRUE,ALL,NOW(),NX01USER0000001,NOW(),NX01USER0000001
NX01RVEW0000696,{{TENANT_ID}},SALES,NX08_FINANCE_ANALYSIS,FALSE,FALSE,FALSE,FALSE,FALSE,TRUE,ALL,NOW(),NX01USER0000001,NOW(),NX01USER0000001
NX01RVEW0000697,{{TENANT_ID}},WAREHOUSE,NX08_FINANCE_ANALYSIS,FALSE,FALSE,FALSE,FALSE,FALSE,TRUE,ALL,NOW(),NX01USER0000001,NOW(),NX01USER0000001
NX01RVEW0000698,{{TENANT_ID}},FINANCE,NX08_FINANCE_ANALYSIS,TRUE,FALSE,FALSE,FALSE,TRUE,TRUE,ALL,NOW(),NX01USER0000001,NOW(),NX01USER0000001
NX01RVEW0000700,{{TENANT_ID}},HR,NX08_FINANCE_ANALYSIS,FALSE,FALSE,FALSE,FALSE,FALSE,TRUE,ALL,NOW(),NX01USER0000001,NOW(),NX01USER0000001
NX01RVEW0000701,{{TENANT_ID}},SYSADMIN,NX08_HR_ANALYSIS,TRUE,FALSE,FALSE,FALSE,TRUE,TRUE,ALL,NOW(),NX01USER0000001,NOW(),NX01USER0000001
NX01RVEW0000702,{{TENANT_ID}},PURCHASE,NX08_HR_ANALYSIS,FALSE,FALSE,FALSE,FALSE,FALSE,TRUE,ALL,NOW(),NX01USER0000001,NOW(),NX01USER0000001
NX01RVEW0000703,{{TENANT_ID}},SALES,NX08_HR_ANALYSIS,FALSE,FALSE,FALSE,FALSE,FALSE,TRUE,ALL,NOW(),NX01USER0000001,NOW(),NX01USER0000001
NX01RVEW0000704,{{TENANT_ID}},WAREHOUSE,NX08_HR_ANALYSIS,FALSE,FALSE,FALSE,FALSE,FALSE,TRUE,ALL,NOW(),NX01USER0000001,NOW(),NX01USER0000001
NX01RVEW0000705,{{TENANT_ID}},FINANCE,NX08_HR_ANALYSIS,FALSE,FALSE,FALSE,FALSE,FALSE,TRUE,ALL,NOW(),NX01USER0000001,NOW(),NX01USER0000001
NX01RVEW0000707,{{TENANT_ID}},HR,NX08_HR_ANALYSIS,TRUE,FALSE,FALSE,FALSE,TRUE,TRUE,ALL,NOW(),NX01USER0000001,NOW(),NX01USER0000001
NX01RVEW0000708,{{TENANT_ID}},SYSADMIN,NX08_PARTNER_ANALYSIS,TRUE,FALSE,FALSE,FALSE,TRUE,TRUE,ALL,NOW(),NX01USER0000001,NOW(),NX01USER0000001
NX01RVEW0000709,{{TENANT_ID}},PURCHASE,NX08_PARTNER_ANALYSIS,TRUE,FALSE,FALSE,FALSE,TRUE,TRUE,ALL,NOW(),NX01USER0000001,NOW(),NX01USER0000001
NX01RVEW0000710,{{TENANT_ID}},SALES,NX08_PARTNER_ANALYSIS,FALSE,FALSE,FALSE,FALSE,FALSE,TRUE,ALL,NOW(),NX01USER0000001,NOW(),NX01USER0000001
NX01RVEW0000711,{{TENANT_ID}},WAREHOUSE,NX08_PARTNER_ANALYSIS,FALSE,FALSE,FALSE,FALSE,FALSE,TRUE,ALL,NOW(),NX01USER0000001,NOW(),NX01USER0000001
NX01RVEW0000712,{{TENANT_ID}},FINANCE,NX08_PARTNER_ANALYSIS,TRUE,FALSE,FALSE,FALSE,FALSE,TRUE,ALL,NOW(),NX01USER0000001,NOW(),NX01USER0000001
NX01RVEW0000714,{{TENANT_ID}},HR,NX08_PARTNER_ANALYSIS,FALSE,FALSE,FALSE,FALSE,FALSE,TRUE,ALL,NOW(),NX01USER0000001,NOW(),NX01USER0000001
NX01RVEW0000715,{{TENANT_ID}},SYSADMIN,NX08_BIZ_ANALYSIS,TRUE,FALSE,FALSE,FALSE,TRUE,TRUE,ALL,NOW(),NX01USER0000001,NOW(),NX01USER0000001
NX01RVEW0000716,{{TENANT_ID}},PURCHASE,NX08_BIZ_ANALYSIS,FALSE,FALSE,FALSE,FALSE,FALSE,TRUE,ALL,NOW(),NX01USER0000001,NOW(),NX01USER0000001
NX01RVEW0000717,{{TENANT_ID}},SALES,NX08_BIZ_ANALYSIS,FALSE,FALSE,FALSE,FALSE,FALSE,TRUE,ALL,NOW(),NX01USER0000001,NOW(),NX01USER0000001
NX01RVEW0000718,{{TENANT_ID}},WAREHOUSE,NX08_BIZ_ANALYSIS,FALSE,FALSE,FALSE,FALSE,FALSE,TRUE,ALL,NOW(),NX01USER0000001,NOW(),NX01USER0000001
NX01RVEW0000719,{{TENANT_ID}},FINANCE,NX08_BIZ_ANALYSIS,FALSE,FALSE,FALSE,FALSE,FALSE,TRUE,ALL,NOW(),NX01USER0000001,NOW(),NX01USER0000001
NX01RVEW0000721,{{TENANT_ID}},HR,NX08_BIZ_ANALYSIS,FALSE,FALSE,FALSE,FALSE,FALSE,TRUE,ALL,NOW(),NX01USER0000001,NOW(),NX01USER0000001
NX01RVEW0000722,{{TENANT_ID}},SYSADMIN,NX08_SWOT,TRUE,TRUE,TRUE,TRUE,TRUE,TRUE,ALL,NOW(),NX01USER0000001,NOW(),NX01USER0000001
NX01RVEW0000723,{{TENANT_ID}},PURCHASE,NX08_SWOT,TRUE,FALSE,FALSE,FALSE,FALSE,TRUE,ALL,NOW(),NX01USER0000001,NOW(),NX01USER0000001
NX01RVEW0000724,{{TENANT_ID}},SALES,NX08_SWOT,TRUE,FALSE,FALSE,FALSE,FALSE,TRUE,ALL,NOW(),NX01USER0000001,NOW(),NX01USER0000001
NX01RVEW0000725,{{TENANT_ID}},WAREHOUSE,NX08_SWOT,FALSE,FALSE,FALSE,FALSE,FALSE,TRUE,ALL,NOW(),NX01USER0000001,NOW(),NX01USER0000001
NX01RVEW0000726,{{TENANT_ID}},FINANCE,NX08_SWOT,TRUE,FALSE,FALSE,FALSE,FALSE,TRUE,ALL,NOW(),NX01USER0000001,NOW(),NX01USER0000001
NX01RVEW0000728,{{TENANT_ID}},HR,NX08_SWOT,FALSE,FALSE,FALSE,FALSE,FALSE,TRUE,ALL,NOW(),NX01USER0000001,NOW(),NX01USER0000001
NX01RVEW0000729,{{TENANT_ID}},SYSADMIN,NX08_PESTEL,TRUE,TRUE,TRUE,TRUE,TRUE,TRUE,ALL,NOW(),NX01USER0000001,NOW(),NX01USER0000001
NX01RVEW0000730,{{TENANT_ID}},PURCHASE,NX08_PESTEL,TRUE,FALSE,FALSE,FALSE,FALSE,TRUE,ALL,NOW(),NX01USER0000001,NOW(),NX01USER0000001
NX01RVEW0000731,{{TENANT_ID}},SALES,NX08_PESTEL,TRUE,FALSE,FALSE,FALSE,FALSE,TRUE,ALL,NOW(),NX01USER0000001,NOW(),NX01USER0000001
NX01RVEW0000732,{{TENANT_ID}},WAREHOUSE,NX08_PESTEL,FALSE,FALSE,FALSE,FALSE,FALSE,TRUE,ALL,NOW(),NX01USER0000001,NOW(),NX01USER0000001
NX01RVEW0000733,{{TENANT_ID}},FINANCE,NX08_PESTEL,FALSE,FALSE,FALSE,FALSE,FALSE,TRUE,ALL,NOW(),NX01USER0000001,NOW(),NX01USER0000001
NX01RVEW0000735,{{TENANT_ID}},HR,NX08_PESTEL,FALSE,FALSE,FALSE,FALSE,FALSE,TRUE,ALL,NOW(),NX01USER0000001,NOW(),NX01USER0000001
NX01RVEW0000736,{{TENANT_ID}},SYSADMIN,NX09_KM,TRUE,TRUE,TRUE,TRUE,TRUE,TRUE,ALL,NOW(),NX01USER0000001,NOW(),NX01USER0000001
NX01RVEW0000737,{{TENANT_ID}},PURCHASE,NX09_KM,TRUE,TRUE,TRUE,FALSE,FALSE,TRUE,ALL,NOW(),NX01USER0000001,NOW(),NX01USER0000001
NX01RVEW0000738,{{TENANT_ID}},SALES,NX09_KM,TRUE,TRUE,TRUE,FALSE,FALSE,TRUE,ALL,NOW(),NX01USER0000001,NOW(),NX01USER0000001
NX01RVEW0000739,{{TENANT_ID}},WAREHOUSE,NX09_KM,TRUE,TRUE,TRUE,FALSE,FALSE,TRUE,ALL,NOW(),NX01USER0000001,NOW(),NX01USER0000001
NX01RVEW0000740,{{TENANT_ID}},FINANCE,NX09_KM,TRUE,TRUE,TRUE,FALSE,FALSE,TRUE,ALL,NOW(),NX01USER0000001,NOW(),NX01USER0000001
NX01RVEW0000742,{{TENANT_ID}},HR,NX09_KM,TRUE,TRUE,TRUE,FALSE,FALSE,TRUE,ALL,NOW(),NX01USER0000001,NOW(),NX01USER0000001
NX01RVEW0000743,{{TENANT_ID}},SYSADMIN,NX09_KM_TAG,TRUE,TRUE,TRUE,TRUE,TRUE,TRUE,ALL,NOW(),NX01USER0000001,NOW(),NX01USER0000001
NX01RVEW0000744,{{TENANT_ID}},PURCHASE,NX09_KM_TAG,TRUE,FALSE,FALSE,FALSE,FALSE,TRUE,ALL,NOW(),NX01USER0000001,NOW(),NX01USER0000001
NX01RVEW0000745,{{TENANT_ID}},SALES,NX09_KM_TAG,TRUE,FALSE,FALSE,FALSE,FALSE,TRUE,ALL,NOW(),NX01USER0000001,NOW(),NX01USER0000001
NX01RVEW0000746,{{TENANT_ID}},WAREHOUSE,NX09_KM_TAG,TRUE,FALSE,FALSE,FALSE,FALSE,TRUE,ALL,NOW(),NX01USER0000001,NOW(),NX01USER0000001
NX01RVEW0000747,{{TENANT_ID}},FINANCE,NX09_KM_TAG,TRUE,FALSE,FALSE,FALSE,FALSE,TRUE,ALL,NOW(),NX01USER0000001,NOW(),NX01USER0000001
NX01RVEW0000749,{{TENANT_ID}},HR,NX09_KM_TAG,TRUE,FALSE,FALSE,FALSE,FALSE,TRUE,ALL,NOW(),NX01USER0000001,NOW(),NX01USER0000001
NX01RVEW0000750,{{TENANT_ID}},SYSADMIN,NX09_DOCUMENT,TRUE,TRUE,TRUE,TRUE,TRUE,TRUE,ALL,NOW(),NX01USER0000001,NOW(),NX01USER0000001
NX01RVEW0000751,{{TENANT_ID}},PURCHASE,NX09_DOCUMENT,TRUE,FALSE,FALSE,FALSE,FALSE,TRUE,ALL,NOW(),NX01USER0000001,NOW(),NX01USER0000001
NX01RVEW0000752,{{TENANT_ID}},SALES,NX09_DOCUMENT,TRUE,FALSE,FALSE,FALSE,FALSE,TRUE,ALL,NOW(),NX01USER0000001,NOW(),NX01USER0000001
NX01RVEW0000753,{{TENANT_ID}},WAREHOUSE,NX09_DOCUMENT,TRUE,FALSE,FALSE,FALSE,FALSE,TRUE,ALL,NOW(),NX01USER0000001,NOW(),NX01USER0000001
NX01RVEW0000754,{{TENANT_ID}},FINANCE,NX09_DOCUMENT,TRUE,FALSE,FALSE,FALSE,FALSE,TRUE,ALL,NOW(),NX01USER0000001,NOW(),NX01USER0000001
NX01RVEW0000756,{{TENANT_ID}},HR,NX09_DOCUMENT,TRUE,TRUE,TRUE,FALSE,FALSE,TRUE,ALL,NOW(),NX01USER0000001,NOW(),NX01USER0000001
NX01RVEW0000757,{{TENANT_ID}},SYSADMIN,NX09_MEETING,TRUE,TRUE,TRUE,TRUE,TRUE,TRUE,ALL,NOW(),NX01USER0000001,NOW(),NX01USER0000001
NX01RVEW0000758,{{TENANT_ID}},PURCHASE,NX09_MEETING,TRUE,TRUE,TRUE,FALSE,FALSE,TRUE,ALL,NOW(),NX01USER0000001,NOW(),NX01USER0000001
NX01RVEW0000759,{{TENANT_ID}},SALES,NX09_MEETING,TRUE,TRUE,TRUE,FALSE,FALSE,TRUE,ALL,NOW(),NX01USER0000001,NOW(),NX01USER0000001
NX01RVEW0000760,{{TENANT_ID}},WAREHOUSE,NX09_MEETING,TRUE,TRUE,TRUE,FALSE,FALSE,TRUE,ALL,NOW(),NX01USER0000001,NOW(),NX01USER0000001
NX01RVEW0000761,{{TENANT_ID}},FINANCE,NX09_MEETING,TRUE,TRUE,TRUE,FALSE,FALSE,TRUE,ALL,NOW(),NX01USER0000001,NOW(),NX01USER0000001
NX01RVEW0000763,{{TENANT_ID}},HR,NX09_MEETING,TRUE,TRUE,TRUE,FALSE,FALSE,TRUE,ALL,NOW(),NX01USER0000001,NOW(),NX01USER0000001
NX01RVEW0000764,{{TENANT_ID}},SYSADMIN,NX09_MEETING_ACTION,TRUE,FALSE,FALSE,FALSE,FALSE,TRUE,ALL,NOW(),NX01USER0000001,NOW(),NX01USER0000001
NX01RVEW0000765,{{TENANT_ID}},PURCHASE,NX09_MEETING_ACTION,TRUE,TRUE,TRUE,FALSE,FALSE,TRUE,ALL,NOW(),NX01USER0000001,NOW(),NX01USER0000001
NX01RVEW0000766,{{TENANT_ID}},SALES,NX09_MEETING_ACTION,TRUE,TRUE,TRUE,FALSE,FALSE,TRUE,ALL,NOW(),NX01USER0000001,NOW(),NX01USER0000001
NX01RVEW0000767,{{TENANT_ID}},WAREHOUSE,NX09_MEETING_ACTION,TRUE,TRUE,TRUE,FALSE,FALSE,TRUE,ALL,NOW(),NX01USER0000001,NOW(),NX01USER0000001
NX01RVEW0000768,{{TENANT_ID}},FINANCE,NX09_MEETING_ACTION,TRUE,TRUE,TRUE,FALSE,FALSE,TRUE,ALL,NOW(),NX01USER0000001,NOW(),NX01USER0000001
NX01RVEW0000770,{{TENANT_ID}},HR,NX09_MEETING_ACTION,TRUE,TRUE,TRUE,FALSE,FALSE,TRUE,ALL,NOW(),NX01USER0000001,NOW(),NX01USER0000001
NX01RVEW0000827,{{TENANT_ID}},OWNER,SYS_DASHBOARD,TRUE,TRUE,TRUE,TRUE,TRUE,TRUE,ALL,NOW(),NX01USER0000001,NOW(),NX01USER0000001
NX01RVEW0000828,{{TENANT_ID}},OWNER,SYS_PROFILE,TRUE,TRUE,TRUE,FALSE,FALSE,TRUE,ALL,NOW(),NX01USER0000001,NOW(),NX01USER0000001
NX01RVEW0000829,{{TENANT_ID}},OWNER,SYS_NOTIFICATION,TRUE,FALSE,FALSE,FALSE,FALSE,TRUE,ALL,NOW(),NX01USER0000001,NOW(),NX01USER0000001
NX01RVEW0000830,{{TENANT_ID}},OWNER,SYS_PLAN,TRUE,FALSE,FALSE,FALSE,FALSE,TRUE,ALL,NOW(),NX01USER0000001,NOW(),NX01USER0000001
NX01RVEW0000831,{{TENANT_ID}},OWNER,NX01_USER,TRUE,TRUE,TRUE,TRUE,TRUE,TRUE,ALL,NOW(),NX01USER0000001,NOW(),NX01USER0000001
NX01RVEW0000832,{{TENANT_ID}},OWNER,NX01_ROLE,TRUE,TRUE,TRUE,TRUE,TRUE,TRUE,ALL,NOW(),NX01USER0000001,NOW(),NX01USER0000001
NX01RVEW0000833,{{TENANT_ID}},OWNER,NX01_ROLE_VIEW,TRUE,TRUE,TRUE,TRUE,TRUE,TRUE,ALL,NOW(),NX01USER0000001,NOW(),NX01USER0000001
NX01RVEW0000834,{{TENANT_ID}},OWNER,NX01_PART,TRUE,TRUE,TRUE,TRUE,TRUE,TRUE,ALL,NOW(),NX01USER0000001,NOW(),NX01USER0000001
NX01RVEW0000835,{{TENANT_ID}},OWNER,NX01_PART_PRICE,TRUE,TRUE,TRUE,TRUE,TRUE,TRUE,ALL,NOW(),NX01USER0000001,NOW(),NX01USER0000001
NX01RVEW0000836,{{TENANT_ID}},OWNER,NX01_PART_BRAND,TRUE,TRUE,TRUE,TRUE,TRUE,TRUE,ALL,NOW(),NX01USER0000001,NOW(),NX01USER0000001
NX01RVEW0000837,{{TENANT_ID}},OWNER,NX01_PART_GROUP,TRUE,TRUE,TRUE,TRUE,TRUE,TRUE,ALL,NOW(),NX01USER0000001,NOW(),NX01USER0000001
NX01RVEW0000838,{{TENANT_ID}},OWNER,NX01_CAR_BRAND,TRUE,TRUE,TRUE,TRUE,TRUE,TRUE,ALL,NOW(),NX01USER0000001,NOW(),NX01USER0000001
NX01RVEW0000839,{{TENANT_ID}},OWNER,NX01_BRAND_RULE,TRUE,TRUE,TRUE,TRUE,TRUE,TRUE,ALL,NOW(),NX01USER0000001,NOW(),NX01USER0000001
NX01RVEW0000840,{{TENANT_ID}},OWNER,NX01_PARTNER,TRUE,TRUE,TRUE,TRUE,TRUE,TRUE,ALL,NOW(),NX01USER0000001,NOW(),NX01USER0000001
NX01RVEW0000841,{{TENANT_ID}},OWNER,NX01_PARTNER_CREDIT,TRUE,TRUE,TRUE,TRUE,TRUE,TRUE,ALL,NOW(),NX01USER0000001,NOW(),NX01USER0000001
NX01RVEW0000842,{{TENANT_ID}},OWNER,NX01_CUSTOMER_GRADE,TRUE,TRUE,TRUE,TRUE,TRUE,TRUE,ALL,NOW(),NX01USER0000001,NOW(),NX01USER0000001
NX01RVEW0000843,{{TENANT_ID}},OWNER,NX01_DISCOUNT_CODE,TRUE,TRUE,TRUE,TRUE,TRUE,TRUE,ALL,NOW(),NX01USER0000001,NOW(),NX01USER0000001
NX01RVEW0000844,{{TENANT_ID}},OWNER,NX01_WAREHOUSE,TRUE,TRUE,TRUE,TRUE,TRUE,TRUE,ALL,NOW(),NX01USER0000001,NOW(),NX01USER0000001
NX01RVEW0000845,{{TENANT_ID}},OWNER,NX01_LOCATION,TRUE,TRUE,TRUE,TRUE,TRUE,TRUE,ALL,NOW(),NX01USER0000001,NOW(),NX01USER0000001
NX01RVEW0000846,{{TENANT_ID}},OWNER,NX01_WAREHOUSE_TYPE,TRUE,TRUE,TRUE,TRUE,TRUE,TRUE,ALL,NOW(),NX01USER0000001,NOW(),NX01USER0000001
NX01RVEW0000847,{{TENANT_ID}},OWNER,NX01_USER_WAREHOUSE,TRUE,TRUE,TRUE,TRUE,TRUE,TRUE,ALL,NOW(),NX01USER0000001,NOW(),NX01USER0000001
NX01RVEW0000848,{{TENANT_ID}},OWNER,NX01_DEPARTMENT,TRUE,TRUE,TRUE,TRUE,TRUE,TRUE,ALL,NOW(),NX01USER0000001,NOW(),NX01USER0000001
NX01RVEW0000849,{{TENANT_ID}},OWNER,NX01_TEAM,TRUE,TRUE,TRUE,TRUE,TRUE,TRUE,ALL,NOW(),NX01USER0000001,NOW(),NX01USER0000001
NX01RVEW0000850,{{TENANT_ID}},OWNER,NX01_USER_TEAM,TRUE,TRUE,TRUE,TRUE,TRUE,TRUE,ALL,NOW(),NX01USER0000001,NOW(),NX01USER0000001
NX01RVEW0000851,{{TENANT_ID}},OWNER,NX01_COUNTRY,TRUE,TRUE,TRUE,TRUE,TRUE,TRUE,ALL,NOW(),NX01USER0000001,NOW(),NX01USER0000001
NX01RVEW0000852,{{TENANT_ID}},OWNER,NX01_CURRENCY,TRUE,TRUE,TRUE,TRUE,TRUE,TRUE,ALL,NOW(),NX01USER0000001,NOW(),NX01USER0000001
NX01RVEW0000853,{{TENANT_ID}},OWNER,NX01_BULLETIN,TRUE,TRUE,TRUE,TRUE,TRUE,TRUE,ALL,NOW(),NX01USER0000001,NOW(),NX01USER0000001
NX01RVEW0000854,{{TENANT_ID}},OWNER,NX01_CALENDAR,TRUE,TRUE,TRUE,TRUE,TRUE,TRUE,ALL,NOW(),NX01USER0000001,NOW(),NX01USER0000001
NX01RVEW0000855,{{TENANT_ID}},OWNER,NX01_AUDIT_LOG,TRUE,FALSE,FALSE,FALSE,TRUE,TRUE,ALL,NOW(),NX01USER0000001,NOW(),NX01USER0000001
NX01RVEW0000856,{{TENANT_ID}},OWNER,NX01_KPI_TEMPLATE,TRUE,TRUE,TRUE,TRUE,TRUE,TRUE,ALL,NOW(),NX01USER0000001,NOW(),NX01USER0000001
NX01RVEW0000857,{{TENANT_ID}},OWNER,NX01_KPI_TARGET,TRUE,TRUE,TRUE,TRUE,TRUE,TRUE,ALL,NOW(),NX01USER0000001,NOW(),NX01USER0000001
NX01RVEW0000858,{{TENANT_ID}},OWNER,NX01_KPI_RECORD,TRUE,FALSE,FALSE,FALSE,TRUE,TRUE,ALL,NOW(),NX01USER0000001,NOW(),NX01USER0000001
NX01RVEW0000859,{{TENANT_ID}},OWNER,NX02_DASHBOARD,TRUE,FALSE,FALSE,FALSE,FALSE,TRUE,ALL,NOW(),NX01USER0000001,NOW(),NX01USER0000001
NX01RVEW0000860,{{TENANT_ID}},OWNER,NX02_DEMAND,TRUE,TRUE,TRUE,TRUE,TRUE,TRUE,ALL,NOW(),NX01USER0000001,NOW(),NX01USER0000001
NX01RVEW0000861,{{TENANT_ID}},OWNER,NX02_RFQ,TRUE,TRUE,TRUE,TRUE,TRUE,TRUE,ALL,NOW(),NX01USER0000001,NOW(),NX01USER0000001
NX01RVEW0000862,{{TENANT_ID}},OWNER,NX02_PO,TRUE,TRUE,TRUE,TRUE,TRUE,TRUE,ALL,NOW(),NX01USER0000001,NOW(),NX01USER0000001
NX01RVEW0000863,{{TENANT_ID}},OWNER,NX02_RR,TRUE,TRUE,TRUE,TRUE,TRUE,TRUE,ALL,NOW(),NX01USER0000001,NOW(),NX01USER0000001
NX01RVEW0000864,{{TENANT_ID}},OWNER,NX02_RR_IMPORT,TRUE,TRUE,TRUE,TRUE,TRUE,TRUE,ALL,NOW(),NX01USER0000001,NOW(),NX01USER0000001
NX01RVEW0000865,{{TENANT_ID}},OWNER,NX02_PR,TRUE,TRUE,TRUE,TRUE,TRUE,TRUE,ALL,NOW(),NX01USER0000001,NOW(),NX01USER0000001
NX01RVEW0000866,{{TENANT_ID}},OWNER,NX02_TI,TRUE,TRUE,TRUE,TRUE,TRUE,TRUE,ALL,NOW(),NX01USER0000001,NOW(),NX01USER0000001
NX01RVEW0000867,{{TENANT_ID}},OWNER,NX02_WARRANTY,TRUE,TRUE,TRUE,TRUE,TRUE,TRUE,ALL,NOW(),NX01USER0000001,NOW(),NX01USER0000001
NX01RVEW0000868,{{TENANT_ID}},OWNER,NX02_PARTNER_EVAL,TRUE,TRUE,TRUE,TRUE,TRUE,TRUE,ALL,NOW(),NX01USER0000001,NOW(),NX01USER0000001
NX01RVEW0000869,{{TENANT_ID}},OWNER,NX02_STOCK_SETTING,TRUE,TRUE,TRUE,TRUE,TRUE,TRUE,ALL,NOW(),NX01USER0000001,NOW(),NX01USER0000001
NX01RVEW0000870,{{TENANT_ID}},OWNER,NX03_DASHBOARD,TRUE,FALSE,FALSE,FALSE,FALSE,TRUE,ALL,NOW(),NX01USER0000001,NOW(),NX01USER0000001
NX01RVEW0000871,{{TENANT_ID}},OWNER,NX03_BALANCE,TRUE,FALSE,FALSE,FALSE,TRUE,TRUE,ALL,NOW(),NX01USER0000001,NOW(),NX01USER0000001
NX01RVEW0000872,{{TENANT_ID}},OWNER,NX03_LEDGER,TRUE,FALSE,FALSE,FALSE,TRUE,TRUE,ALL,NOW(),NX01USER0000001,NOW(),NX01USER0000001
NX01RVEW0000873,{{TENANT_ID}},OWNER,NX03_INIT,TRUE,TRUE,TRUE,TRUE,TRUE,TRUE,ALL,NOW(),NX01USER0000001,NOW(),NX01USER0000001
NX01RVEW0000874,{{TENANT_ID}},OWNER,NX03_STOCK_TAKE,TRUE,TRUE,TRUE,TRUE,TRUE,TRUE,ALL,NOW(),NX01USER0000001,NOW(),NX01USER0000001
NX01RVEW0000875,{{TENANT_ID}},OWNER,NX03_TRANSFER,TRUE,TRUE,TRUE,TRUE,TRUE,TRUE,ALL,NOW(),NX01USER0000001,NOW(),NX01USER0000001
NX01RVEW0000876,{{TENANT_ID}},OWNER,NX03_SHORTAGE,TRUE,FALSE,FALSE,FALSE,FALSE,TRUE,ALL,NOW(),NX01USER0000001,NOW(),NX01USER0000001
NX01RVEW0000877,{{TENANT_ID}},OWNER,NX03_AUTO_REPLENISH,TRUE,TRUE,TRUE,TRUE,TRUE,TRUE,ALL,NOW(),NX01USER0000001,NOW(),NX01USER0000001
NX01RVEW0000878,{{TENANT_ID}},OWNER,NX03_PK,TRUE,TRUE,TRUE,TRUE,TRUE,TRUE,ALL,NOW(),NX01USER0000001,NOW(),NX01USER0000001
NX01RVEW0000879,{{TENANT_ID}},OWNER,NX03_PL,TRUE,TRUE,TRUE,TRUE,TRUE,TRUE,ALL,NOW(),NX01USER0000001,NOW(),NX01USER0000001
NX01RVEW0000880,{{TENANT_ID}},OWNER,NX03_PARCEL,TRUE,FALSE,FALSE,FALSE,FALSE,TRUE,ALL,NOW(),NX01USER0000001,NOW(),NX01USER0000001
NX01RVEW0000881,{{TENANT_ID}},OWNER,NX03_LOCATION_MGMT,TRUE,TRUE,TRUE,TRUE,TRUE,TRUE,ALL,NOW(),NX01USER0000001,NOW(),NX01USER0000001
NX01RVEW0000882,{{TENANT_ID}},OWNER,NX04_DASHBOARD,TRUE,FALSE,FALSE,FALSE,FALSE,TRUE,ALL,NOW(),NX01USER0000001,NOW(),NX01USER0000001
NX01RVEW0000883,{{TENANT_ID}},OWNER,NX04_QUOTE,TRUE,TRUE,TRUE,TRUE,TRUE,TRUE,ALL,NOW(),NX01USER0000001,NOW(),NX01USER0000001
NX01RVEW0000884,{{TENANT_ID}},OWNER,NX04_SO,TRUE,TRUE,TRUE,TRUE,TRUE,TRUE,ALL,NOW(),NX01USER0000001,NOW(),NX01USER0000001
NX01RVEW0000885,{{TENANT_ID}},OWNER,NX04_SR,TRUE,TRUE,TRUE,TRUE,TRUE,TRUE,ALL,NOW(),NX01USER0000001,NOW(),NX01USER0000001
NX01RVEW0000886,{{TENANT_ID}},OWNER,NX04_CUSTOMER_DEV,TRUE,TRUE,TRUE,TRUE,TRUE,TRUE,ALL,NOW(),NX01USER0000001,NOW(),NX01USER0000001
NX01RVEW0000887,{{TENANT_ID}},OWNER,NX04_CUSTOMER_GRADE_REQ,TRUE,TRUE,TRUE,TRUE,TRUE,TRUE,ALL,NOW(),NX01USER0000001,NOW(),NX01USER0000001
NX01RVEW0000888,{{TENANT_ID}},OWNER,NX04_CUSTOMER_FEEDBACK,TRUE,TRUE,TRUE,TRUE,TRUE,TRUE,ALL,NOW(),NX01USER0000001,NOW(),NX01USER0000001
NX01RVEW0000889,{{TENANT_ID}},OWNER,NX04_FOREIGN_SO,TRUE,TRUE,TRUE,TRUE,TRUE,TRUE,ALL,NOW(),NX01USER0000001,NOW(),NX01USER0000001
NX01RVEW0000890,{{TENANT_ID}},OWNER,NX05_DASHBOARD,TRUE,FALSE,FALSE,FALSE,FALSE,TRUE,ALL,NOW(),NX01USER0000001,NOW(),NX01USER0000001
NX01RVEW0000891,{{TENANT_ID}},OWNER,NX05_AR,TRUE,TRUE,TRUE,TRUE,TRUE,TRUE,ALL,NOW(),NX01USER0000001,NOW(),NX01USER0000001
NX01RVEW0000892,{{TENANT_ID}},OWNER,NX05_AR_COLLECT,TRUE,TRUE,TRUE,TRUE,TRUE,TRUE,ALL,NOW(),NX01USER0000001,NOW(),NX01USER0000001
NX01RVEW0000893,{{TENANT_ID}},OWNER,NX05_INVOICE,TRUE,TRUE,TRUE,TRUE,TRUE,TRUE,ALL,NOW(),NX01USER0000001,NOW(),NX01USER0000001
NX01RVEW0000894,{{TENANT_ID}},OWNER,NX05_AP,TRUE,TRUE,TRUE,TRUE,TRUE,TRUE,ALL,NOW(),NX01USER0000001,NOW(),NX01USER0000001
NX01RVEW0000895,{{TENANT_ID}},OWNER,NX05_PAYLOG,TRUE,TRUE,TRUE,TRUE,TRUE,TRUE,ALL,NOW(),NX01USER0000001,NOW(),NX01USER0000001
NX01RVEW0000896,{{TENANT_ID}},OWNER,NX05_NOTE,TRUE,TRUE,TRUE,TRUE,TRUE,TRUE,ALL,NOW(),NX01USER0000001,NOW(),NX01USER0000001
NX01RVEW0000897,{{TENANT_ID}},OWNER,NX05_ALLOWANCE,TRUE,TRUE,TRUE,TRUE,TRUE,TRUE,ALL,NOW(),NX01USER0000001,NOW(),NX01USER0000001
NX01RVEW0000898,{{TENANT_ID}},OWNER,NX05_CLOSING,TRUE,TRUE,TRUE,TRUE,TRUE,TRUE,ALL,NOW(),NX01USER0000001,NOW(),NX01USER0000001
NX01RVEW0000899,{{TENANT_ID}},OWNER,NX05_ACCOUNT_CODE,TRUE,TRUE,TRUE,TRUE,TRUE,TRUE,ALL,NOW(),NX01USER0000001,NOW(),NX01USER0000001
NX01RVEW0000900,{{TENANT_ID}},OWNER,NX06_DASHBOARD,TRUE,FALSE,FALSE,FALSE,FALSE,TRUE,ALL,NOW(),NX01USER0000001,NOW(),NX01USER0000001
NX01RVEW0000901,{{TENANT_ID}},OWNER,NX06_DN,TRUE,TRUE,TRUE,TRUE,TRUE,TRUE,ALL,NOW(),NX01USER0000001,NOW(),NX01USER0000001
NX01RVEW0000902,{{TENANT_ID}},OWNER,NX06_DN_DRIVER,TRUE,FALSE,FALSE,FALSE,FALSE,TRUE,ALL,NOW(),NX01USER0000001,NOW(),NX01USER0000001
NX01RVEW0000903,{{TENANT_ID}},OWNER,NX06_RETURN_PICKUP,TRUE,TRUE,TRUE,TRUE,TRUE,TRUE,ALL,NOW(),NX01USER0000001,NOW(),NX01USER0000001
NX01RVEW0000904,{{TENANT_ID}},OWNER,NX06_INTL_LOGISTICS,TRUE,TRUE,TRUE,TRUE,TRUE,TRUE,ALL,NOW(),NX01USER0000001,NOW(),NX01USER0000001
NX01RVEW0000905,{{TENANT_ID}},OWNER,NX07_EMPLOYEE,TRUE,TRUE,TRUE,TRUE,TRUE,TRUE,ALL,NOW(),NX01USER0000001,NOW(),NX01USER0000001
NX01RVEW0000906,{{TENANT_ID}},OWNER,NX07_ONBOARDING,TRUE,TRUE,TRUE,TRUE,TRUE,TRUE,ALL,NOW(),NX01USER0000001,NOW(),NX01USER0000001
NX01RVEW0000907,{{TENANT_ID}},OWNER,NX07_SHIFT_TYPE,TRUE,TRUE,TRUE,TRUE,TRUE,TRUE,ALL,NOW(),NX01USER0000001,NOW(),NX01USER0000001
NX01RVEW0000908,{{TENANT_ID}},OWNER,NX07_SCHEDULE,TRUE,TRUE,TRUE,TRUE,TRUE,TRUE,ALL,NOW(),NX01USER0000001,NOW(),NX01USER0000001
NX01RVEW0000909,{{TENANT_ID}},OWNER,NX07_ATTENDANCE,TRUE,TRUE,TRUE,TRUE,TRUE,TRUE,ALL,NOW(),NX01USER0000001,NOW(),NX01USER0000001
NX01RVEW0000910,{{TENANT_ID}},OWNER,NX07_LEAVE_TYPE,TRUE,TRUE,TRUE,TRUE,TRUE,TRUE,ALL,NOW(),NX01USER0000001,NOW(),NX01USER0000001
NX01RVEW0000911,{{TENANT_ID}},OWNER,NX07_LEAVE_BALANCE,TRUE,FALSE,FALSE,FALSE,FALSE,TRUE,ALL,NOW(),NX01USER0000001,NOW(),NX01USER0000001
NX01RVEW0000912,{{TENANT_ID}},OWNER,NX07_LEAVE_REQUEST,TRUE,TRUE,TRUE,TRUE,TRUE,TRUE,ALL,NOW(),NX01USER0000001,NOW(),NX01USER0000001
NX01RVEW0000913,{{TENANT_ID}},OWNER,NX07_OT_REQUEST,TRUE,TRUE,TRUE,TRUE,TRUE,TRUE,ALL,NOW(),NX01USER0000001,NOW(),NX01USER0000001
NX01RVEW0000914,{{TENANT_ID}},OWNER,NX07_TRAINING,TRUE,TRUE,TRUE,TRUE,TRUE,TRUE,ALL,NOW(),NX01USER0000001,NOW(),NX01USER0000001
NX01RVEW0000915,{{TENANT_ID}},OWNER,NX07_PERFORMANCE,TRUE,TRUE,TRUE,TRUE,TRUE,TRUE,ALL,NOW(),NX01USER0000001,NOW(),NX01USER0000001
NX01RVEW0000916,{{TENANT_ID}},OWNER,NX07_SALARY_SETTING,TRUE,TRUE,TRUE,TRUE,TRUE,TRUE,ALL,NOW(),NX01USER0000001,NOW(),NX01USER0000001
NX01RVEW0000917,{{TENANT_ID}},OWNER,NX07_SALARY_COMP,TRUE,TRUE,TRUE,TRUE,TRUE,TRUE,ALL,NOW(),NX01USER0000001,NOW(),NX01USER0000001
NX01RVEW0000918,{{TENANT_ID}},OWNER,NX07_SALARY_RECORD,TRUE,TRUE,TRUE,TRUE,TRUE,TRUE,ALL,NOW(),NX01USER0000001,NOW(),NX01USER0000001
NX01RVEW0000919,{{TENANT_ID}},OWNER,NX07_IP_WHITELIST,TRUE,TRUE,TRUE,TRUE,TRUE,TRUE,ALL,NOW(),NX01USER0000001,NOW(),NX01USER0000001
NX01RVEW0000920,{{TENANT_ID}},OWNER,NX08_DASHBOARD,TRUE,FALSE,FALSE,FALSE,FALSE,TRUE,ALL,NOW(),NX01USER0000001,NOW(),NX01USER0000001
NX01RVEW0000921,{{TENANT_ID}},OWNER,NX08_DAILY_REPORT,TRUE,FALSE,FALSE,FALSE,TRUE,TRUE,ALL,NOW(),NX01USER0000001,NOW(),NX01USER0000001
NX01RVEW0000922,{{TENANT_ID}},OWNER,NX08_MONTHLY_REPORT,TRUE,FALSE,FALSE,FALSE,TRUE,TRUE,ALL,NOW(),NX01USER0000001,NOW(),NX01USER0000001
NX01RVEW0000923,{{TENANT_ID}},OWNER,NX08_SALES_ANALYSIS,TRUE,FALSE,FALSE,FALSE,TRUE,TRUE,ALL,NOW(),NX01USER0000001,NOW(),NX01USER0000001
NX01RVEW0000924,{{TENANT_ID}},OWNER,NX08_PURCHASE_ANALYSIS,TRUE,FALSE,FALSE,FALSE,TRUE,TRUE,ALL,NOW(),NX01USER0000001,NOW(),NX01USER0000001
NX01RVEW0000925,{{TENANT_ID}},OWNER,NX08_INVENTORY_ANALYSIS,TRUE,FALSE,FALSE,FALSE,TRUE,TRUE,ALL,NOW(),NX01USER0000001,NOW(),NX01USER0000001
NX01RVEW0000926,{{TENANT_ID}},OWNER,NX08_FINANCE_ANALYSIS,TRUE,FALSE,FALSE,FALSE,TRUE,TRUE,ALL,NOW(),NX01USER0000001,NOW(),NX01USER0000001
NX01RVEW0000927,{{TENANT_ID}},OWNER,NX08_HR_ANALYSIS,TRUE,FALSE,FALSE,FALSE,TRUE,TRUE,ALL,NOW(),NX01USER0000001,NOW(),NX01USER0000001
NX01RVEW0000928,{{TENANT_ID}},OWNER,NX08_PARTNER_ANALYSIS,TRUE,FALSE,FALSE,FALSE,TRUE,TRUE,ALL,NOW(),NX01USER0000001,NOW(),NX01USER0000001
NX01RVEW0000929,{{TENANT_ID}},OWNER,NX08_BIZ_ANALYSIS,TRUE,FALSE,FALSE,FALSE,TRUE,TRUE,ALL,NOW(),NX01USER0000001,NOW(),NX01USER0000001
NX01RVEW0000930,{{TENANT_ID}},OWNER,NX08_SWOT,TRUE,TRUE,TRUE,TRUE,TRUE,TRUE,ALL,NOW(),NX01USER0000001,NOW(),NX01USER0000001
NX01RVEW0000931,{{TENANT_ID}},OWNER,NX08_PESTEL,TRUE,TRUE,TRUE,TRUE,TRUE,TRUE,ALL,NOW(),NX01USER0000001,NOW(),NX01USER0000001
NX01RVEW0000932,{{TENANT_ID}},OWNER,NX09_KM,TRUE,TRUE,TRUE,TRUE,TRUE,TRUE,ALL,NOW(),NX01USER0000001,NOW(),NX01USER0000001
NX01RVEW0000933,{{TENANT_ID}},OWNER,NX09_KM_TAG,TRUE,TRUE,TRUE,TRUE,TRUE,TRUE,ALL,NOW(),NX01USER0000001,NOW(),NX01USER0000001
NX01RVEW0000934,{{TENANT_ID}},OWNER,NX09_DOCUMENT,TRUE,TRUE,TRUE,TRUE,TRUE,TRUE,ALL,NOW(),NX01USER0000001,NOW(),NX01USER0000001
NX01RVEW0000935,{{TENANT_ID}},OWNER,NX09_MEETING,TRUE,TRUE,TRUE,TRUE,TRUE,TRUE,ALL,NOW(),NX01USER0000001,NOW(),NX01USER0000001
NX01RVEW0000936,{{TENANT_ID}},OWNER,NX09_MEETING_ACTION,TRUE,FALSE,FALSE,FALSE,FALSE,TRUE,ALL,NOW(),NX01USER0000001,NOW(),NX01USER0000001
